2025-03-18T10:52:34.448+05:30  WARN 8620 --- [org.springframework.amqp.rabbit.RabbitListenerEndpointContainer#0-1] s.a.r.l.ConditionalRejectingErrorHandler : Execution of Rabbit message listener failed.

org.springframework.amqp.rabbit.support.ListenerExecutionFailedException: Failed to convert message
	at org.springframework.amqp.rabbit.listener.adapter.MessagingMessageListenerAdapter.onMessage(MessagingMessageListenerAdapter.java:157) ~[spring-rabbit-3.2.3.jar:3.2.3]
	at org.springframework.amqp.rabbit.listener.AbstractMessageListenerContainer.doInvokeListener(AbstractMessageListenerContainer.java:1694) ~[spring-rabbit-3.2.3.jar:3.2.3]
	at org.springframework.amqp.rabbit.listener.AbstractMessageListenerContainer.actualInvokeListener(AbstractMessageListenerContainer.java:1616) ~[spring-rabbit-3.2.3.jar:3.2.3]
	at org.springframework.amqp.rabbit.listener.AbstractMessageListenerContainer.invokeListener(AbstractMessageListenerContainer.java:1604) ~[spring-rabbit-3.2.3.jar:3.2.3]
	at org.springframework.amqp.rabbit.listener.AbstractMessageListenerContainer.doExecuteListener(AbstractMessageListenerContainer.java:1595) ~[spring-rabbit-3.2.3.jar:3.2.3]
	at org.springframework.amqp.rabbit.listener.AbstractMessageListenerContainer.executeListenerAndHandleException(AbstractMessageListenerContainer.java:1540) ~[spring-rabbit-3.2.3.jar:3.2.3]
	at org.springframework.amqp.rabbit.listener.AbstractMessageListenerContainer.lambda$executeListener$8(AbstractMessageListenerContainer.java:1518) ~[spring-rabbit-3.2.3.jar:3.2.3]
	at io.micrometer.observation.Observation.observe(Observation.java:498) ~[micrometer-observation-1.14.4.jar:1.14.4]
	at org.springframework.amqp.rabbit.listener.AbstractMessageListenerContainer.executeListener(AbstractMessageListenerContainer.java:1518) ~[spring-rabbit-3.2.3.jar:3.2.3]
	at org.springframework.amqp.rabbit.listener.SimpleMessageListenerContainer.doReceiveAndExecute(SimpleMessageListenerContainer.java:1086) ~[spring-rabbit-3.2.3.jar:3.2.3]
	at org.springframework.amqp.rabbit.listener.SimpleMessageListenerContainer.receiveAndExecute(SimpleMessageListenerContainer.java:1022) ~[spring-rabbit-3.2.3.jar:3.2.3]
	at org.springframework.amqp.rabbit.listener.SimpleMessageListenerContainer$AsyncMessageProcessingConsumer.mainLoop(SimpleMessageListenerContainer.java:1425) ~[spring-rabbit-3.2.3.jar:3.2.3]
	at org.springframework.amqp.rabbit.listener.SimpleMessageListenerContainer$AsyncMessageProcessingConsumer.run(SimpleMessageListenerContainer.java:1326) ~[spring-rabbit-3.2.3.jar:3.2.3]
	at java.base/java.lang.Thread.run(Thread.java:1570) ~[na:na]
Caused by: java.lang.SecurityException: Attempt to deserialize unauthorized class com.example.AddressBookManagement.DTO.RabbitMQMessageDTO; add allowed class name patterns to the message converter or, if you trust the message originator, set environment variable 'SPRING_AMQP_DESERIALIZATION_TRUST_ALL' or system property 'spring.amqp.deserialization.trust.all' to true
	at org.springframework.amqp.utils.SerializationUtils.checkAllowedList(SerializationUtils.java:164) ~[spring-amqp-3.2.3.jar:3.2.3]
	at org.springframework.amqp.support.converter.AllowedListDeserializingMessageConverter.checkAllowedList(AllowedListDeserializingMessageConverter.java:62) ~[spring-amqp-3.2.3.jar:3.2.3]
	at org.springframework.amqp.support.converter.SimpleMessageConverter$1.resolveClass(SimpleMessageConverter.java:160) ~[spring-amqp-3.2.3.jar:3.2.3]
	at java.base/java.io.ObjectInputStream.readNonProxyDesc(ObjectInputStream.java:2046) ~[na:na]
	at java.base/java.io.ObjectInputStream.readClassDesc(ObjectInputStream.java:1912) ~[na:na]
	at java.base/java.io.ObjectInputStream.readOrdinaryObject(ObjectInputStream.java:2237) ~[na:na]
	at java.base/java.io.ObjectInputStream.readObject0(ObjectInputStream.java:1747) ~[na:na]
	at java.base/java.io.ObjectInputStream.readObject(ObjectInputStream.java:525) ~[na:na]
	at java.base/java.io.ObjectInputStream.readObject(ObjectInputStream.java:483) ~[na:na]
	at org.springframework.amqp.utils.SerializationUtils.deserialize(SerializationUtils.java:102) ~[spring-amqp-3.2.3.jar:3.2.3]
	at org.springframework.amqp.support.converter.SimpleMessageConverter.fromMessage(SimpleMessageConverter.java:93) ~[spring-amqp-3.2.3.jar:3.2.3]
	at org.springframework.amqp.rabbit.listener.adapter.AbstractAdaptableMessageListener.extractMessage(AbstractAdaptableMessageListener.java:349) ~[spring-rabbit-3.2.3.jar:3.2.3]
	at org.springframework.amqp.rabbit.listener.adapter.MessagingMessageListenerAdapter$MessagingMessageConverterAdapter.extractPayload(MessagingMessageListenerAdapter.java:378) ~[spring-rabbit-3.2.3.jar:3.2.3]
	at org.springframework.amqp.support.converter.MessagingMessageConverter.fromMessage(MessagingMessageConverter.java:132) ~[spring-amqp-3.2.3.jar:3.2.3]
	at org.springframework.amqp.rabbit.listener.adapter.MessagingMessageListenerAdapter.toMessagingMessage(MessagingMessageListenerAdapter.java:251) ~[spring-rabbit-3.2.3.jar:3.2.3]
	at org.springframework.amqp.rabbit.listener.adapter.MessagingMessageListenerAdapter.onMessage(MessagingMessageListenerAdapter.java:147) ~[spring-rabbit-3.2.3.jar:3.2.3]
	... 13 common frames omitted

2025-03-18T10:52:34.456+05:30  WARN 8620 --- [org.springframework.amqp.rabbit.RabbitListenerEndpointContainer#0-1] s.a.r.l.ConditionalRejectingErrorHandler : Execution of Rabbit message listener failed.

org.springframework.amqp.rabbit.support.ListenerExecutionFailedException: Failed to convert message
	at org.springframework.amqp.rabbit.listener.adapter.MessagingMessageListenerAdapter.onMessage(MessagingMessageListenerAdapter.java:157) ~[spring-rabbit-3.2.3.jar:3.2.3]
	at org.springframework.amqp.rabbit.listener.AbstractMessageListenerContainer.doInvokeListener(AbstractMessageListenerContainer.java:1694) ~[spring-rabbit-3.2.3.jar:3.2.3]
	at org.springframework.amqp.rabbit.listener.AbstractMessageListenerContainer.actualInvokeListener(AbstractMessageListenerContainer.java:1616) ~[spring-rabbit-3.2.3.jar:3.2.3]
	at org.springframework.amqp.rabbit.listener.AbstractMessageListenerContainer.invokeListener(AbstractMessageListenerContainer.java:1604) ~[spring-rabbit-3.2.3.jar:3.2.3]
	at org.springframework.amqp.rabbit.listener.AbstractMessageListenerContainer.doExecuteListener(AbstractMessageListenerContainer.java:1595) ~[spring-rabbit-3.2.3.jar:3.2.3]
	at org.springframework.amqp.rabbit.listener.AbstractMessageListenerContainer.executeListenerAndHandleException(AbstractMessageListenerContainer.java:1540) ~[spring-rabbit-3.2.3.jar:3.2.3]
	at org.springframework.amqp.rabbit.listener.AbstractMessageListenerContainer.lambda$executeListener$8(AbstractMessageListenerContainer.java:1518) ~[spring-rabbit-3.2.3.jar:3.2.3]
	at io.micrometer.observation.Observation.observe(Observation.java:498) ~[micrometer-observation-1.14.4.jar:1.14.4]
	at org.springframework.amqp.rabbit.listener.AbstractMessageListenerContainer.executeListener(AbstractMessageListenerContainer.java:1518) ~[spring-rabbit-3.2.3.jar:3.2.3]
	at org.springframework.amqp.rabbit.listener.SimpleMessageListenerContainer.doReceiveAndExecute(SimpleMessageListenerContainer.java:1086) ~[spring-rabbit-3.2.3.jar:3.2.3]
	at org.springframework.amqp.rabbit.listener.SimpleMessageListenerContainer.receiveAndExecute(SimpleMessageListenerContainer.java:1022) ~[spring-rabbit-3.2.3.jar:3.2.3]
	at org.springframework.amqp.rabbit.listener.SimpleMessageListenerContainer$AsyncMessageProcessingConsumer.mainLoop(SimpleMessageListenerContainer.java:1425) ~[spring-rabbit-3.2.3.jar:3.2.3]
	at org.springframework.amqp.rabbit.listener.SimpleMessageListenerContainer$AsyncMessageProcessingConsumer.run(SimpleMessageListenerContainer.java:1326) ~[spring-rabbit-3.2.3.jar:3.2.3]
	at java.base/java.lang.Thread.run(Thread.java:1570) ~[na:na]
Caused by: java.lang.SecurityException: Attempt to deserialize unauthorized class com.example.AddressBookManagement.DTO.RabbitMQMessageDTO; add allowed class name patterns to the message converter or, if you trust the message originator, set environment variable 'SPRING_AMQP_DESERIALIZATION_TRUST_ALL' or system property 'spring.amqp.deserialization.trust.all' to true
	at org.springframework.amqp.utils.SerializationUtils.checkAllowedList(SerializationUtils.java:164) ~[spring-amqp-3.2.3.jar:3.2.3]
	at org.springframework.amqp.support.converter.AllowedListDeserializingMessageConverter.checkAllowedList(AllowedListDeserializingMessageConverter.java:62) ~[spring-amqp-3.2.3.jar:3.2.3]
	at org.springframework.amqp.support.converter.SimpleMessageConverter$1.resolveClass(SimpleMessageConverter.java:160) ~[spring-amqp-3.2.3.jar:3.2.3]
	at java.base/java.io.ObjectInputStream.readNonProxyDesc(ObjectInputStream.java:2046) ~[na:na]
	at java.base/java.io.ObjectInputStream.readClassDesc(ObjectInputStream.java:1912) ~[na:na]
	at java.base/java.io.ObjectInputStream.readOrdinaryObject(ObjectInputStream.java:2237) ~[na:na]
	at java.base/java.io.ObjectInputStream.readObject0(ObjectInputStream.java:1747) ~[na:na]
	at java.base/java.io.ObjectInputStream.readObject(ObjectInputStream.java:525) ~[na:na]
	at java.base/java.io.ObjectInputStream.readObject(ObjectInputStream.java:483) ~[na:na]
	at org.springframework.amqp.utils.SerializationUtils.deserialize(SerializationUtils.java:102) ~[spring-amqp-3.2.3.jar:3.2.3]
	at org.springframework.amqp.support.converter.SimpleMessageConverter.fromMessage(SimpleMessageConverter.java:93) ~[spring-amqp-3.2.3.jar:3.2.3]
	at org.springframework.amqp.rabbit.listener.adapter.AbstractAdaptableMessageListener.extractMessage(AbstractAdaptableMessageListener.java:349) ~[spring-rabbit-3.2.3.jar:3.2.3]
	at org.springframework.amqp.rabbit.listener.adapter.MessagingMessageListenerAdapter$MessagingMessageConverterAdapter.extractPayload(MessagingMessageListenerAdapter.java:378) ~[spring-rabbit-3.2.3.jar:3.2.3]
	at org.springframework.amqp.support.converter.MessagingMessageConverter.fromMessage(MessagingMessageConverter.java:132) ~[spring-amqp-3.2.3.jar:3.2.3]
	at org.springframework.amqp.rabbit.listener.adapter.MessagingMessageListenerAdapter.toMessagingMessage(MessagingMessageListenerAdapter.java:251) ~[spring-rabbit-3.2.3.jar:3.2.3]
	at org.springframework.amqp.rabbit.listener.adapter.MessagingMessageListenerAdapter.onMessage(MessagingMessageListenerAdapter.java:147) ~[spring-rabbit-3.2.3.jar:3.2.3]
	... 13 common frames omitted

2025-03-18T10:52:34.459+05:30  WARN 8620 --- [org.springframework.amqp.rabbit.RabbitListenerEndpointContainer#0-1] s.a.r.l.ConditionalRejectingErrorHandler : Execution of Rabbit message listener failed.

org.springframework.amqp.rabbit.support.ListenerExecutionFailedException: Failed to convert message
	at org.springframework.amqp.rabbit.listener.adapter.MessagingMessageListenerAdapter.onMessage(MessagingMessageListenerAdapter.java:157) ~[spring-rabbit-3.2.3.jar:3.2.3]
	at org.springframework.amqp.rabbit.listener.AbstractMessageListenerContainer.doInvokeListener(AbstractMessageListenerContainer.java:1694) ~[spring-rabbit-3.2.3.jar:3.2.3]
	at org.springframework.amqp.rabbit.listener.AbstractMessageListenerContainer.actualInvokeListener(AbstractMessageListenerContainer.java:1616) ~[spring-rabbit-3.2.3.jar:3.2.3]
	at org.springframework.amqp.rabbit.listener.AbstractMessageListenerContainer.invokeListener(AbstractMessageListenerContainer.java:1604) ~[spring-rabbit-3.2.3.jar:3.2.3]
	at org.springframework.amqp.rabbit.listener.AbstractMessageListenerContainer.doExecuteListener(AbstractMessageListenerContainer.java:1595) ~[spring-rabbit-3.2.3.jar:3.2.3]
	at org.springframework.amqp.rabbit.listener.AbstractMessageListenerContainer.executeListenerAndHandleException(AbstractMessageListenerContainer.java:1540) ~[spring-rabbit-3.2.3.jar:3.2.3]
	at org.springframework.amqp.rabbit.listener.AbstractMessageListenerContainer.lambda$executeListener$8(AbstractMessageListenerContainer.java:1518) ~[spring-rabbit-3.2.3.jar:3.2.3]
	at io.micrometer.observation.Observation.observe(Observation.java:498) ~[micrometer-observation-1.14.4.jar:1.14.4]
	at org.springframework.amqp.rabbit.listener.AbstractMessageListenerContainer.executeListener(AbstractMessageListenerContainer.java:1518) ~[spring-rabbit-3.2.3.jar:3.2.3]
	at org.springframework.amqp.rabbit.listener.SimpleMessageListenerContainer.doReceiveAndExecute(SimpleMessageListenerContainer.java:1086) ~[spring-rabbit-3.2.3.jar:3.2.3]
	at org.springframework.amqp.rabbit.listener.SimpleMessageListenerContainer.receiveAndExecute(SimpleMessageListenerContainer.java:1022) ~[spring-rabbit-3.2.3.jar:3.2.3]
	at org.springframework.amqp.rabbit.listener.SimpleMessageListenerContainer$AsyncMessageProcessingConsumer.mainLoop(SimpleMessageListenerContainer.java:1425) ~[spring-rabbit-3.2.3.jar:3.2.3]
	at org.springframework.amqp.rabbit.listener.SimpleMessageListenerContainer$AsyncMessageProcessingConsumer.run(SimpleMessageListenerContainer.java:1326) ~[spring-rabbit-3.2.3.jar:3.2.3]
	at java.base/java.lang.Thread.run(Thread.java:1570) ~[na:na]
Caused by: java.lang.SecurityException: Attempt to deserialize unauthorized class com.example.AddressBookManagement.DTO.RabbitMQMessageDTO; add allowed class name patterns to the message converter or, if you trust the message originator, set environment variable 'SPRING_AMQP_DESERIALIZATION_TRUST_ALL' or system property 'spring.amqp.deserialization.trust.all' to true
	at org.springframework.amqp.utils.SerializationUtils.checkAllowedList(SerializationUtils.java:164) ~[spring-amqp-3.2.3.jar:3.2.3]
	at org.springframework.amqp.support.converter.AllowedListDeserializingMessageConverter.checkAllowedList(AllowedListDeserializingMessageConverter.java:62) ~[spring-amqp-3.2.3.jar:3.2.3]
	at org.springframework.amqp.support.converter.SimpleMessageConverter$1.resolveClass(SimpleMessageConverter.java:160) ~[spring-amqp-3.2.3.jar:3.2.3]
	at java.base/java.io.ObjectInputStream.readNonProxyDesc(ObjectInputStream.java:2046) ~[na:na]
	at java.base/java.io.ObjectInputStream.readClassDesc(ObjectInputStream.java:1912) ~[na:na]
	at java.base/java.io.ObjectInputStream.readOrdinaryObject(ObjectInputStream.java:2237) ~[na:na]
	at java.base/java.io.ObjectInputStream.readObject0(ObjectInputStream.java:1747) ~[na:na]
	at java.base/java.io.ObjectInputStream.readObject(ObjectInputStream.java:525) ~[na:na]
	at java.base/java.io.ObjectInputStream.readObject(ObjectInputStream.java:483) ~[na:na]
	at org.springframework.amqp.utils.SerializationUtils.deserialize(SerializationUtils.java:102) ~[spring-amqp-3.2.3.jar:3.2.3]
	at org.springframework.amqp.support.converter.SimpleMessageConverter.fromMessage(SimpleMessageConverter.java:93) ~[spring-amqp-3.2.3.jar:3.2.3]
	at org.springframework.amqp.rabbit.listener.adapter.AbstractAdaptableMessageListener.extractMessage(AbstractAdaptableMessageListener.java:349) ~[spring-rabbit-3.2.3.jar:3.2.3]
	at org.springframework.amqp.rabbit.listener.adapter.MessagingMessageListenerAdapter$MessagingMessageConverterAdapter.extractPayload(MessagingMessageListenerAdapter.java:378) ~[spring-rabbit-3.2.3.jar:3.2.3]
	at org.springframework.amqp.support.converter.MessagingMessageConverter.fromMessage(MessagingMessageConverter.java:132) ~[spring-amqp-3.2.3.jar:3.2.3]
	at org.springframework.amqp.rabbit.listener.adapter.MessagingMessageListenerAdapter.toMessagingMessage(MessagingMessageListenerAdapter.java:251) ~[spring-rabbit-3.2.3.jar:3.2.3]
	at org.springframework.amqp.rabbit.listener.adapter.MessagingMessageListenerAdapter.onMessage(MessagingMessageListenerAdapter.java:147) ~[spring-rabbit-3.2.3.jar:3.2.3]
	... 13 common frames omitted

2025-03-18T10:52:34.463+05:30  WARN 8620 --- [org.springframework.amqp.rabbit.RabbitListenerEndpointContainer#0-1] s.a.r.l.ConditionalRejectingErrorHandler : Execution of Rabbit message listener failed.

org.springframework.amqp.rabbit.support.ListenerExecutionFailedException: Failed to convert message
	at org.springframework.amqp.rabbit.listener.adapter.MessagingMessageListenerAdapter.onMessage(MessagingMessageListenerAdapter.java:157) ~[spring-rabbit-3.2.3.jar:3.2.3]
	at org.springframework.amqp.rabbit.listener.AbstractMessageListenerContainer.doInvokeListener(AbstractMessageListenerContainer.java:1694) ~[spring-rabbit-3.2.3.jar:3.2.3]
	at org.springframework.amqp.rabbit.listener.AbstractMessageListenerContainer.actualInvokeListener(AbstractMessageListenerContainer.java:1616) ~[spring-rabbit-3.2.3.jar:3.2.3]
	at org.springframework.amqp.rabbit.listener.AbstractMessageListenerContainer.invokeListener(AbstractMessageListenerContainer.java:1604) ~[spring-rabbit-3.2.3.jar:3.2.3]
	at org.springframework.amqp.rabbit.listener.AbstractMessageListenerContainer.doExecuteListener(AbstractMessageListenerContainer.java:1595) ~[spring-rabbit-3.2.3.jar:3.2.3]
	at org.springframework.amqp.rabbit.listener.AbstractMessageListenerContainer.executeListenerAndHandleException(AbstractMessageListenerContainer.java:1540) ~[spring-rabbit-3.2.3.jar:3.2.3]
	at org.springframework.amqp.rabbit.listener.AbstractMessageListenerContainer.lambda$executeListener$8(AbstractMessageListenerContainer.java:1518) ~[spring-rabbit-3.2.3.jar:3.2.3]
	at io.micrometer.observation.Observation.observe(Observation.java:498) ~[micrometer-observation-1.14.4.jar:1.14.4]
	at org.springframework.amqp.rabbit.listener.AbstractMessageListenerContainer.executeListener(AbstractMessageListenerContainer.java:1518) ~[spring-rabbit-3.2.3.jar:3.2.3]
	at org.springframework.amqp.rabbit.listener.SimpleMessageListenerContainer.doReceiveAndExecute(SimpleMessageListenerContainer.java:1086) ~[spring-rabbit-3.2.3.jar:3.2.3]
	at org.springframework.amqp.rabbit.listener.SimpleMessageListenerContainer.receiveAndExecute(SimpleMessageListenerContainer.java:1022) ~[spring-rabbit-3.2.3.jar:3.2.3]
	at org.springframework.amqp.rabbit.listener.SimpleMessageListenerContainer$AsyncMessageProcessingConsumer.mainLoop(SimpleMessageListenerContainer.java:1425) ~[spring-rabbit-3.2.3.jar:3.2.3]
	at org.springframework.amqp.rabbit.listener.SimpleMessageListenerContainer$AsyncMessageProcessingConsumer.run(SimpleMessageListenerContainer.java:1326) ~[spring-rabbit-3.2.3.jar:3.2.3]
	at java.base/java.lang.Thread.run(Thread.java:1570) ~[na:na]
Caused by: java.lang.SecurityException: Attempt to deserialize unauthorized class com.example.AddressBookManagement.DTO.RabbitMQMessageDTO; add allowed class name patterns to the message converter or, if you trust the message originator, set environment variable 'SPRING_AMQP_DESERIALIZATION_TRUST_ALL' or system property 'spring.amqp.deserialization.trust.all' to true
	at org.springframework.amqp.utils.SerializationUtils.checkAllowedList(SerializationUtils.java:164) ~[spring-amqp-3.2.3.jar:3.2.3]
	at org.springframework.amqp.support.converter.AllowedListDeserializingMessageConverter.checkAllowedList(AllowedListDeserializingMessageConverter.java:62) ~[spring-amqp-3.2.3.jar:3.2.3]
	at org.springframework.amqp.support.converter.SimpleMessageConverter$1.resolveClass(SimpleMessageConverter.java:160) ~[spring-amqp-3.2.3.jar:3.2.3]
	at java.base/java.io.ObjectInputStream.readNonProxyDesc(ObjectInputStream.java:2046) ~[na:na]
	at java.base/java.io.ObjectInputStream.readClassDesc(ObjectInputStream.java:1912) ~[na:na]
	at java.base/java.io.ObjectInputStream.readOrdinaryObject(ObjectInputStream.java:2237) ~[na:na]
	at java.base/java.io.ObjectInputStream.readObject0(ObjectInputStream.java:1747) ~[na:na]
	at java.base/java.io.ObjectInputStream.readObject(ObjectInputStream.java:525) ~[na:na]
	at java.base/java.io.ObjectInputStream.readObject(ObjectInputStream.java:483) ~[na:na]
	at org.springframework.amqp.utils.SerializationUtils.deserialize(SerializationUtils.java:102) ~[spring-amqp-3.2.3.jar:3.2.3]
	at org.springframework.amqp.support.converter.SimpleMessageConverter.fromMessage(SimpleMessageConverter.java:93) ~[spring-amqp-3.2.3.jar:3.2.3]
	at org.springframework.amqp.rabbit.listener.adapter.AbstractAdaptableMessageListener.extractMessage(AbstractAdaptableMessageListener.java:349) ~[spring-rabbit-3.2.3.jar:3.2.3]
	at org.springframework.amqp.rabbit.listener.adapter.MessagingMessageListenerAdapter$MessagingMessageConverterAdapter.extractPayload(MessagingMessageListenerAdapter.java:378) ~[spring-rabbit-3.2.3.jar:3.2.3]
	at org.springframework.amqp.support.converter.MessagingMessageConverter.fromMessage(MessagingMessageConverter.java:132) ~[spring-amqp-3.2.3.jar:3.2.3]
	at org.springframework.amqp.rabbit.listener.adapter.MessagingMessageListenerAdapter.toMessagingMessage(MessagingMessageListenerAdapter.java:251) ~[spring-rabbit-3.2.3.jar:3.2.3]
	at org.springframework.amqp.rabbit.listener.adapter.MessagingMessageListenerAdapter.onMessage(MessagingMessageListenerAdapter.java:147) ~[spring-rabbit-3.2.3.jar:3.2.3]
	... 13 common frames omitted

2025-03-18T10:52:34.466+05:30  WARN 8620 --- [org.springframework.amqp.rabbit.RabbitListenerEndpointContainer#0-1] s.a.r.l.ConditionalRejectingErrorHandler : Execution of Rabbit message listener failed.

org.springframework.amqp.rabbit.support.ListenerExecutionFailedException: Failed to convert message
	at org.springframework.amqp.rabbit.listener.adapter.MessagingMessageListenerAdapter.onMessage(MessagingMessageListenerAdapter.java:157) ~[spring-rabbit-3.2.3.jar:3.2.3]
	at org.springframework.amqp.rabbit.listener.AbstractMessageListenerContainer.doInvokeListener(AbstractMessageListenerContainer.java:1694) ~[spring-rabbit-3.2.3.jar:3.2.3]
	at org.springframework.amqp.rabbit.listener.AbstractMessageListenerContainer.actualInvokeListener(AbstractMessageListenerContainer.java:1616) ~[spring-rabbit-3.2.3.jar:3.2.3]
	at org.springframework.amqp.rabbit.listener.AbstractMessageListenerContainer.invokeListener(AbstractMessageListenerContainer.java:1604) ~[spring-rabbit-3.2.3.jar:3.2.3]
	at org.springframework.amqp.rabbit.listener.AbstractMessageListenerContainer.doExecuteListener(AbstractMessageListenerContainer.java:1595) ~[spring-rabbit-3.2.3.jar:3.2.3]
	at org.springframework.amqp.rabbit.listener.AbstractMessageListenerContainer.executeListenerAndHandleException(AbstractMessageListenerContainer.java:1540) ~[spring-rabbit-3.2.3.jar:3.2.3]
	at org.springframework.amqp.rabbit.listener.AbstractMessageListenerContainer.lambda$executeListener$8(AbstractMessageListenerContainer.java:1518) ~[spring-rabbit-3.2.3.jar:3.2.3]
	at io.micrometer.observation.Observation.observe(Observation.java:498) ~[micrometer-observation-1.14.4.jar:1.14.4]
	at org.springframework.amqp.rabbit.listener.AbstractMessageListenerContainer.executeListener(AbstractMessageListenerContainer.java:1518) ~[spring-rabbit-3.2.3.jar:3.2.3]
	at org.springframework.amqp.rabbit.listener.SimpleMessageListenerContainer.doReceiveAndExecute(SimpleMessageListenerContainer.java:1086) ~[spring-rabbit-3.2.3.jar:3.2.3]
	at org.springframework.amqp.rabbit.listener.SimpleMessageListenerContainer.receiveAndExecute(SimpleMessageListenerContainer.java:1022) ~[spring-rabbit-3.2.3.jar:3.2.3]
	at org.springframework.amqp.rabbit.listener.SimpleMessageListenerContainer$AsyncMessageProcessingConsumer.mainLoop(SimpleMessageListenerContainer.java:1425) ~[spring-rabbit-3.2.3.jar:3.2.3]
	at org.springframework.amqp.rabbit.listener.SimpleMessageListenerContainer$AsyncMessageProcessingConsumer.run(SimpleMessageListenerContainer.java:1326) ~[spring-rabbit-3.2.3.jar:3.2.3]
	at java.base/java.lang.Thread.run(Thread.java:1570) ~[na:na]
Caused by: java.lang.SecurityException: Attempt to deserialize unauthorized class com.example.AddressBookManagement.DTO.RabbitMQMessageDTO; add allowed class name patterns to the message converter or, if you trust the message originator, set environment variable 'SPRING_AMQP_DESERIALIZATION_TRUST_ALL' or system property 'spring.amqp.deserialization.trust.all' to true
	at org.springframework.amqp.utils.SerializationUtils.checkAllowedList(SerializationUtils.java:164) ~[spring-amqp-3.2.3.jar:3.2.3]
	at org.springframework.amqp.support.converter.AllowedListDeserializingMessageConverter.checkAllowedList(AllowedListDeserializingMessageConverter.java:62) ~[spring-amqp-3.2.3.jar:3.2.3]
	at org.springframework.amqp.support.converter.SimpleMessageConverter$1.resolveClass(SimpleMessageConverter.java:160) ~[spring-amqp-3.2.3.jar:3.2.3]
	at java.base/java.io.ObjectInputStream.readNonProxyDesc(ObjectInputStream.java:2046) ~[na:na]
	at java.base/java.io.ObjectInputStream.readClassDesc(ObjectInputStream.java:1912) ~[na:na]
	at java.base/java.io.ObjectInputStream.readOrdinaryObject(ObjectInputStream.java:2237) ~[na:na]
	at java.base/java.io.ObjectInputStream.readObject0(ObjectInputStream.java:1747) ~[na:na]
	at java.base/java.io.ObjectInputStream.readObject(ObjectInputStream.java:525) ~[na:na]
	at java.base/java.io.ObjectInputStream.readObject(ObjectInputStream.java:483) ~[na:na]
	at org.springframework.amqp.utils.SerializationUtils.deserialize(SerializationUtils.java:102) ~[spring-amqp-3.2.3.jar:3.2.3]
	at org.springframework.amqp.support.converter.SimpleMessageConverter.fromMessage(SimpleMessageConverter.java:93) ~[spring-amqp-3.2.3.jar:3.2.3]
	at org.springframework.amqp.rabbit.listener.adapter.AbstractAdaptableMessageListener.extractMessage(AbstractAdaptableMessageListener.java:349) ~[spring-rabbit-3.2.3.jar:3.2.3]
	at org.springframework.amqp.rabbit.listener.adapter.MessagingMessageListenerAdapter$MessagingMessageConverterAdapter.extractPayload(MessagingMessageListenerAdapter.java:378) ~[spring-rabbit-3.2.3.jar:3.2.3]
	at org.springframework.amqp.support.converter.MessagingMessageConverter.fromMessage(MessagingMessageConverter.java:132) ~[spring-amqp-3.2.3.jar:3.2.3]
	at org.springframework.amqp.rabbit.listener.adapter.MessagingMessageListenerAdapter.toMessagingMessage(MessagingMessageListenerAdapter.java:251) ~[spring-rabbit-3.2.3.jar:3.2.3]
	at org.springframework.amqp.rabbit.listener.adapter.MessagingMessageListenerAdapter.onMessage(MessagingMessageListenerAdapter.java:147) ~[spring-rabbit-3.2.3.jar:3.2.3]
	... 13 common frames omitted

2025-03-18T10:52:34.469+05:30  WARN 8620 --- [org.springframework.amqp.rabbit.RabbitListenerEndpointContainer#0-1] s.a.r.l.ConditionalRejectingErrorHandler : Execution of Rabbit message listener failed.

org.springframework.amqp.rabbit.support.ListenerExecutionFailedException: Failed to convert message
	at org.springframework.amqp.rabbit.listener.adapter.MessagingMessageListenerAdapter.onMessage(MessagingMessageListenerAdapter.java:157) ~[spring-rabbit-3.2.3.jar:3.2.3]
	at org.springframework.amqp.rabbit.listener.AbstractMessageListenerContainer.doInvokeListener(AbstractMessageListenerContainer.java:1694) ~[spring-rabbit-3.2.3.jar:3.2.3]
	at org.springframework.amqp.rabbit.listener.AbstractMessageListenerContainer.actualInvokeListener(AbstractMessageListenerContainer.java:1616) ~[spring-rabbit-3.2.3.jar:3.2.3]
	at org.springframework.amqp.rabbit.listener.AbstractMessageListenerContainer.invokeListener(AbstractMessageListenerContainer.java:1604) ~[spring-rabbit-3.2.3.jar:3.2.3]
	at org.springframework.amqp.rabbit.listener.AbstractMessageListenerContainer.doExecuteListener(AbstractMessageListenerContainer.java:1595) ~[spring-rabbit-3.2.3.jar:3.2.3]
	at org.springframework.amqp.rabbit.listener.AbstractMessageListenerContainer.executeListenerAndHandleException(AbstractMessageListenerContainer.java:1540) ~[spring-rabbit-3.2.3.jar:3.2.3]
	at org.springframework.amqp.rabbit.listener.AbstractMessageListenerContainer.lambda$executeListener$8(AbstractMessageListenerContainer.java:1518) ~[spring-rabbit-3.2.3.jar:3.2.3]
	at io.micrometer.observation.Observation.observe(Observation.java:498) ~[micrometer-observation-1.14.4.jar:1.14.4]
	at org.springframework.amqp.rabbit.listener.AbstractMessageListenerContainer.executeListener(AbstractMessageListenerContainer.java:1518) ~[spring-rabbit-3.2.3.jar:3.2.3]
	at org.springframework.amqp.rabbit.listener.SimpleMessageListenerContainer.doReceiveAndExecute(SimpleMessageListenerContainer.java:1086) ~[spring-rabbit-3.2.3.jar:3.2.3]
	at org.springframework.amqp.rabbit.listener.SimpleMessageListenerContainer.receiveAndExecute(SimpleMessageListenerContainer.java:1022) ~[spring-rabbit-3.2.3.jar:3.2.3]
	at org.springframework.amqp.rabbit.listener.SimpleMessageListenerContainer$AsyncMessageProcessingConsumer.mainLoop(SimpleMessageListenerContainer.java:1425) ~[spring-rabbit-3.2.3.jar:3.2.3]
	at org.springframework.amqp.rabbit.listener.SimpleMessageListenerContainer$AsyncMessageProcessingConsumer.run(SimpleMessageListenerContainer.java:1326) ~[spring-rabbit-3.2.3.jar:3.2.3]
	at java.base/java.lang.Thread.run(Thread.java:1570) ~[na:na]
Caused by: java.lang.SecurityException: Attempt to deserialize unauthorized class com.example.AddressBookManagement.DTO.RabbitMQMessageDTO; add allowed class name patterns to the message converter or, if you trust the message originator, set environment variable 'SPRING_AMQP_DESERIALIZATION_TRUST_ALL' or system property 'spring.amqp.deserialization.trust.all' to true
	at org.springframework.amqp.utils.SerializationUtils.checkAllowedList(SerializationUtils.java:164) ~[spring-amqp-3.2.3.jar:3.2.3]
	at org.springframework.amqp.support.converter.AllowedListDeserializingMessageConverter.checkAllowedList(AllowedListDeserializingMessageConverter.java:62) ~[spring-amqp-3.2.3.jar:3.2.3]
	at org.springframework.amqp.support.converter.SimpleMessageConverter$1.resolveClass(SimpleMessageConverter.java:160) ~[spring-amqp-3.2.3.jar:3.2.3]
	at java.base/java.io.ObjectInputStream.readNonProxyDesc(ObjectInputStream.java:2046) ~[na:na]
	at java.base/java.io.ObjectInputStream.readClassDesc(ObjectInputStream.java:1912) ~[na:na]
	at java.base/java.io.ObjectInputStream.readOrdinaryObject(ObjectInputStream.java:2237) ~[na:na]
	at java.base/java.io.ObjectInputStream.readObject0(ObjectInputStream.java:1747) ~[na:na]
	at java.base/java.io.ObjectInputStream.readObject(ObjectInputStream.java:525) ~[na:na]
	at java.base/java.io.ObjectInputStream.readObject(ObjectInputStream.java:483) ~[na:na]
	at org.springframework.amqp.utils.SerializationUtils.deserialize(SerializationUtils.java:102) ~[spring-amqp-3.2.3.jar:3.2.3]
	at org.springframework.amqp.support.converter.SimpleMessageConverter.fromMessage(SimpleMessageConverter.java:93) ~[spring-amqp-3.2.3.jar:3.2.3]
	at org.springframework.amqp.rabbit.listener.adapter.AbstractAdaptableMessageListener.extractMessage(AbstractAdaptableMessageListener.java:349) ~[spring-rabbit-3.2.3.jar:3.2.3]
	at org.springframework.amqp.rabbit.listener.adapter.MessagingMessageListenerAdapter$MessagingMessageConverterAdapter.extractPayload(MessagingMessageListenerAdapter.java:378) ~[spring-rabbit-3.2.3.jar:3.2.3]
	at org.springframework.amqp.support.converter.MessagingMessageConverter.fromMessage(MessagingMessageConverter.java:132) ~[spring-amqp-3.2.3.jar:3.2.3]
	at org.springframework.amqp.rabbit.listener.adapter.MessagingMessageListenerAdapter.toMessagingMessage(MessagingMessageListenerAdapter.java:251) ~[spring-rabbit-3.2.3.jar:3.2.3]
	at org.springframework.amqp.rabbit.listener.adapter.MessagingMessageListenerAdapter.onMessage(MessagingMessageListenerAdapter.java:147) ~[spring-rabbit-3.2.3.jar:3.2.3]
	... 13 common frames omitted

2025-03-18T10:52:34.471+05:30  WARN 8620 --- [org.springframework.amqp.rabbit.RabbitListenerEndpointContainer#0-1] s.a.r.l.ConditionalRejectingErrorHandler : Execution of Rabbit message listener failed.

org.springframework.amqp.rabbit.support.ListenerExecutionFailedException: Failed to convert message
	at org.springframework.amqp.rabbit.listener.adapter.MessagingMessageListenerAdapter.onMessage(MessagingMessageListenerAdapter.java:157) ~[spring-rabbit-3.2.3.jar:3.2.3]
	at org.springframework.amqp.rabbit.listener.AbstractMessageListenerContainer.doInvokeListener(AbstractMessageListenerContainer.java:1694) ~[spring-rabbit-3.2.3.jar:3.2.3]
	at org.springframework.amqp.rabbit.listener.AbstractMessageListenerContainer.actualInvokeListener(AbstractMessageListenerContainer.java:1616) ~[spring-rabbit-3.2.3.jar:3.2.3]
	at org.springframework.amqp.rabbit.listener.AbstractMessageListenerContainer.invokeListener(AbstractMessageListenerContainer.java:1604) ~[spring-rabbit-3.2.3.jar:3.2.3]
	at org.springframework.amqp.rabbit.listener.AbstractMessageListenerContainer.doExecuteListener(AbstractMessageListenerContainer.java:1595) ~[spring-rabbit-3.2.3.jar:3.2.3]
	at org.springframework.amqp.rabbit.listener.AbstractMessageListenerContainer.executeListenerAndHandleException(AbstractMessageListenerContainer.java:1540) ~[spring-rabbit-3.2.3.jar:3.2.3]
	at org.springframework.amqp.rabbit.listener.AbstractMessageListenerContainer.lambda$executeListener$8(AbstractMessageListenerContainer.java:1518) ~[spring-rabbit-3.2.3.jar:3.2.3]
	at io.micrometer.observation.Observation.observe(Observation.java:498) ~[micrometer-observation-1.14.4.jar:1.14.4]
	at org.springframework.amqp.rabbit.listener.AbstractMessageListenerContainer.executeListener(AbstractMessageListenerContainer.java:1518) ~[spring-rabbit-3.2.3.jar:3.2.3]
	at org.springframework.amqp.rabbit.listener.SimpleMessageListenerContainer.doReceiveAndExecute(SimpleMessageListenerContainer.java:1086) ~[spring-rabbit-3.2.3.jar:3.2.3]
	at org.springframework.amqp.rabbit.listener.SimpleMessageListenerContainer.receiveAndExecute(SimpleMessageListenerContainer.java:1022) ~[spring-rabbit-3.2.3.jar:3.2.3]
	at org.springframework.amqp.rabbit.listener.SimpleMessageListenerContainer$AsyncMessageProcessingConsumer.mainLoop(SimpleMessageListenerContainer.java:1425) ~[spring-rabbit-3.2.3.jar:3.2.3]
	at org.springframework.amqp.rabbit.listener.SimpleMessageListenerContainer$AsyncMessageProcessingConsumer.run(SimpleMessageListenerContainer.java:1326) ~[spring-rabbit-3.2.3.jar:3.2.3]
	at java.base/java.lang.Thread.run(Thread.java:1570) ~[na:na]
Caused by: java.lang.SecurityException: Attempt to deserialize unauthorized class com.example.AddressBookManagement.DTO.RabbitMQMessageDTO; add allowed class name patterns to the message converter or, if you trust the message originator, set environment variable 'SPRING_AMQP_DESERIALIZATION_TRUST_ALL' or system property 'spring.amqp.deserialization.trust.all' to true
	at org.springframework.amqp.utils.SerializationUtils.checkAllowedList(SerializationUtils.java:164) ~[spring-amqp-3.2.3.jar:3.2.3]
	at org.springframework.amqp.support.converter.AllowedListDeserializingMessageConverter.checkAllowedList(AllowedListDeserializingMessageConverter.java:62) ~[spring-amqp-3.2.3.jar:3.2.3]
	at org.springframework.amqp.support.converter.SimpleMessageConverter$1.resolveClass(SimpleMessageConverter.java:160) ~[spring-amqp-3.2.3.jar:3.2.3]
	at java.base/java.io.ObjectInputStream.readNonProxyDesc(ObjectInputStream.java:2046) ~[na:na]
	at java.base/java.io.ObjectInputStream.readClassDesc(ObjectInputStream.java:1912) ~[na:na]
	at java.base/java.io.ObjectInputStream.readOrdinaryObject(ObjectInputStream.java:2237) ~[na:na]
	at java.base/java.io.ObjectInputStream.readObject0(ObjectInputStream.java:1747) ~[na:na]
	at java.base/java.io.ObjectInputStream.readObject(ObjectInputStream.java:525) ~[na:na]
	at java.base/java.io.ObjectInputStream.readObject(ObjectInputStream.java:483) ~[na:na]
	at org.springframework.amqp.utils.SerializationUtils.deserialize(SerializationUtils.java:102) ~[spring-amqp-3.2.3.jar:3.2.3]
	at org.springframework.amqp.support.converter.SimpleMessageConverter.fromMessage(SimpleMessageConverter.java:93) ~[spring-amqp-3.2.3.jar:3.2.3]
	at org.springframework.amqp.rabbit.listener.adapter.AbstractAdaptableMessageListener.extractMessage(AbstractAdaptableMessageListener.java:349) ~[spring-rabbit-3.2.3.jar:3.2.3]
	at org.springframework.amqp.rabbit.listener.adapter.MessagingMessageListenerAdapter$MessagingMessageConverterAdapter.extractPayload(MessagingMessageListenerAdapter.java:378) ~[spring-rabbit-3.2.3.jar:3.2.3]
	at org.springframework.amqp.support.converter.MessagingMessageConverter.fromMessage(MessagingMessageConverter.java:132) ~[spring-amqp-3.2.3.jar:3.2.3]
	at org.springframework.amqp.rabbit.listener.adapter.MessagingMessageListenerAdapter.toMessagingMessage(MessagingMessageListenerAdapter.java:251) ~[spring-rabbit-3.2.3.jar:3.2.3]
	at org.springframework.amqp.rabbit.listener.adapter.MessagingMessageListenerAdapter.onMessage(MessagingMessageListenerAdapter.java:147) ~[spring-rabbit-3.2.3.jar:3.2.3]
	... 13 common frames omitted

2025-03-18T10:52:34.473+05:30  WARN 8620 --- [org.springframework.amqp.rabbit.RabbitListenerEndpointContainer#0-1] s.a.r.l.ConditionalRejectingErrorHandler : Execution of Rabbit message listener failed.

org.springframework.amqp.rabbit.support.ListenerExecutionFailedException: Failed to convert message
	at org.springframework.amqp.rabbit.listener.adapter.MessagingMessageListenerAdapter.onMessage(MessagingMessageListenerAdapter.java:157) ~[spring-rabbit-3.2.3.jar:3.2.3]
	at org.springframework.amqp.rabbit.listener.AbstractMessageListenerContainer.doInvokeListener(AbstractMessageListenerContainer.java:1694) ~[spring-rabbit-3.2.3.jar:3.2.3]
	at org.springframework.amqp.rabbit.listener.AbstractMessageListenerContainer.actualInvokeListener(AbstractMessageListenerContainer.java:1616) ~[spring-rabbit-3.2.3.jar:3.2.3]
	at org.springframework.amqp.rabbit.listener.AbstractMessageListenerContainer.invokeListener(AbstractMessageListenerContainer.java:1604) ~[spring-rabbit-3.2.3.jar:3.2.3]
	at org.springframework.amqp.rabbit.listener.AbstractMessageListenerContainer.doExecuteListener(AbstractMessageListenerContainer.java:1595) ~[spring-rabbit-3.2.3.jar:3.2.3]
	at org.springframework.amqp.rabbit.listener.AbstractMessageListenerContainer.executeListenerAndHandleException(AbstractMessageListenerContainer.java:1540) ~[spring-rabbit-3.2.3.jar:3.2.3]
	at org.springframework.amqp.rabbit.listener.AbstractMessageListenerContainer.lambda$executeListener$8(AbstractMessageListenerContainer.java:1518) ~[spring-rabbit-3.2.3.jar:3.2.3]
	at io.micrometer.observation.Observation.observe(Observation.java:498) ~[micrometer-observation-1.14.4.jar:1.14.4]
	at org.springframework.amqp.rabbit.listener.AbstractMessageListenerContainer.executeListener(AbstractMessageListenerContainer.java:1518) ~[spring-rabbit-3.2.3.jar:3.2.3]
	at org.springframework.amqp.rabbit.listener.SimpleMessageListenerContainer.doReceiveAndExecute(SimpleMessageListenerContainer.java:1086) ~[spring-rabbit-3.2.3.jar:3.2.3]
	at org.springframework.amqp.rabbit.listener.SimpleMessageListenerContainer.receiveAndExecute(SimpleMessageListenerContainer.java:1022) ~[spring-rabbit-3.2.3.jar:3.2.3]
	at org.springframework.amqp.rabbit.listener.SimpleMessageListenerContainer$AsyncMessageProcessingConsumer.mainLoop(SimpleMessageListenerContainer.java:1425) ~[spring-rabbit-3.2.3.jar:3.2.3]
	at org.springframework.amqp.rabbit.listener.SimpleMessageListenerContainer$AsyncMessageProcessingConsumer.run(SimpleMessageListenerContainer.java:1326) ~[spring-rabbit-3.2.3.jar:3.2.3]
	at java.base/java.lang.Thread.run(Thread.java:1570) ~[na:na]
Caused by: java.lang.SecurityException: Attempt to deserialize unauthorized class com.example.AddressBookManagement.DTO.RabbitMQMessageDTO; add allowed class name patterns to the message converter or, if you trust the message originator, set environment variable 'SPRING_AMQP_DESERIALIZATION_TRUST_ALL' or system property 'spring.amqp.deserialization.trust.all' to true
	at org.springframework.amqp.utils.SerializationUtils.checkAllowedList(SerializationUtils.java:164) ~[spring-amqp-3.2.3.jar:3.2.3]
	at org.springframework.amqp.support.converter.AllowedListDeserializingMessageConverter.checkAllowedList(AllowedListDeserializingMessageConverter.java:62) ~[spring-amqp-3.2.3.jar:3.2.3]
	at org.springframework.amqp.support.converter.SimpleMessageConverter$1.resolveClass(SimpleMessageConverter.java:160) ~[spring-amqp-3.2.3.jar:3.2.3]
	at java.base/java.io.ObjectInputStream.readNonProxyDesc(ObjectInputStream.java:2046) ~[na:na]
	at java.base/java.io.ObjectInputStream.readClassDesc(ObjectInputStream.java:1912) ~[na:na]
	at java.base/java.io.ObjectInputStream.readOrdinaryObject(ObjectInputStream.java:2237) ~[na:na]
	at java.base/java.io.ObjectInputStream.readObject0(ObjectInputStream.java:1747) ~[na:na]
	at java.base/java.io.ObjectInputStream.readObject(ObjectInputStream.java:525) ~[na:na]
	at java.base/java.io.ObjectInputStream.readObject(ObjectInputStream.java:483) ~[na:na]
	at org.springframework.amqp.utils.SerializationUtils.deserialize(SerializationUtils.java:102) ~[spring-amqp-3.2.3.jar:3.2.3]
	at org.springframework.amqp.support.converter.SimpleMessageConverter.fromMessage(SimpleMessageConverter.java:93) ~[spring-amqp-3.2.3.jar:3.2.3]
	at org.springframework.amqp.rabbit.listener.adapter.AbstractAdaptableMessageListener.extractMessage(AbstractAdaptableMessageListener.java:349) ~[spring-rabbit-3.2.3.jar:3.2.3]
	at org.springframework.amqp.rabbit.listener.adapter.MessagingMessageListenerAdapter$MessagingMessageConverterAdapter.extractPayload(MessagingMessageListenerAdapter.java:378) ~[spring-rabbit-3.2.3.jar:3.2.3]
	at org.springframework.amqp.support.converter.MessagingMessageConverter.fromMessage(MessagingMessageConverter.java:132) ~[spring-amqp-3.2.3.jar:3.2.3]
	at org.springframework.amqp.rabbit.listener.adapter.MessagingMessageListenerAdapter.toMessagingMessage(MessagingMessageListenerAdapter.java:251) ~[spring-rabbit-3.2.3.jar:3.2.3]
	at org.springframework.amqp.rabbit.listener.adapter.MessagingMessageListenerAdapter.onMessage(MessagingMessageListenerAdapter.java:147) ~[spring-rabbit-3.2.3.jar:3.2.3]
	... 13 common frames omitted

2025-03-18T10:52:34.475+05:30  WARN 8620 --- [org.springframework.amqp.rabbit.RabbitListenerEndpointContainer#0-1] s.a.r.l.ConditionalRejectingErrorHandler : Execution of Rabbit message listener failed.

org.springframework.amqp.rabbit.support.ListenerExecutionFailedException: Failed to convert message
	at org.springframework.amqp.rabbit.listener.adapter.MessagingMessageListenerAdapter.onMessage(MessagingMessageListenerAdapter.java:157) ~[spring-rabbit-3.2.3.jar:3.2.3]
	at org.springframework.amqp.rabbit.listener.AbstractMessageListenerContainer.doInvokeListener(AbstractMessageListenerContainer.java:1694) ~[spring-rabbit-3.2.3.jar:3.2.3]
	at org.springframework.amqp.rabbit.listener.AbstractMessageListenerContainer.actualInvokeListener(AbstractMessageListenerContainer.java:1616) ~[spring-rabbit-3.2.3.jar:3.2.3]
	at org.springframework.amqp.rabbit.listener.AbstractMessageListenerContainer.invokeListener(AbstractMessageListenerContainer.java:1604) ~[spring-rabbit-3.2.3.jar:3.2.3]
	at org.springframework.amqp.rabbit.listener.AbstractMessageListenerContainer.doExecuteListener(AbstractMessageListenerContainer.java:1595) ~[spring-rabbit-3.2.3.jar:3.2.3]
	at org.springframework.amqp.rabbit.listener.AbstractMessageListenerContainer.executeListenerAndHandleException(AbstractMessageListenerContainer.java:1540) ~[spring-rabbit-3.2.3.jar:3.2.3]
	at org.springframework.amqp.rabbit.listener.AbstractMessageListenerContainer.lambda$executeListener$8(AbstractMessageListenerContainer.java:1518) ~[spring-rabbit-3.2.3.jar:3.2.3]
	at io.micrometer.observation.Observation.observe(Observation.java:498) ~[micrometer-observation-1.14.4.jar:1.14.4]
	at org.springframework.amqp.rabbit.listener.AbstractMessageListenerContainer.executeListener(AbstractMessageListenerContainer.java:1518) ~[spring-rabbit-3.2.3.jar:3.2.3]
	at org.springframework.amqp.rabbit.listener.SimpleMessageListenerContainer.doReceiveAndExecute(SimpleMessageListenerContainer.java:1086) ~[spring-rabbit-3.2.3.jar:3.2.3]
	at org.springframework.amqp.rabbit.listener.SimpleMessageListenerContainer.receiveAndExecute(SimpleMessageListenerContainer.java:1022) ~[spring-rabbit-3.2.3.jar:3.2.3]
	at org.springframework.amqp.rabbit.listener.SimpleMessageListenerContainer$AsyncMessageProcessingConsumer.mainLoop(SimpleMessageListenerContainer.java:1425) ~[spring-rabbit-3.2.3.jar:3.2.3]
	at org.springframework.amqp.rabbit.listener.SimpleMessageListenerContainer$AsyncMessageProcessingConsumer.run(SimpleMessageListenerContainer.java:1326) ~[spring-rabbit-3.2.3.jar:3.2.3]
	at java.base/java.lang.Thread.run(Thread.java:1570) ~[na:na]
Caused by: java.lang.SecurityException: Attempt to deserialize unauthorized class com.example.AddressBookManagement.DTO.RabbitMQMessageDTO; add allowed class name patterns to the message converter or, if you trust the message originator, set environment variable 'SPRING_AMQP_DESERIALIZATION_TRUST_ALL' or system property 'spring.amqp.deserialization.trust.all' to true
	at org.springframework.amqp.utils.SerializationUtils.checkAllowedList(SerializationUtils.java:164) ~[spring-amqp-3.2.3.jar:3.2.3]
	at org.springframework.amqp.support.converter.AllowedListDeserializingMessageConverter.checkAllowedList(AllowedListDeserializingMessageConverter.java:62) ~[spring-amqp-3.2.3.jar:3.2.3]
	at org.springframework.amqp.support.converter.SimpleMessageConverter$1.resolveClass(SimpleMessageConverter.java:160) ~[spring-amqp-3.2.3.jar:3.2.3]
	at java.base/java.io.ObjectInputStream.readNonProxyDesc(ObjectInputStream.java:2046) ~[na:na]
	at java.base/java.io.ObjectInputStream.readClassDesc(ObjectInputStream.java:1912) ~[na:na]
	at java.base/java.io.ObjectInputStream.readOrdinaryObject(ObjectInputStream.java:2237) ~[na:na]
	at java.base/java.io.ObjectInputStream.readObject0(ObjectInputStream.java:1747) ~[na:na]
	at java.base/java.io.ObjectInputStream.readObject(ObjectInputStream.java:525) ~[na:na]
	at java.base/java.io.ObjectInputStream.readObject(ObjectInputStream.java:483) ~[na:na]
	at org.springframework.amqp.utils.SerializationUtils.deserialize(SerializationUtils.java:102) ~[spring-amqp-3.2.3.jar:3.2.3]
	at org.springframework.amqp.support.converter.SimpleMessageConverter.fromMessage(SimpleMessageConverter.java:93) ~[spring-amqp-3.2.3.jar:3.2.3]
	at org.springframework.amqp.rabbit.listener.adapter.AbstractAdaptableMessageListener.extractMessage(AbstractAdaptableMessageListener.java:349) ~[spring-rabbit-3.2.3.jar:3.2.3]
	at org.springframework.amqp.rabbit.listener.adapter.MessagingMessageListenerAdapter$MessagingMessageConverterAdapter.extractPayload(MessagingMessageListenerAdapter.java:378) ~[spring-rabbit-3.2.3.jar:3.2.3]
	at org.springframework.amqp.support.converter.MessagingMessageConverter.fromMessage(MessagingMessageConverter.java:132) ~[spring-amqp-3.2.3.jar:3.2.3]
	at org.springframework.amqp.rabbit.listener.adapter.MessagingMessageListenerAdapter.toMessagingMessage(MessagingMessageListenerAdapter.java:251) ~[spring-rabbit-3.2.3.jar:3.2.3]
	at org.springframework.amqp.rabbit.listener.adapter.MessagingMessageListenerAdapter.onMessage(MessagingMessageListenerAdapter.java:147) ~[spring-rabbit-3.2.3.jar:3.2.3]
	... 13 common frames omitted

2025-03-18T10:52:34.487+05:30  WARN 8620 --- [org.springframework.amqp.rabbit.RabbitListenerEndpointContainer#0-1] s.a.r.l.ConditionalRejectingErrorHandler : Execution of Rabbit message listener failed.

org.springframework.amqp.rabbit.support.ListenerExecutionFailedException: Failed to convert message
	at org.springframework.amqp.rabbit.listener.adapter.MessagingMessageListenerAdapter.onMessage(MessagingMessageListenerAdapter.java:157) ~[spring-rabbit-3.2.3.jar:3.2.3]
	at org.springframework.amqp.rabbit.listener.AbstractMessageListenerContainer.doInvokeListener(AbstractMessageListenerContainer.java:1694) ~[spring-rabbit-3.2.3.jar:3.2.3]
	at org.springframework.amqp.rabbit.listener.AbstractMessageListenerContainer.actualInvokeListener(AbstractMessageListenerContainer.java:1616) ~[spring-rabbit-3.2.3.jar:3.2.3]
	at org.springframework.amqp.rabbit.listener.AbstractMessageListenerContainer.invokeListener(AbstractMessageListenerContainer.java:1604) ~[spring-rabbit-3.2.3.jar:3.2.3]
	at org.springframework.amqp.rabbit.listener.AbstractMessageListenerContainer.doExecuteListener(AbstractMessageListenerContainer.java:1595) ~[spring-rabbit-3.2.3.jar:3.2.3]
	at org.springframework.amqp.rabbit.listener.AbstractMessageListenerContainer.executeListenerAndHandleException(AbstractMessageListenerContainer.java:1540) ~[spring-rabbit-3.2.3.jar:3.2.3]
	at org.springframework.amqp.rabbit.listener.AbstractMessageListenerContainer.lambda$executeListener$8(AbstractMessageListenerContainer.java:1518) ~[spring-rabbit-3.2.3.jar:3.2.3]
	at io.micrometer.observation.Observation.observe(Observation.java:498) ~[micrometer-observation-1.14.4.jar:1.14.4]
	at org.springframework.amqp.rabbit.listener.AbstractMessageListenerContainer.executeListener(AbstractMessageListenerContainer.java:1518) ~[spring-rabbit-3.2.3.jar:3.2.3]
	at org.springframework.amqp.rabbit.listener.SimpleMessageListenerContainer.doReceiveAndExecute(SimpleMessageListenerContainer.java:1086) ~[spring-rabbit-3.2.3.jar:3.2.3]
	at org.springframework.amqp.rabbit.listener.SimpleMessageListenerContainer.receiveAndExecute(SimpleMessageListenerContainer.java:1022) ~[spring-rabbit-3.2.3.jar:3.2.3]
	at org.springframework.amqp.rabbit.listener.SimpleMessageListenerContainer$AsyncMessageProcessingConsumer.mainLoop(SimpleMessageListenerContainer.java:1425) ~[spring-rabbit-3.2.3.jar:3.2.3]
	at org.springframework.amqp.rabbit.listener.SimpleMessageListenerContainer$AsyncMessageProcessingConsumer.run(SimpleMessageListenerContainer.java:1326) ~[spring-rabbit-3.2.3.jar:3.2.3]
	at java.base/java.lang.Thread.run(Thread.java:1570) ~[na:na]
Caused by: java.lang.SecurityException: Attempt to deserialize unauthorized class com.example.AddressBookManagement.DTO.RabbitMQMessageDTO; add allowed class name patterns to the message converter or, if you trust the message originator, set environment variable 'SPRING_AMQP_DESERIALIZATION_TRUST_ALL' or system property 'spring.amqp.deserialization.trust.all' to true
	at org.springframework.amqp.utils.SerializationUtils.checkAllowedList(SerializationUtils.java:164) ~[spring-amqp-3.2.3.jar:3.2.3]
	at org.springframework.amqp.support.converter.AllowedListDeserializingMessageConverter.checkAllowedList(AllowedListDeserializingMessageConverter.java:62) ~[spring-amqp-3.2.3.jar:3.2.3]
	at org.springframework.amqp.support.converter.SimpleMessageConverter$1.resolveClass(SimpleMessageConverter.java:160) ~[spring-amqp-3.2.3.jar:3.2.3]
	at java.base/java.io.ObjectInputStream.readNonProxyDesc(ObjectInputStream.java:2046) ~[na:na]
	at java.base/java.io.ObjectInputStream.readClassDesc(ObjectInputStream.java:1912) ~[na:na]
	at java.base/java.io.ObjectInputStream.readOrdinaryObject(ObjectInputStream.java:2237) ~[na:na]
	at java.base/java.io.ObjectInputStream.readObject0(ObjectInputStream.java:1747) ~[na:na]
	at java.base/java.io.ObjectInputStream.readObject(ObjectInputStream.java:525) ~[na:na]
	at java.base/java.io.ObjectInputStream.readObject(ObjectInputStream.java:483) ~[na:na]
	at org.springframework.amqp.utils.SerializationUtils.deserialize(SerializationUtils.java:102) ~[spring-amqp-3.2.3.jar:3.2.3]
	at org.springframework.amqp.support.converter.SimpleMessageConverter.fromMessage(SimpleMessageConverter.java:93) ~[spring-amqp-3.2.3.jar:3.2.3]
	at org.springframework.amqp.rabbit.listener.adapter.AbstractAdaptableMessageListener.extractMessage(AbstractAdaptableMessageListener.java:349) ~[spring-rabbit-3.2.3.jar:3.2.3]
	at org.springframework.amqp.rabbit.listener.adapter.MessagingMessageListenerAdapter$MessagingMessageConverterAdapter.extractPayload(MessagingMessageListenerAdapter.java:378) ~[spring-rabbit-3.2.3.jar:3.2.3]
	at org.springframework.amqp.support.converter.MessagingMessageConverter.fromMessage(MessagingMessageConverter.java:132) ~[spring-amqp-3.2.3.jar:3.2.3]
	at org.springframework.amqp.rabbit.listener.adapter.MessagingMessageListenerAdapter.toMessagingMessage(MessagingMessageListenerAdapter.java:251) ~[spring-rabbit-3.2.3.jar:3.2.3]
	at org.springframework.amqp.rabbit.listener.adapter.MessagingMessageListenerAdapter.onMessage(MessagingMessageListenerAdapter.java:147) ~[spring-rabbit-3.2.3.jar:3.2.3]
	... 13 common frames omitted

2025-03-18T10:52:34.490+05:30  WARN 8620 --- [org.springframework.amqp.rabbit.RabbitListenerEndpointContainer#0-1] s.a.r.l.ConditionalRejectingErrorHandler : Execution of Rabbit message listener failed.

org.springframework.amqp.rabbit.support.ListenerExecutionFailedException: Failed to convert message
	at org.springframework.amqp.rabbit.listener.adapter.MessagingMessageListenerAdapter.onMessage(MessagingMessageListenerAdapter.java:157) ~[spring-rabbit-3.2.3.jar:3.2.3]
	at org.springframework.amqp.rabbit.listener.AbstractMessageListenerContainer.doInvokeListener(AbstractMessageListenerContainer.java:1694) ~[spring-rabbit-3.2.3.jar:3.2.3]
	at org.springframework.amqp.rabbit.listener.AbstractMessageListenerContainer.actualInvokeListener(AbstractMessageListenerContainer.java:1616) ~[spring-rabbit-3.2.3.jar:3.2.3]
	at org.springframework.amqp.rabbit.listener.AbstractMessageListenerContainer.invokeListener(AbstractMessageListenerContainer.java:1604) ~[spring-rabbit-3.2.3.jar:3.2.3]
	at org.springframework.amqp.rabbit.listener.AbstractMessageListenerContainer.doExecuteListener(AbstractMessageListenerContainer.java:1595) ~[spring-rabbit-3.2.3.jar:3.2.3]
	at org.springframework.amqp.rabbit.listener.AbstractMessageListenerContainer.executeListenerAndHandleException(AbstractMessageListenerContainer.java:1540) ~[spring-rabbit-3.2.3.jar:3.2.3]
	at org.springframework.amqp.rabbit.listener.AbstractMessageListenerContainer.lambda$executeListener$8(AbstractMessageListenerContainer.java:1518) ~[spring-rabbit-3.2.3.jar:3.2.3]
	at io.micrometer.observation.Observation.observe(Observation.java:498) ~[micrometer-observation-1.14.4.jar:1.14.4]
	at org.springframework.amqp.rabbit.listener.AbstractMessageListenerContainer.executeListener(AbstractMessageListenerContainer.java:1518) ~[spring-rabbit-3.2.3.jar:3.2.3]
	at org.springframework.amqp.rabbit.listener.SimpleMessageListenerContainer.doReceiveAndExecute(SimpleMessageListenerContainer.java:1086) ~[spring-rabbit-3.2.3.jar:3.2.3]
	at org.springframework.amqp.rabbit.listener.SimpleMessageListenerContainer.receiveAndExecute(SimpleMessageListenerContainer.java:1022) ~[spring-rabbit-3.2.3.jar:3.2.3]
	at org.springframework.amqp.rabbit.listener.SimpleMessageListenerContainer$AsyncMessageProcessingConsumer.mainLoop(SimpleMessageListenerContainer.java:1425) ~[spring-rabbit-3.2.3.jar:3.2.3]
	at org.springframework.amqp.rabbit.listener.SimpleMessageListenerContainer$AsyncMessageProcessingConsumer.run(SimpleMessageListenerContainer.java:1326) ~[spring-rabbit-3.2.3.jar:3.2.3]
	at java.base/java.lang.Thread.run(Thread.java:1570) ~[na:na]
Caused by: java.lang.SecurityException: Attempt to deserialize unauthorized class com.example.AddressBookManagement.DTO.RabbitMQMessageDTO; add allowed class name patterns to the message converter or, if you trust the message originator, set environment variable 'SPRING_AMQP_DESERIALIZATION_TRUST_ALL' or system property 'spring.amqp.deserialization.trust.all' to true
	at org.springframework.amqp.utils.SerializationUtils.checkAllowedList(SerializationUtils.java:164) ~[spring-amqp-3.2.3.jar:3.2.3]
	at org.springframework.amqp.support.converter.AllowedListDeserializingMessageConverter.checkAllowedList(AllowedListDeserializingMessageConverter.java:62) ~[spring-amqp-3.2.3.jar:3.2.3]
	at org.springframework.amqp.support.converter.SimpleMessageConverter$1.resolveClass(SimpleMessageConverter.java:160) ~[spring-amqp-3.2.3.jar:3.2.3]
	at java.base/java.io.ObjectInputStream.readNonProxyDesc(ObjectInputStream.java:2046) ~[na:na]
	at java.base/java.io.ObjectInputStream.readClassDesc(ObjectInputStream.java:1912) ~[na:na]
	at java.base/java.io.ObjectInputStream.readOrdinaryObject(ObjectInputStream.java:2237) ~[na:na]
	at java.base/java.io.ObjectInputStream.readObject0(ObjectInputStream.java:1747) ~[na:na]
	at java.base/java.io.ObjectInputStream.readObject(ObjectInputStream.java:525) ~[na:na]
	at java.base/java.io.ObjectInputStream.readObject(ObjectInputStream.java:483) ~[na:na]
	at org.springframework.amqp.utils.SerializationUtils.deserialize(SerializationUtils.java:102) ~[spring-amqp-3.2.3.jar:3.2.3]
	at org.springframework.amqp.support.converter.SimpleMessageConverter.fromMessage(SimpleMessageConverter.java:93) ~[spring-amqp-3.2.3.jar:3.2.3]
	at org.springframework.amqp.rabbit.listener.adapter.AbstractAdaptableMessageListener.extractMessage(AbstractAdaptableMessageListener.java:349) ~[spring-rabbit-3.2.3.jar:3.2.3]
	at org.springframework.amqp.rabbit.listener.adapter.MessagingMessageListenerAdapter$MessagingMessageConverterAdapter.extractPayload(MessagingMessageListenerAdapter.java:378) ~[spring-rabbit-3.2.3.jar:3.2.3]
	at org.springframework.amqp.support.converter.MessagingMessageConverter.fromMessage(MessagingMessageConverter.java:132) ~[spring-amqp-3.2.3.jar:3.2.3]
	at org.springframework.amqp.rabbit.listener.adapter.MessagingMessageListenerAdapter.toMessagingMessage(MessagingMessageListenerAdapter.java:251) ~[spring-rabbit-3.2.3.jar:3.2.3]
	at org.springframework.amqp.rabbit.listener.adapter.MessagingMessageListenerAdapter.onMessage(MessagingMessageListenerAdapter.java:147) ~[spring-rabbit-3.2.3.jar:3.2.3]
	... 13 common frames omitted

2025-03-18T10:52:34.497+05:30  WARN 8620 --- [org.springframework.amqp.rabbit.RabbitListenerEndpointContainer#0-1] s.a.r.l.ConditionalRejectingErrorHandler : Execution of Rabbit message listener failed.

org.springframework.amqp.rabbit.support.ListenerExecutionFailedException: Failed to convert message
	at org.springframework.amqp.rabbit.listener.adapter.MessagingMessageListenerAdapter.onMessage(MessagingMessageListenerAdapter.java:157) ~[spring-rabbit-3.2.3.jar:3.2.3]
	at org.springframework.amqp.rabbit.listener.AbstractMessageListenerContainer.doInvokeListener(AbstractMessageListenerContainer.java:1694) ~[spring-rabbit-3.2.3.jar:3.2.3]
	at org.springframework.amqp.rabbit.listener.AbstractMessageListenerContainer.actualInvokeListener(AbstractMessageListenerContainer.java:1616) ~[spring-rabbit-3.2.3.jar:3.2.3]
	at org.springframework.amqp.rabbit.listener.AbstractMessageListenerContainer.invokeListener(AbstractMessageListenerContainer.java:1604) ~[spring-rabbit-3.2.3.jar:3.2.3]
	at org.springframework.amqp.rabbit.listener.AbstractMessageListenerContainer.doExecuteListener(AbstractMessageListenerContainer.java:1595) ~[spring-rabbit-3.2.3.jar:3.2.3]
	at org.springframework.amqp.rabbit.listener.AbstractMessageListenerContainer.executeListenerAndHandleException(AbstractMessageListenerContainer.java:1540) ~[spring-rabbit-3.2.3.jar:3.2.3]
	at org.springframework.amqp.rabbit.listener.AbstractMessageListenerContainer.lambda$executeListener$8(AbstractMessageListenerContainer.java:1518) ~[spring-rabbit-3.2.3.jar:3.2.3]
	at io.micrometer.observation.Observation.observe(Observation.java:498) ~[micrometer-observation-1.14.4.jar:1.14.4]
	at org.springframework.amqp.rabbit.listener.AbstractMessageListenerContainer.executeListener(AbstractMessageListenerContainer.java:1518) ~[spring-rabbit-3.2.3.jar:3.2.3]
	at org.springframework.amqp.rabbit.listener.SimpleMessageListenerContainer.doReceiveAndExecute(SimpleMessageListenerContainer.java:1086) ~[spring-rabbit-3.2.3.jar:3.2.3]
	at org.springframework.amqp.rabbit.listener.SimpleMessageListenerContainer.receiveAndExecute(SimpleMessageListenerContainer.java:1022) ~[spring-rabbit-3.2.3.jar:3.2.3]
	at org.springframework.amqp.rabbit.listener.SimpleMessageListenerContainer$AsyncMessageProcessingConsumer.mainLoop(SimpleMessageListenerContainer.java:1425) ~[spring-rabbit-3.2.3.jar:3.2.3]
	at org.springframework.amqp.rabbit.listener.SimpleMessageListenerContainer$AsyncMessageProcessingConsumer.run(SimpleMessageListenerContainer.java:1326) ~[spring-rabbit-3.2.3.jar:3.2.3]
	at java.base/java.lang.Thread.run(Thread.java:1570) ~[na:na]
Caused by: java.lang.SecurityException: Attempt to deserialize unauthorized class com.example.AddressBookManagement.DTO.RabbitMQMessageDTO; add allowed class name patterns to the message converter or, if you trust the message originator, set environment variable 'SPRING_AMQP_DESERIALIZATION_TRUST_ALL' or system property 'spring.amqp.deserialization.trust.all' to true
	at org.springframework.amqp.utils.SerializationUtils.checkAllowedList(SerializationUtils.java:164) ~[spring-amqp-3.2.3.jar:3.2.3]
	at org.springframework.amqp.support.converter.AllowedListDeserializingMessageConverter.checkAllowedList(AllowedListDeserializingMessageConverter.java:62) ~[spring-amqp-3.2.3.jar:3.2.3]
	at org.springframework.amqp.support.converter.SimpleMessageConverter$1.resolveClass(SimpleMessageConverter.java:160) ~[spring-amqp-3.2.3.jar:3.2.3]
	at java.base/java.io.ObjectInputStream.readNonProxyDesc(ObjectInputStream.java:2046) ~[na:na]
	at java.base/java.io.ObjectInputStream.readClassDesc(ObjectInputStream.java:1912) ~[na:na]
	at java.base/java.io.ObjectInputStream.readOrdinaryObject(ObjectInputStream.java:2237) ~[na:na]
	at java.base/java.io.ObjectInputStream.readObject0(ObjectInputStream.java:1747) ~[na:na]
	at java.base/java.io.ObjectInputStream.readObject(ObjectInputStream.java:525) ~[na:na]
	at java.base/java.io.ObjectInputStream.readObject(ObjectInputStream.java:483) ~[na:na]
	at org.springframework.amqp.utils.SerializationUtils.deserialize(SerializationUtils.java:102) ~[spring-amqp-3.2.3.jar:3.2.3]
	at org.springframework.amqp.support.converter.SimpleMessageConverter.fromMessage(SimpleMessageConverter.java:93) ~[spring-amqp-3.2.3.jar:3.2.3]
	at org.springframework.amqp.rabbit.listener.adapter.AbstractAdaptableMessageListener.extractMessage(AbstractAdaptableMessageListener.java:349) ~[spring-rabbit-3.2.3.jar:3.2.3]
	at org.springframework.amqp.rabbit.listener.adapter.MessagingMessageListenerAdapter$MessagingMessageConverterAdapter.extractPayload(MessagingMessageListenerAdapter.java:378) ~[spring-rabbit-3.2.3.jar:3.2.3]
	at org.springframework.amqp.support.converter.MessagingMessageConverter.fromMessage(MessagingMessageConverter.java:132) ~[spring-amqp-3.2.3.jar:3.2.3]
	at org.springframework.amqp.rabbit.listener.adapter.MessagingMessageListenerAdapter.toMessagingMessage(MessagingMessageListenerAdapter.java:251) ~[spring-rabbit-3.2.3.jar:3.2.3]
	at org.springframework.amqp.rabbit.listener.adapter.MessagingMessageListenerAdapter.onMessage(MessagingMessageListenerAdapter.java:147) ~[spring-rabbit-3.2.3.jar:3.2.3]
	... 13 common frames omitted

2025-03-18T10:52:34.500+05:30  WARN 8620 --- [org.springframework.amqp.rabbit.RabbitListenerEndpointContainer#0-1] s.a.r.l.ConditionalRejectingErrorHandler : Execution of Rabbit message listener failed.

org.springframework.amqp.rabbit.support.ListenerExecutionFailedException: Failed to convert message
	at org.springframework.amqp.rabbit.listener.adapter.MessagingMessageListenerAdapter.onMessage(MessagingMessageListenerAdapter.java:157) ~[spring-rabbit-3.2.3.jar:3.2.3]
	at org.springframework.amqp.rabbit.listener.AbstractMessageListenerContainer.doInvokeListener(AbstractMessageListenerContainer.java:1694) ~[spring-rabbit-3.2.3.jar:3.2.3]
	at org.springframework.amqp.rabbit.listener.AbstractMessageListenerContainer.actualInvokeListener(AbstractMessageListenerContainer.java:1616) ~[spring-rabbit-3.2.3.jar:3.2.3]
	at org.springframework.amqp.rabbit.listener.AbstractMessageListenerContainer.invokeListener(AbstractMessageListenerContainer.java:1604) ~[spring-rabbit-3.2.3.jar:3.2.3]
	at org.springframework.amqp.rabbit.listener.AbstractMessageListenerContainer.doExecuteListener(AbstractMessageListenerContainer.java:1595) ~[spring-rabbit-3.2.3.jar:3.2.3]
	at org.springframework.amqp.rabbit.listener.AbstractMessageListenerContainer.executeListenerAndHandleException(AbstractMessageListenerContainer.java:1540) ~[spring-rabbit-3.2.3.jar:3.2.3]
	at org.springframework.amqp.rabbit.listener.AbstractMessageListenerContainer.lambda$executeListener$8(AbstractMessageListenerContainer.java:1518) ~[spring-rabbit-3.2.3.jar:3.2.3]
	at io.micrometer.observation.Observation.observe(Observation.java:498) ~[micrometer-observation-1.14.4.jar:1.14.4]
	at org.springframework.amqp.rabbit.listener.AbstractMessageListenerContainer.executeListener(AbstractMessageListenerContainer.java:1518) ~[spring-rabbit-3.2.3.jar:3.2.3]
	at org.springframework.amqp.rabbit.listener.SimpleMessageListenerContainer.doReceiveAndExecute(SimpleMessageListenerContainer.java:1086) ~[spring-rabbit-3.2.3.jar:3.2.3]
	at org.springframework.amqp.rabbit.listener.SimpleMessageListenerContainer.receiveAndExecute(SimpleMessageListenerContainer.java:1022) ~[spring-rabbit-3.2.3.jar:3.2.3]
	at org.springframework.amqp.rabbit.listener.SimpleMessageListenerContainer$AsyncMessageProcessingConsumer.mainLoop(SimpleMessageListenerContainer.java:1425) ~[spring-rabbit-3.2.3.jar:3.2.3]
	at org.springframework.amqp.rabbit.listener.SimpleMessageListenerContainer$AsyncMessageProcessingConsumer.run(SimpleMessageListenerContainer.java:1326) ~[spring-rabbit-3.2.3.jar:3.2.3]
	at java.base/java.lang.Thread.run(Thread.java:1570) ~[na:na]
Caused by: java.lang.SecurityException: Attempt to deserialize unauthorized class com.example.AddressBookManagement.DTO.RabbitMQMessageDTO; add allowed class name patterns to the message converter or, if you trust the message originator, set environment variable 'SPRING_AMQP_DESERIALIZATION_TRUST_ALL' or system property 'spring.amqp.deserialization.trust.all' to true
	at org.springframework.amqp.utils.SerializationUtils.checkAllowedList(SerializationUtils.java:164) ~[spring-amqp-3.2.3.jar:3.2.3]
	at org.springframework.amqp.support.converter.AllowedListDeserializingMessageConverter.checkAllowedList(AllowedListDeserializingMessageConverter.java:62) ~[spring-amqp-3.2.3.jar:3.2.3]
	at org.springframework.amqp.support.converter.SimpleMessageConverter$1.resolveClass(SimpleMessageConverter.java:160) ~[spring-amqp-3.2.3.jar:3.2.3]
	at java.base/java.io.ObjectInputStream.readNonProxyDesc(ObjectInputStream.java:2046) ~[na:na]
	at java.base/java.io.ObjectInputStream.readClassDesc(ObjectInputStream.java:1912) ~[na:na]
	at java.base/java.io.ObjectInputStream.readOrdinaryObject(ObjectInputStream.java:2237) ~[na:na]
	at java.base/java.io.ObjectInputStream.readObject0(ObjectInputStream.java:1747) ~[na:na]
	at java.base/java.io.ObjectInputStream.readObject(ObjectInputStream.java:525) ~[na:na]
	at java.base/java.io.ObjectInputStream.readObject(ObjectInputStream.java:483) ~[na:na]
	at org.springframework.amqp.utils.SerializationUtils.deserialize(SerializationUtils.java:102) ~[spring-amqp-3.2.3.jar:3.2.3]
	at org.springframework.amqp.support.converter.SimpleMessageConverter.fromMessage(SimpleMessageConverter.java:93) ~[spring-amqp-3.2.3.jar:3.2.3]
	at org.springframework.amqp.rabbit.listener.adapter.AbstractAdaptableMessageListener.extractMessage(AbstractAdaptableMessageListener.java:349) ~[spring-rabbit-3.2.3.jar:3.2.3]
	at org.springframework.amqp.rabbit.listener.adapter.MessagingMessageListenerAdapter$MessagingMessageConverterAdapter.extractPayload(MessagingMessageListenerAdapter.java:378) ~[spring-rabbit-3.2.3.jar:3.2.3]
	at org.springframework.amqp.support.converter.MessagingMessageConverter.fromMessage(MessagingMessageConverter.java:132) ~[spring-amqp-3.2.3.jar:3.2.3]
	at org.springframework.amqp.rabbit.listener.adapter.MessagingMessageListenerAdapter.toMessagingMessage(MessagingMessageListenerAdapter.java:251) ~[spring-rabbit-3.2.3.jar:3.2.3]
	at org.springframework.amqp.rabbit.listener.adapter.MessagingMessageListenerAdapter.onMessage(MessagingMessageListenerAdapter.java:147) ~[spring-rabbit-3.2.3.jar:3.2.3]
	... 13 common frames omitted

2025-03-18T10:52:34.502+05:30  WARN 8620 --- [org.springframework.amqp.rabbit.RabbitListenerEndpointContainer#0-1] s.a.r.l.ConditionalRejectingErrorHandler : Execution of Rabbit message listener failed.

org.springframework.amqp.rabbit.support.ListenerExecutionFailedException: Failed to convert message
	at org.springframework.amqp.rabbit.listener.adapter.MessagingMessageListenerAdapter.onMessage(MessagingMessageListenerAdapter.java:157) ~[spring-rabbit-3.2.3.jar:3.2.3]
	at org.springframework.amqp.rabbit.listener.AbstractMessageListenerContainer.doInvokeListener(AbstractMessageListenerContainer.java:1694) ~[spring-rabbit-3.2.3.jar:3.2.3]
	at org.springframework.amqp.rabbit.listener.AbstractMessageListenerContainer.actualInvokeListener(AbstractMessageListenerContainer.java:1616) ~[spring-rabbit-3.2.3.jar:3.2.3]
	at org.springframework.amqp.rabbit.listener.AbstractMessageListenerContainer.invokeListener(AbstractMessageListenerContainer.java:1604) ~[spring-rabbit-3.2.3.jar:3.2.3]
	at org.springframework.amqp.rabbit.listener.AbstractMessageListenerContainer.doExecuteListener(AbstractMessageListenerContainer.java:1595) ~[spring-rabbit-3.2.3.jar:3.2.3]
	at org.springframework.amqp.rabbit.listener.AbstractMessageListenerContainer.executeListenerAndHandleException(AbstractMessageListenerContainer.java:1540) ~[spring-rabbit-3.2.3.jar:3.2.3]
	at org.springframework.amqp.rabbit.listener.AbstractMessageListenerContainer.lambda$executeListener$8(AbstractMessageListenerContainer.java:1518) ~[spring-rabbit-3.2.3.jar:3.2.3]
	at io.micrometer.observation.Observation.observe(Observation.java:498) ~[micrometer-observation-1.14.4.jar:1.14.4]
	at org.springframework.amqp.rabbit.listener.AbstractMessageListenerContainer.executeListener(AbstractMessageListenerContainer.java:1518) ~[spring-rabbit-3.2.3.jar:3.2.3]
	at org.springframework.amqp.rabbit.listener.SimpleMessageListenerContainer.doReceiveAndExecute(SimpleMessageListenerContainer.java:1086) ~[spring-rabbit-3.2.3.jar:3.2.3]
	at org.springframework.amqp.rabbit.listener.SimpleMessageListenerContainer.receiveAndExecute(SimpleMessageListenerContainer.java:1022) ~[spring-rabbit-3.2.3.jar:3.2.3]
	at org.springframework.amqp.rabbit.listener.SimpleMessageListenerContainer$AsyncMessageProcessingConsumer.mainLoop(SimpleMessageListenerContainer.java:1425) ~[spring-rabbit-3.2.3.jar:3.2.3]
	at org.springframework.amqp.rabbit.listener.SimpleMessageListenerContainer$AsyncMessageProcessingConsumer.run(SimpleMessageListenerContainer.java:1326) ~[spring-rabbit-3.2.3.jar:3.2.3]
	at java.base/java.lang.Thread.run(Thread.java:1570) ~[na:na]
Caused by: java.lang.SecurityException: Attempt to deserialize unauthorized class com.example.AddressBookManagement.DTO.RabbitMQMessageDTO; add allowed class name patterns to the message converter or, if you trust the message originator, set environment variable 'SPRING_AMQP_DESERIALIZATION_TRUST_ALL' or system property 'spring.amqp.deserialization.trust.all' to true
	at org.springframework.amqp.utils.SerializationUtils.checkAllowedList(SerializationUtils.java:164) ~[spring-amqp-3.2.3.jar:3.2.3]
	at org.springframework.amqp.support.converter.AllowedListDeserializingMessageConverter.checkAllowedList(AllowedListDeserializingMessageConverter.java:62) ~[spring-amqp-3.2.3.jar:3.2.3]
	at org.springframework.amqp.support.converter.SimpleMessageConverter$1.resolveClass(SimpleMessageConverter.java:160) ~[spring-amqp-3.2.3.jar:3.2.3]
	at java.base/java.io.ObjectInputStream.readNonProxyDesc(ObjectInputStream.java:2046) ~[na:na]
	at java.base/java.io.ObjectInputStream.readClassDesc(ObjectInputStream.java:1912) ~[na:na]
	at java.base/java.io.ObjectInputStream.readOrdinaryObject(ObjectInputStream.java:2237) ~[na:na]
	at java.base/java.io.ObjectInputStream.readObject0(ObjectInputStream.java:1747) ~[na:na]
	at java.base/java.io.ObjectInputStream.readObject(ObjectInputStream.java:525) ~[na:na]
	at java.base/java.io.ObjectInputStream.readObject(ObjectInputStream.java:483) ~[na:na]
	at org.springframework.amqp.utils.SerializationUtils.deserialize(SerializationUtils.java:102) ~[spring-amqp-3.2.3.jar:3.2.3]
	at org.springframework.amqp.support.converter.SimpleMessageConverter.fromMessage(SimpleMessageConverter.java:93) ~[spring-amqp-3.2.3.jar:3.2.3]
	at org.springframework.amqp.rabbit.listener.adapter.AbstractAdaptableMessageListener.extractMessage(AbstractAdaptableMessageListener.java:349) ~[spring-rabbit-3.2.3.jar:3.2.3]
	at org.springframework.amqp.rabbit.listener.adapter.MessagingMessageListenerAdapter$MessagingMessageConverterAdapter.extractPayload(MessagingMessageListenerAdapter.java:378) ~[spring-rabbit-3.2.3.jar:3.2.3]
	at org.springframework.amqp.support.converter.MessagingMessageConverter.fromMessage(MessagingMessageConverter.java:132) ~[spring-amqp-3.2.3.jar:3.2.3]
	at org.springframework.amqp.rabbit.listener.adapter.MessagingMessageListenerAdapter.toMessagingMessage(MessagingMessageListenerAdapter.java:251) ~[spring-rabbit-3.2.3.jar:3.2.3]
	at org.springframework.amqp.rabbit.listener.adapter.MessagingMessageListenerAdapter.onMessage(MessagingMessageListenerAdapter.java:147) ~[spring-rabbit-3.2.3.jar:3.2.3]
	... 13 common frames omitted

2025-03-18T10:52:34.508+05:30  WARN 8620 --- [org.springframework.amqp.rabbit.RabbitListenerEndpointContainer#0-1] s.a.r.l.ConditionalRejectingErrorHandler : Execution of Rabbit message listener failed.

org.springframework.amqp.rabbit.support.ListenerExecutionFailedException: Failed to convert message
	at org.springframework.amqp.rabbit.listener.adapter.MessagingMessageListenerAdapter.onMessage(MessagingMessageListenerAdapter.java:157) ~[spring-rabbit-3.2.3.jar:3.2.3]
	at org.springframework.amqp.rabbit.listener.AbstractMessageListenerContainer.doInvokeListener(AbstractMessageListenerContainer.java:1694) ~[spring-rabbit-3.2.3.jar:3.2.3]
	at org.springframework.amqp.rabbit.listener.AbstractMessageListenerContainer.actualInvokeListener(AbstractMessageListenerContainer.java:1616) ~[spring-rabbit-3.2.3.jar:3.2.3]
	at org.springframework.amqp.rabbit.listener.AbstractMessageListenerContainer.invokeListener(AbstractMessageListenerContainer.java:1604) ~[spring-rabbit-3.2.3.jar:3.2.3]
	at org.springframework.amqp.rabbit.listener.AbstractMessageListenerContainer.doExecuteListener(AbstractMessageListenerContainer.java:1595) ~[spring-rabbit-3.2.3.jar:3.2.3]
	at org.springframework.amqp.rabbit.listener.AbstractMessageListenerContainer.executeListenerAndHandleException(AbstractMessageListenerContainer.java:1540) ~[spring-rabbit-3.2.3.jar:3.2.3]
	at org.springframework.amqp.rabbit.listener.AbstractMessageListenerContainer.lambda$executeListener$8(AbstractMessageListenerContainer.java:1518) ~[spring-rabbit-3.2.3.jar:3.2.3]
	at io.micrometer.observation.Observation.observe(Observation.java:498) ~[micrometer-observation-1.14.4.jar:1.14.4]
	at org.springframework.amqp.rabbit.listener.AbstractMessageListenerContainer.executeListener(AbstractMessageListenerContainer.java:1518) ~[spring-rabbit-3.2.3.jar:3.2.3]
	at org.springframework.amqp.rabbit.listener.SimpleMessageListenerContainer.doReceiveAndExecute(SimpleMessageListenerContainer.java:1086) ~[spring-rabbit-3.2.3.jar:3.2.3]
	at org.springframework.amqp.rabbit.listener.SimpleMessageListenerContainer.receiveAndExecute(SimpleMessageListenerContainer.java:1022) ~[spring-rabbit-3.2.3.jar:3.2.3]
	at org.springframework.amqp.rabbit.listener.SimpleMessageListenerContainer$AsyncMessageProcessingConsumer.mainLoop(SimpleMessageListenerContainer.java:1425) ~[spring-rabbit-3.2.3.jar:3.2.3]
	at org.springframework.amqp.rabbit.listener.SimpleMessageListenerContainer$AsyncMessageProcessingConsumer.run(SimpleMessageListenerContainer.java:1326) ~[spring-rabbit-3.2.3.jar:3.2.3]
	at java.base/java.lang.Thread.run(Thread.java:1570) ~[na:na]
Caused by: java.lang.SecurityException: Attempt to deserialize unauthorized class com.example.AddressBookManagement.DTO.RabbitMQMessageDTO; add allowed class name patterns to the message converter or, if you trust the message originator, set environment variable 'SPRING_AMQP_DESERIALIZATION_TRUST_ALL' or system property 'spring.amqp.deserialization.trust.all' to true
	at org.springframework.amqp.utils.SerializationUtils.checkAllowedList(SerializationUtils.java:164) ~[spring-amqp-3.2.3.jar:3.2.3]
	at org.springframework.amqp.support.converter.AllowedListDeserializingMessageConverter.checkAllowedList(AllowedListDeserializingMessageConverter.java:62) ~[spring-amqp-3.2.3.jar:3.2.3]
	at org.springframework.amqp.support.converter.SimpleMessageConverter$1.resolveClass(SimpleMessageConverter.java:160) ~[spring-amqp-3.2.3.jar:3.2.3]
	at java.base/java.io.ObjectInputStream.readNonProxyDesc(ObjectInputStream.java:2046) ~[na:na]
	at java.base/java.io.ObjectInputStream.readClassDesc(ObjectInputStream.java:1912) ~[na:na]
	at java.base/java.io.ObjectInputStream.readOrdinaryObject(ObjectInputStream.java:2237) ~[na:na]
	at java.base/java.io.ObjectInputStream.readObject0(ObjectInputStream.java:1747) ~[na:na]
	at java.base/java.io.ObjectInputStream.readObject(ObjectInputStream.java:525) ~[na:na]
	at java.base/java.io.ObjectInputStream.readObject(ObjectInputStream.java:483) ~[na:na]
	at org.springframework.amqp.utils.SerializationUtils.deserialize(SerializationUtils.java:102) ~[spring-amqp-3.2.3.jar:3.2.3]
	at org.springframework.amqp.support.converter.SimpleMessageConverter.fromMessage(SimpleMessageConverter.java:93) ~[spring-amqp-3.2.3.jar:3.2.3]
	at org.springframework.amqp.rabbit.listener.adapter.AbstractAdaptableMessageListener.extractMessage(AbstractAdaptableMessageListener.java:349) ~[spring-rabbit-3.2.3.jar:3.2.3]
	at org.springframework.amqp.rabbit.listener.adapter.MessagingMessageListenerAdapter$MessagingMessageConverterAdapter.extractPayload(MessagingMessageListenerAdapter.java:378) ~[spring-rabbit-3.2.3.jar:3.2.3]
	at org.springframework.amqp.support.converter.MessagingMessageConverter.fromMessage(MessagingMessageConverter.java:132) ~[spring-amqp-3.2.3.jar:3.2.3]
	at org.springframework.amqp.rabbit.listener.adapter.MessagingMessageListenerAdapter.toMessagingMessage(MessagingMessageListenerAdapter.java:251) ~[spring-rabbit-3.2.3.jar:3.2.3]
	at org.springframework.amqp.rabbit.listener.adapter.MessagingMessageListenerAdapter.onMessage(MessagingMessageListenerAdapter.java:147) ~[spring-rabbit-3.2.3.jar:3.2.3]
	... 13 common frames omitted

2025-03-18T10:52:34.515+05:30  WARN 8620 --- [org.springframework.amqp.rabbit.RabbitListenerEndpointContainer#0-1] s.a.r.l.ConditionalRejectingErrorHandler : Execution of Rabbit message listener failed.

org.springframework.amqp.rabbit.support.ListenerExecutionFailedException: Failed to convert message
	at org.springframework.amqp.rabbit.listener.adapter.MessagingMessageListenerAdapter.onMessage(MessagingMessageListenerAdapter.java:157) ~[spring-rabbit-3.2.3.jar:3.2.3]
	at org.springframework.amqp.rabbit.listener.AbstractMessageListenerContainer.doInvokeListener(AbstractMessageListenerContainer.java:1694) ~[spring-rabbit-3.2.3.jar:3.2.3]
	at org.springframework.amqp.rabbit.listener.AbstractMessageListenerContainer.actualInvokeListener(AbstractMessageListenerContainer.java:1616) ~[spring-rabbit-3.2.3.jar:3.2.3]
	at org.springframework.amqp.rabbit.listener.AbstractMessageListenerContainer.invokeListener(AbstractMessageListenerContainer.java:1604) ~[spring-rabbit-3.2.3.jar:3.2.3]
	at org.springframework.amqp.rabbit.listener.AbstractMessageListenerContainer.doExecuteListener(AbstractMessageListenerContainer.java:1595) ~[spring-rabbit-3.2.3.jar:3.2.3]
	at org.springframework.amqp.rabbit.listener.AbstractMessageListenerContainer.executeListenerAndHandleException(AbstractMessageListenerContainer.java:1540) ~[spring-rabbit-3.2.3.jar:3.2.3]
	at org.springframework.amqp.rabbit.listener.AbstractMessageListenerContainer.lambda$executeListener$8(AbstractMessageListenerContainer.java:1518) ~[spring-rabbit-3.2.3.jar:3.2.3]
	at io.micrometer.observation.Observation.observe(Observation.java:498) ~[micrometer-observation-1.14.4.jar:1.14.4]
	at org.springframework.amqp.rabbit.listener.AbstractMessageListenerContainer.executeListener(AbstractMessageListenerContainer.java:1518) ~[spring-rabbit-3.2.3.jar:3.2.3]
	at org.springframework.amqp.rabbit.listener.SimpleMessageListenerContainer.doReceiveAndExecute(SimpleMessageListenerContainer.java:1086) ~[spring-rabbit-3.2.3.jar:3.2.3]
	at org.springframework.amqp.rabbit.listener.SimpleMessageListenerContainer.receiveAndExecute(SimpleMessageListenerContainer.java:1022) ~[spring-rabbit-3.2.3.jar:3.2.3]
	at org.springframework.amqp.rabbit.listener.SimpleMessageListenerContainer$AsyncMessageProcessingConsumer.mainLoop(SimpleMessageListenerContainer.java:1425) ~[spring-rabbit-3.2.3.jar:3.2.3]
	at org.springframework.amqp.rabbit.listener.SimpleMessageListenerContainer$AsyncMessageProcessingConsumer.run(SimpleMessageListenerContainer.java:1326) ~[spring-rabbit-3.2.3.jar:3.2.3]
	at java.base/java.lang.Thread.run(Thread.java:1570) ~[na:na]
Caused by: java.lang.SecurityException: Attempt to deserialize unauthorized class com.example.AddressBookManagement.DTO.RabbitMQMessageDTO; add allowed class name patterns to the message converter or, if you trust the message originator, set environment variable 'SPRING_AMQP_DESERIALIZATION_TRUST_ALL' or system property 'spring.amqp.deserialization.trust.all' to true
	at org.springframework.amqp.utils.SerializationUtils.checkAllowedList(SerializationUtils.java:164) ~[spring-amqp-3.2.3.jar:3.2.3]
	at org.springframework.amqp.support.converter.AllowedListDeserializingMessageConverter.checkAllowedList(AllowedListDeserializingMessageConverter.java:62) ~[spring-amqp-3.2.3.jar:3.2.3]
	at org.springframework.amqp.support.converter.SimpleMessageConverter$1.resolveClass(SimpleMessageConverter.java:160) ~[spring-amqp-3.2.3.jar:3.2.3]
	at java.base/java.io.ObjectInputStream.readNonProxyDesc(ObjectInputStream.java:2046) ~[na:na]
	at java.base/java.io.ObjectInputStream.readClassDesc(ObjectInputStream.java:1912) ~[na:na]
	at java.base/java.io.ObjectInputStream.readOrdinaryObject(ObjectInputStream.java:2237) ~[na:na]
	at java.base/java.io.ObjectInputStream.readObject0(ObjectInputStream.java:1747) ~[na:na]
	at java.base/java.io.ObjectInputStream.readObject(ObjectInputStream.java:525) ~[na:na]
	at java.base/java.io.ObjectInputStream.readObject(ObjectInputStream.java:483) ~[na:na]
	at org.springframework.amqp.utils.SerializationUtils.deserialize(SerializationUtils.java:102) ~[spring-amqp-3.2.3.jar:3.2.3]
	at org.springframework.amqp.support.converter.SimpleMessageConverter.fromMessage(SimpleMessageConverter.java:93) ~[spring-amqp-3.2.3.jar:3.2.3]
	at org.springframework.amqp.rabbit.listener.adapter.AbstractAdaptableMessageListener.extractMessage(AbstractAdaptableMessageListener.java:349) ~[spring-rabbit-3.2.3.jar:3.2.3]
	at org.springframework.amqp.rabbit.listener.adapter.MessagingMessageListenerAdapter$MessagingMessageConverterAdapter.extractPayload(MessagingMessageListenerAdapter.java:378) ~[spring-rabbit-3.2.3.jar:3.2.3]
	at org.springframework.amqp.support.converter.MessagingMessageConverter.fromMessage(MessagingMessageConverter.java:132) ~[spring-amqp-3.2.3.jar:3.2.3]
	at org.springframework.amqp.rabbit.listener.adapter.MessagingMessageListenerAdapter.toMessagingMessage(MessagingMessageListenerAdapter.java:251) ~[spring-rabbit-3.2.3.jar:3.2.3]
	at org.springframework.amqp.rabbit.listener.adapter.MessagingMessageListenerAdapter.onMessage(MessagingMessageListenerAdapter.java:147) ~[spring-rabbit-3.2.3.jar:3.2.3]
	... 13 common frames omitted

2025-03-18T10:52:34.575+05:30  WARN 8620 --- [org.springframework.amqp.rabbit.RabbitListenerEndpointContainer#0-1] s.a.r.l.ConditionalRejectingErrorHandler : Execution of Rabbit message listener failed.

org.springframework.amqp.rabbit.support.ListenerExecutionFailedException: Failed to convert message
	at org.springframework.amqp.rabbit.listener.adapter.MessagingMessageListenerAdapter.onMessage(MessagingMessageListenerAdapter.java:157) ~[spring-rabbit-3.2.3.jar:3.2.3]
	at org.springframework.amqp.rabbit.listener.AbstractMessageListenerContainer.doInvokeListener(AbstractMessageListenerContainer.java:1694) ~[spring-rabbit-3.2.3.jar:3.2.3]
	at org.springframework.amqp.rabbit.listener.AbstractMessageListenerContainer.actualInvokeListener(AbstractMessageListenerContainer.java:1616) ~[spring-rabbit-3.2.3.jar:3.2.3]
	at org.springframework.amqp.rabbit.listener.AbstractMessageListenerContainer.invokeListener(AbstractMessageListenerContainer.java:1604) ~[spring-rabbit-3.2.3.jar:3.2.3]
	at org.springframework.amqp.rabbit.listener.AbstractMessageListenerContainer.doExecuteListener(AbstractMessageListenerContainer.java:1595) ~[spring-rabbit-3.2.3.jar:3.2.3]
	at org.springframework.amqp.rabbit.listener.AbstractMessageListenerContainer.executeListenerAndHandleException(AbstractMessageListenerContainer.java:1540) ~[spring-rabbit-3.2.3.jar:3.2.3]
	at org.springframework.amqp.rabbit.listener.AbstractMessageListenerContainer.lambda$executeListener$8(AbstractMessageListenerContainer.java:1518) ~[spring-rabbit-3.2.3.jar:3.2.3]
	at io.micrometer.observation.Observation.observe(Observation.java:498) ~[micrometer-observation-1.14.4.jar:1.14.4]
	at org.springframework.amqp.rabbit.listener.AbstractMessageListenerContainer.executeListener(AbstractMessageListenerContainer.java:1518) ~[spring-rabbit-3.2.3.jar:3.2.3]
	at org.springframework.amqp.rabbit.listener.SimpleMessageListenerContainer.doReceiveAndExecute(SimpleMessageListenerContainer.java:1086) ~[spring-rabbit-3.2.3.jar:3.2.3]
	at org.springframework.amqp.rabbit.listener.SimpleMessageListenerContainer.receiveAndExecute(SimpleMessageListenerContainer.java:1022) ~[spring-rabbit-3.2.3.jar:3.2.3]
	at org.springframework.amqp.rabbit.listener.SimpleMessageListenerContainer$AsyncMessageProcessingConsumer.mainLoop(SimpleMessageListenerContainer.java:1425) ~[spring-rabbit-3.2.3.jar:3.2.3]
	at org.springframework.amqp.rabbit.listener.SimpleMessageListenerContainer$AsyncMessageProcessingConsumer.run(SimpleMessageListenerContainer.java:1326) ~[spring-rabbit-3.2.3.jar:3.2.3]
	at java.base/java.lang.Thread.run(Thread.java:1570) ~[na:na]
Caused by: java.lang.SecurityException: Attempt to deserialize unauthorized class com.example.AddressBookManagement.DTO.RabbitMQMessageDTO; add allowed class name patterns to the message converter or, if you trust the message originator, set environment variable 'SPRING_AMQP_DESERIALIZATION_TRUST_ALL' or system property 'spring.amqp.deserialization.trust.all' to true
	at org.springframework.amqp.utils.SerializationUtils.checkAllowedList(SerializationUtils.java:164) ~[spring-amqp-3.2.3.jar:3.2.3]
	at org.springframework.amqp.support.converter.AllowedListDeserializingMessageConverter.checkAllowedList(AllowedListDeserializingMessageConverter.java:62) ~[spring-amqp-3.2.3.jar:3.2.3]
	at org.springframework.amqp.support.converter.SimpleMessageConverter$1.resolveClass(SimpleMessageConverter.java:160) ~[spring-amqp-3.2.3.jar:3.2.3]
	at java.base/java.io.ObjectInputStream.readNonProxyDesc(ObjectInputStream.java:2046) ~[na:na]
	at java.base/java.io.ObjectInputStream.readClassDesc(ObjectInputStream.java:1912) ~[na:na]
	at java.base/java.io.ObjectInputStream.readOrdinaryObject(ObjectInputStream.java:2237) ~[na:na]
	at java.base/java.io.ObjectInputStream.readObject0(ObjectInputStream.java:1747) ~[na:na]
	at java.base/java.io.ObjectInputStream.readObject(ObjectInputStream.java:525) ~[na:na]
	at java.base/java.io.ObjectInputStream.readObject(ObjectInputStream.java:483) ~[na:na]
	at org.springframework.amqp.utils.SerializationUtils.deserialize(SerializationUtils.java:102) ~[spring-amqp-3.2.3.jar:3.2.3]
	at org.springframework.amqp.support.converter.SimpleMessageConverter.fromMessage(SimpleMessageConverter.java:93) ~[spring-amqp-3.2.3.jar:3.2.3]
	at org.springframework.amqp.rabbit.listener.adapter.AbstractAdaptableMessageListener.extractMessage(AbstractAdaptableMessageListener.java:349) ~[spring-rabbit-3.2.3.jar:3.2.3]
	at org.springframework.amqp.rabbit.listener.adapter.MessagingMessageListenerAdapter$MessagingMessageConverterAdapter.extractPayload(MessagingMessageListenerAdapter.java:378) ~[spring-rabbit-3.2.3.jar:3.2.3]
	at org.springframework.amqp.support.converter.MessagingMessageConverter.fromMessage(MessagingMessageConverter.java:132) ~[spring-amqp-3.2.3.jar:3.2.3]
	at org.springframework.amqp.rabbit.listener.adapter.MessagingMessageListenerAdapter.toMessagingMessage(MessagingMessageListenerAdapter.java:251) ~[spring-rabbit-3.2.3.jar:3.2.3]
	at org.springframework.amqp.rabbit.listener.adapter.MessagingMessageListenerAdapter.onMessage(MessagingMessageListenerAdapter.java:147) ~[spring-rabbit-3.2.3.jar:3.2.3]
	... 13 common frames omitted

2025-03-18T10:52:34.580+05:30  WARN 8620 --- [org.springframework.amqp.rabbit.RabbitListenerEndpointContainer#0-1] s.a.r.l.ConditionalRejectingErrorHandler : Execution of Rabbit message listener failed.

org.springframework.amqp.rabbit.support.ListenerExecutionFailedException: Failed to convert message
	at org.springframework.amqp.rabbit.listener.adapter.MessagingMessageListenerAdapter.onMessage(MessagingMessageListenerAdapter.java:157) ~[spring-rabbit-3.2.3.jar:3.2.3]
	at org.springframework.amqp.rabbit.listener.AbstractMessageListenerContainer.doInvokeListener(AbstractMessageListenerContainer.java:1694) ~[spring-rabbit-3.2.3.jar:3.2.3]
	at org.springframework.amqp.rabbit.listener.AbstractMessageListenerContainer.actualInvokeListener(AbstractMessageListenerContainer.java:1616) ~[spring-rabbit-3.2.3.jar:3.2.3]
	at org.springframework.amqp.rabbit.listener.AbstractMessageListenerContainer.invokeListener(AbstractMessageListenerContainer.java:1604) ~[spring-rabbit-3.2.3.jar:3.2.3]
	at org.springframework.amqp.rabbit.listener.AbstractMessageListenerContainer.doExecuteListener(AbstractMessageListenerContainer.java:1595) ~[spring-rabbit-3.2.3.jar:3.2.3]
	at org.springframework.amqp.rabbit.listener.AbstractMessageListenerContainer.executeListenerAndHandleException(AbstractMessageListenerContainer.java:1540) ~[spring-rabbit-3.2.3.jar:3.2.3]
	at org.springframework.amqp.rabbit.listener.AbstractMessageListenerContainer.lambda$executeListener$8(AbstractMessageListenerContainer.java:1518) ~[spring-rabbit-3.2.3.jar:3.2.3]
	at io.micrometer.observation.Observation.observe(Observation.java:498) ~[micrometer-observation-1.14.4.jar:1.14.4]
	at org.springframework.amqp.rabbit.listener.AbstractMessageListenerContainer.executeListener(AbstractMessageListenerContainer.java:1518) ~[spring-rabbit-3.2.3.jar:3.2.3]
	at org.springframework.amqp.rabbit.listener.SimpleMessageListenerContainer.doReceiveAndExecute(SimpleMessageListenerContainer.java:1086) ~[spring-rabbit-3.2.3.jar:3.2.3]
	at org.springframework.amqp.rabbit.listener.SimpleMessageListenerContainer.receiveAndExecute(SimpleMessageListenerContainer.java:1022) ~[spring-rabbit-3.2.3.jar:3.2.3]
	at org.springframework.amqp.rabbit.listener.SimpleMessageListenerContainer$AsyncMessageProcessingConsumer.mainLoop(SimpleMessageListenerContainer.java:1425) ~[spring-rabbit-3.2.3.jar:3.2.3]
	at org.springframework.amqp.rabbit.listener.SimpleMessageListenerContainer$AsyncMessageProcessingConsumer.run(SimpleMessageListenerContainer.java:1326) ~[spring-rabbit-3.2.3.jar:3.2.3]
	at java.base/java.lang.Thread.run(Thread.java:1570) ~[na:na]
Caused by: java.lang.SecurityException: Attempt to deserialize unauthorized class com.example.AddressBookManagement.DTO.RabbitMQMessageDTO; add allowed class name patterns to the message converter or, if you trust the message originator, set environment variable 'SPRING_AMQP_DESERIALIZATION_TRUST_ALL' or system property 'spring.amqp.deserialization.trust.all' to true
	at org.springframework.amqp.utils.SerializationUtils.checkAllowedList(SerializationUtils.java:164) ~[spring-amqp-3.2.3.jar:3.2.3]
	at org.springframework.amqp.support.converter.AllowedListDeserializingMessageConverter.checkAllowedList(AllowedListDeserializingMessageConverter.java:62) ~[spring-amqp-3.2.3.jar:3.2.3]
	at org.springframework.amqp.support.converter.SimpleMessageConverter$1.resolveClass(SimpleMessageConverter.java:160) ~[spring-amqp-3.2.3.jar:3.2.3]
	at java.base/java.io.ObjectInputStream.readNonProxyDesc(ObjectInputStream.java:2046) ~[na:na]
	at java.base/java.io.ObjectInputStream.readClassDesc(ObjectInputStream.java:1912) ~[na:na]
	at java.base/java.io.ObjectInputStream.readOrdinaryObject(ObjectInputStream.java:2237) ~[na:na]
	at java.base/java.io.ObjectInputStream.readObject0(ObjectInputStream.java:1747) ~[na:na]
	at java.base/java.io.ObjectInputStream.readObject(ObjectInputStream.java:525) ~[na:na]
	at java.base/java.io.ObjectInputStream.readObject(ObjectInputStream.java:483) ~[na:na]
	at org.springframework.amqp.utils.SerializationUtils.deserialize(SerializationUtils.java:102) ~[spring-amqp-3.2.3.jar:3.2.3]
	at org.springframework.amqp.support.converter.SimpleMessageConverter.fromMessage(SimpleMessageConverter.java:93) ~[spring-amqp-3.2.3.jar:3.2.3]
	at org.springframework.amqp.rabbit.listener.adapter.AbstractAdaptableMessageListener.extractMessage(AbstractAdaptableMessageListener.java:349) ~[spring-rabbit-3.2.3.jar:3.2.3]
	at org.springframework.amqp.rabbit.listener.adapter.MessagingMessageListenerAdapter$MessagingMessageConverterAdapter.extractPayload(MessagingMessageListenerAdapter.java:378) ~[spring-rabbit-3.2.3.jar:3.2.3]
	at org.springframework.amqp.support.converter.MessagingMessageConverter.fromMessage(MessagingMessageConverter.java:132) ~[spring-amqp-3.2.3.jar:3.2.3]
	at org.springframework.amqp.rabbit.listener.adapter.MessagingMessageListenerAdapter.toMessagingMessage(MessagingMessageListenerAdapter.java:251) ~[spring-rabbit-3.2.3.jar:3.2.3]
	at org.springframework.amqp.rabbit.listener.adapter.MessagingMessageListenerAdapter.onMessage(MessagingMessageListenerAdapter.java:147) ~[spring-rabbit-3.2.3.jar:3.2.3]
	... 13 common frames omitted

2025-03-18T10:52:34.583+05:30  WARN 8620 --- [org.springframework.amqp.rabbit.RabbitListenerEndpointContainer#0-1] s.a.r.l.ConditionalRejectingErrorHandler : Execution of Rabbit message listener failed.

org.springframework.amqp.rabbit.support.ListenerExecutionFailedException: Failed to convert message
	at org.springframework.amqp.rabbit.listener.adapter.MessagingMessageListenerAdapter.onMessage(MessagingMessageListenerAdapter.java:157) ~[spring-rabbit-3.2.3.jar:3.2.3]
	at org.springframework.amqp.rabbit.listener.AbstractMessageListenerContainer.doInvokeListener(AbstractMessageListenerContainer.java:1694) ~[spring-rabbit-3.2.3.jar:3.2.3]
	at org.springframework.amqp.rabbit.listener.AbstractMessageListenerContainer.actualInvokeListener(AbstractMessageListenerContainer.java:1616) ~[spring-rabbit-3.2.3.jar:3.2.3]
	at org.springframework.amqp.rabbit.listener.AbstractMessageListenerContainer.invokeListener(AbstractMessageListenerContainer.java:1604) ~[spring-rabbit-3.2.3.jar:3.2.3]
	at org.springframework.amqp.rabbit.listener.AbstractMessageListenerContainer.doExecuteListener(AbstractMessageListenerContainer.java:1595) ~[spring-rabbit-3.2.3.jar:3.2.3]
	at org.springframework.amqp.rabbit.listener.AbstractMessageListenerContainer.executeListenerAndHandleException(AbstractMessageListenerContainer.java:1540) ~[spring-rabbit-3.2.3.jar:3.2.3]
	at org.springframework.amqp.rabbit.listener.AbstractMessageListenerContainer.lambda$executeListener$8(AbstractMessageListenerContainer.java:1518) ~[spring-rabbit-3.2.3.jar:3.2.3]
	at io.micrometer.observation.Observation.observe(Observation.java:498) ~[micrometer-observation-1.14.4.jar:1.14.4]
	at org.springframework.amqp.rabbit.listener.AbstractMessageListenerContainer.executeListener(AbstractMessageListenerContainer.java:1518) ~[spring-rabbit-3.2.3.jar:3.2.3]
	at org.springframework.amqp.rabbit.listener.SimpleMessageListenerContainer.doReceiveAndExecute(SimpleMessageListenerContainer.java:1086) ~[spring-rabbit-3.2.3.jar:3.2.3]
	at org.springframework.amqp.rabbit.listener.SimpleMessageListenerContainer.receiveAndExecute(SimpleMessageListenerContainer.java:1022) ~[spring-rabbit-3.2.3.jar:3.2.3]
	at org.springframework.amqp.rabbit.listener.SimpleMessageListenerContainer$AsyncMessageProcessingConsumer.mainLoop(SimpleMessageListenerContainer.java:1425) ~[spring-rabbit-3.2.3.jar:3.2.3]
	at org.springframework.amqp.rabbit.listener.SimpleMessageListenerContainer$AsyncMessageProcessingConsumer.run(SimpleMessageListenerContainer.java:1326) ~[spring-rabbit-3.2.3.jar:3.2.3]
	at java.base/java.lang.Thread.run(Thread.java:1570) ~[na:na]
Caused by: java.lang.SecurityException: Attempt to deserialize unauthorized class com.example.AddressBookManagement.DTO.RabbitMQMessageDTO; add allowed class name patterns to the message converter or, if you trust the message originator, set environment variable 'SPRING_AMQP_DESERIALIZATION_TRUST_ALL' or system property 'spring.amqp.deserialization.trust.all' to true
	at org.springframework.amqp.utils.SerializationUtils.checkAllowedList(SerializationUtils.java:164) ~[spring-amqp-3.2.3.jar:3.2.3]
	at org.springframework.amqp.support.converter.AllowedListDeserializingMessageConverter.checkAllowedList(AllowedListDeserializingMessageConverter.java:62) ~[spring-amqp-3.2.3.jar:3.2.3]
	at org.springframework.amqp.support.converter.SimpleMessageConverter$1.resolveClass(SimpleMessageConverter.java:160) ~[spring-amqp-3.2.3.jar:3.2.3]
	at java.base/java.io.ObjectInputStream.readNonProxyDesc(ObjectInputStream.java:2046) ~[na:na]
	at java.base/java.io.ObjectInputStream.readClassDesc(ObjectInputStream.java:1912) ~[na:na]
	at java.base/java.io.ObjectInputStream.readOrdinaryObject(ObjectInputStream.java:2237) ~[na:na]
	at java.base/java.io.ObjectInputStream.readObject0(ObjectInputStream.java:1747) ~[na:na]
	at java.base/java.io.ObjectInputStream.readObject(ObjectInputStream.java:525) ~[na:na]
	at java.base/java.io.ObjectInputStream.readObject(ObjectInputStream.java:483) ~[na:na]
	at org.springframework.amqp.utils.SerializationUtils.deserialize(SerializationUtils.java:102) ~[spring-amqp-3.2.3.jar:3.2.3]
	at org.springframework.amqp.support.converter.SimpleMessageConverter.fromMessage(SimpleMessageConverter.java:93) ~[spring-amqp-3.2.3.jar:3.2.3]
	at org.springframework.amqp.rabbit.listener.adapter.AbstractAdaptableMessageListener.extractMessage(AbstractAdaptableMessageListener.java:349) ~[spring-rabbit-3.2.3.jar:3.2.3]
	at org.springframework.amqp.rabbit.listener.adapter.MessagingMessageListenerAdapter$MessagingMessageConverterAdapter.extractPayload(MessagingMessageListenerAdapter.java:378) ~[spring-rabbit-3.2.3.jar:3.2.3]
	at org.springframework.amqp.support.converter.MessagingMessageConverter.fromMessage(MessagingMessageConverter.java:132) ~[spring-amqp-3.2.3.jar:3.2.3]
	at org.springframework.amqp.rabbit.listener.adapter.MessagingMessageListenerAdapter.toMessagingMessage(MessagingMessageListenerAdapter.java:251) ~[spring-rabbit-3.2.3.jar:3.2.3]
	at org.springframework.amqp.rabbit.listener.adapter.MessagingMessageListenerAdapter.onMessage(MessagingMessageListenerAdapter.java:147) ~[spring-rabbit-3.2.3.jar:3.2.3]
	... 13 common frames omitted

2025-03-18T10:52:34.588+05:30  WARN 8620 --- [org.springframework.amqp.rabbit.RabbitListenerEndpointContainer#0-1] s.a.r.l.ConditionalRejectingErrorHandler : Execution of Rabbit message listener failed.

org.springframework.amqp.rabbit.support.ListenerExecutionFailedException: Failed to convert message
	at org.springframework.amqp.rabbit.listener.adapter.MessagingMessageListenerAdapter.onMessage(MessagingMessageListenerAdapter.java:157) ~[spring-rabbit-3.2.3.jar:3.2.3]
	at org.springframework.amqp.rabbit.listener.AbstractMessageListenerContainer.doInvokeListener(AbstractMessageListenerContainer.java:1694) ~[spring-rabbit-3.2.3.jar:3.2.3]
	at org.springframework.amqp.rabbit.listener.AbstractMessageListenerContainer.actualInvokeListener(AbstractMessageListenerContainer.java:1616) ~[spring-rabbit-3.2.3.jar:3.2.3]
	at org.springframework.amqp.rabbit.listener.AbstractMessageListenerContainer.invokeListener(AbstractMessageListenerContainer.java:1604) ~[spring-rabbit-3.2.3.jar:3.2.3]
	at org.springframework.amqp.rabbit.listener.AbstractMessageListenerContainer.doExecuteListener(AbstractMessageListenerContainer.java:1595) ~[spring-rabbit-3.2.3.jar:3.2.3]
	at org.springframework.amqp.rabbit.listener.AbstractMessageListenerContainer.executeListenerAndHandleException(AbstractMessageListenerContainer.java:1540) ~[spring-rabbit-3.2.3.jar:3.2.3]
	at org.springframework.amqp.rabbit.listener.AbstractMessageListenerContainer.lambda$executeListener$8(AbstractMessageListenerContainer.java:1518) ~[spring-rabbit-3.2.3.jar:3.2.3]
	at io.micrometer.observation.Observation.observe(Observation.java:498) ~[micrometer-observation-1.14.4.jar:1.14.4]
	at org.springframework.amqp.rabbit.listener.AbstractMessageListenerContainer.executeListener(AbstractMessageListenerContainer.java:1518) ~[spring-rabbit-3.2.3.jar:3.2.3]
	at org.springframework.amqp.rabbit.listener.SimpleMessageListenerContainer.doReceiveAndExecute(SimpleMessageListenerContainer.java:1086) ~[spring-rabbit-3.2.3.jar:3.2.3]
	at org.springframework.amqp.rabbit.listener.SimpleMessageListenerContainer.receiveAndExecute(SimpleMessageListenerContainer.java:1022) ~[spring-rabbit-3.2.3.jar:3.2.3]
	at org.springframework.amqp.rabbit.listener.SimpleMessageListenerContainer$AsyncMessageProcessingConsumer.mainLoop(SimpleMessageListenerContainer.java:1425) ~[spring-rabbit-3.2.3.jar:3.2.3]
	at org.springframework.amqp.rabbit.listener.SimpleMessageListenerContainer$AsyncMessageProcessingConsumer.run(SimpleMessageListenerContainer.java:1326) ~[spring-rabbit-3.2.3.jar:3.2.3]
	at java.base/java.lang.Thread.run(Thread.java:1570) ~[na:na]
Caused by: java.lang.SecurityException: Attempt to deserialize unauthorized class com.example.AddressBookManagement.DTO.RabbitMQMessageDTO; add allowed class name patterns to the message converter or, if you trust the message originator, set environment variable 'SPRING_AMQP_DESERIALIZATION_TRUST_ALL' or system property 'spring.amqp.deserialization.trust.all' to true
	at org.springframework.amqp.utils.SerializationUtils.checkAllowedList(SerializationUtils.java:164) ~[spring-amqp-3.2.3.jar:3.2.3]
	at org.springframework.amqp.support.converter.AllowedListDeserializingMessageConverter.checkAllowedList(AllowedListDeserializingMessageConverter.java:62) ~[spring-amqp-3.2.3.jar:3.2.3]
	at org.springframework.amqp.support.converter.SimpleMessageConverter$1.resolveClass(SimpleMessageConverter.java:160) ~[spring-amqp-3.2.3.jar:3.2.3]
	at java.base/java.io.ObjectInputStream.readNonProxyDesc(ObjectInputStream.java:2046) ~[na:na]
	at java.base/java.io.ObjectInputStream.readClassDesc(ObjectInputStream.java:1912) ~[na:na]
	at java.base/java.io.ObjectInputStream.readOrdinaryObject(ObjectInputStream.java:2237) ~[na:na]
	at java.base/java.io.ObjectInputStream.readObject0(ObjectInputStream.java:1747) ~[na:na]
	at java.base/java.io.ObjectInputStream.readObject(ObjectInputStream.java:525) ~[na:na]
	at java.base/java.io.ObjectInputStream.readObject(ObjectInputStream.java:483) ~[na:na]
	at org.springframework.amqp.utils.SerializationUtils.deserialize(SerializationUtils.java:102) ~[spring-amqp-3.2.3.jar:3.2.3]
	at org.springframework.amqp.support.converter.SimpleMessageConverter.fromMessage(SimpleMessageConverter.java:93) ~[spring-amqp-3.2.3.jar:3.2.3]
	at org.springframework.amqp.rabbit.listener.adapter.AbstractAdaptableMessageListener.extractMessage(AbstractAdaptableMessageListener.java:349) ~[spring-rabbit-3.2.3.jar:3.2.3]
	at org.springframework.amqp.rabbit.listener.adapter.MessagingMessageListenerAdapter$MessagingMessageConverterAdapter.extractPayload(MessagingMessageListenerAdapter.java:378) ~[spring-rabbit-3.2.3.jar:3.2.3]
	at org.springframework.amqp.support.converter.MessagingMessageConverter.fromMessage(MessagingMessageConverter.java:132) ~[spring-amqp-3.2.3.jar:3.2.3]
	at org.springframework.amqp.rabbit.listener.adapter.MessagingMessageListenerAdapter.toMessagingMessage(MessagingMessageListenerAdapter.java:251) ~[spring-rabbit-3.2.3.jar:3.2.3]
	at org.springframework.amqp.rabbit.listener.adapter.MessagingMessageListenerAdapter.onMessage(MessagingMessageListenerAdapter.java:147) ~[spring-rabbit-3.2.3.jar:3.2.3]
	... 13 common frames omitted

2025-03-18T10:52:34.592+05:30  WARN 8620 --- [org.springframework.amqp.rabbit.RabbitListenerEndpointContainer#0-1] s.a.r.l.ConditionalRejectingErrorHandler : Execution of Rabbit message listener failed.

org.springframework.amqp.rabbit.support.ListenerExecutionFailedException: Failed to convert message
	at org.springframework.amqp.rabbit.listener.adapter.MessagingMessageListenerAdapter.onMessage(MessagingMessageListenerAdapter.java:157) ~[spring-rabbit-3.2.3.jar:3.2.3]
	at org.springframework.amqp.rabbit.listener.AbstractMessageListenerContainer.doInvokeListener(AbstractMessageListenerContainer.java:1694) ~[spring-rabbit-3.2.3.jar:3.2.3]
	at org.springframework.amqp.rabbit.listener.AbstractMessageListenerContainer.actualInvokeListener(AbstractMessageListenerContainer.java:1616) ~[spring-rabbit-3.2.3.jar:3.2.3]
	at org.springframework.amqp.rabbit.listener.AbstractMessageListenerContainer.invokeListener(AbstractMessageListenerContainer.java:1604) ~[spring-rabbit-3.2.3.jar:3.2.3]
	at org.springframework.amqp.rabbit.listener.AbstractMessageListenerContainer.doExecuteListener(AbstractMessageListenerContainer.java:1595) ~[spring-rabbit-3.2.3.jar:3.2.3]
	at org.springframework.amqp.rabbit.listener.AbstractMessageListenerContainer.executeListenerAndHandleException(AbstractMessageListenerContainer.java:1540) ~[spring-rabbit-3.2.3.jar:3.2.3]
	at org.springframework.amqp.rabbit.listener.AbstractMessageListenerContainer.lambda$executeListener$8(AbstractMessageListenerContainer.java:1518) ~[spring-rabbit-3.2.3.jar:3.2.3]
	at io.micrometer.observation.Observation.observe(Observation.java:498) ~[micrometer-observation-1.14.4.jar:1.14.4]
	at org.springframework.amqp.rabbit.listener.AbstractMessageListenerContainer.executeListener(AbstractMessageListenerContainer.java:1518) ~[spring-rabbit-3.2.3.jar:3.2.3]
	at org.springframework.amqp.rabbit.listener.SimpleMessageListenerContainer.doReceiveAndExecute(SimpleMessageListenerContainer.java:1086) ~[spring-rabbit-3.2.3.jar:3.2.3]
	at org.springframework.amqp.rabbit.listener.SimpleMessageListenerContainer.receiveAndExecute(SimpleMessageListenerContainer.java:1022) ~[spring-rabbit-3.2.3.jar:3.2.3]
	at org.springframework.amqp.rabbit.listener.SimpleMessageListenerContainer$AsyncMessageProcessingConsumer.mainLoop(SimpleMessageListenerContainer.java:1425) ~[spring-rabbit-3.2.3.jar:3.2.3]
	at org.springframework.amqp.rabbit.listener.SimpleMessageListenerContainer$AsyncMessageProcessingConsumer.run(SimpleMessageListenerContainer.java:1326) ~[spring-rabbit-3.2.3.jar:3.2.3]
	at java.base/java.lang.Thread.run(Thread.java:1570) ~[na:na]
Caused by: java.lang.SecurityException: Attempt to deserialize unauthorized class com.example.AddressBookManagement.DTO.RabbitMQMessageDTO; add allowed class name patterns to the message converter or, if you trust the message originator, set environment variable 'SPRING_AMQP_DESERIALIZATION_TRUST_ALL' or system property 'spring.amqp.deserialization.trust.all' to true
	at org.springframework.amqp.utils.SerializationUtils.checkAllowedList(SerializationUtils.java:164) ~[spring-amqp-3.2.3.jar:3.2.3]
	at org.springframework.amqp.support.converter.AllowedListDeserializingMessageConverter.checkAllowedList(AllowedListDeserializingMessageConverter.java:62) ~[spring-amqp-3.2.3.jar:3.2.3]
	at org.springframework.amqp.support.converter.SimpleMessageConverter$1.resolveClass(SimpleMessageConverter.java:160) ~[spring-amqp-3.2.3.jar:3.2.3]
	at java.base/java.io.ObjectInputStream.readNonProxyDesc(ObjectInputStream.java:2046) ~[na:na]
	at java.base/java.io.ObjectInputStream.readClassDesc(ObjectInputStream.java:1912) ~[na:na]
	at java.base/java.io.ObjectInputStream.readOrdinaryObject(ObjectInputStream.java:2237) ~[na:na]
	at java.base/java.io.ObjectInputStream.readObject0(ObjectInputStream.java:1747) ~[na:na]
	at java.base/java.io.ObjectInputStream.readObject(ObjectInputStream.java:525) ~[na:na]
	at java.base/java.io.ObjectInputStream.readObject(ObjectInputStream.java:483) ~[na:na]
	at org.springframework.amqp.utils.SerializationUtils.deserialize(SerializationUtils.java:102) ~[spring-amqp-3.2.3.jar:3.2.3]
	at org.springframework.amqp.support.converter.SimpleMessageConverter.fromMessage(SimpleMessageConverter.java:93) ~[spring-amqp-3.2.3.jar:3.2.3]
	at org.springframework.amqp.rabbit.listener.adapter.AbstractAdaptableMessageListener.extractMessage(AbstractAdaptableMessageListener.java:349) ~[spring-rabbit-3.2.3.jar:3.2.3]
	at org.springframework.amqp.rabbit.listener.adapter.MessagingMessageListenerAdapter$MessagingMessageConverterAdapter.extractPayload(MessagingMessageListenerAdapter.java:378) ~[spring-rabbit-3.2.3.jar:3.2.3]
	at org.springframework.amqp.support.converter.MessagingMessageConverter.fromMessage(MessagingMessageConverter.java:132) ~[spring-amqp-3.2.3.jar:3.2.3]
	at org.springframework.amqp.rabbit.listener.adapter.MessagingMessageListenerAdapter.toMessagingMessage(MessagingMessageListenerAdapter.java:251) ~[spring-rabbit-3.2.3.jar:3.2.3]
	at org.springframework.amqp.rabbit.listener.adapter.MessagingMessageListenerAdapter.onMessage(MessagingMessageListenerAdapter.java:147) ~[spring-rabbit-3.2.3.jar:3.2.3]
	... 13 common frames omitted

2025-03-18T10:52:34.598+05:30  WARN 8620 --- [org.springframework.amqp.rabbit.RabbitListenerEndpointContainer#0-1] s.a.r.l.ConditionalRejectingErrorHandler : Execution of Rabbit message listener failed.

org.springframework.amqp.rabbit.support.ListenerExecutionFailedException: Failed to convert message
	at org.springframework.amqp.rabbit.listener.adapter.MessagingMessageListenerAdapter.onMessage(MessagingMessageListenerAdapter.java:157) ~[spring-rabbit-3.2.3.jar:3.2.3]
	at org.springframework.amqp.rabbit.listener.AbstractMessageListenerContainer.doInvokeListener(AbstractMessageListenerContainer.java:1694) ~[spring-rabbit-3.2.3.jar:3.2.3]
	at org.springframework.amqp.rabbit.listener.AbstractMessageListenerContainer.actualInvokeListener(AbstractMessageListenerContainer.java:1616) ~[spring-rabbit-3.2.3.jar:3.2.3]
	at org.springframework.amqp.rabbit.listener.AbstractMessageListenerContainer.invokeListener(AbstractMessageListenerContainer.java:1604) ~[spring-rabbit-3.2.3.jar:3.2.3]
	at org.springframework.amqp.rabbit.listener.AbstractMessageListenerContainer.doExecuteListener(AbstractMessageListenerContainer.java:1595) ~[spring-rabbit-3.2.3.jar:3.2.3]
	at org.springframework.amqp.rabbit.listener.AbstractMessageListenerContainer.executeListenerAndHandleException(AbstractMessageListenerContainer.java:1540) ~[spring-rabbit-3.2.3.jar:3.2.3]
	at org.springframework.amqp.rabbit.listener.AbstractMessageListenerContainer.lambda$executeListener$8(AbstractMessageListenerContainer.java:1518) ~[spring-rabbit-3.2.3.jar:3.2.3]
	at io.micrometer.observation.Observation.observe(Observation.java:498) ~[micrometer-observation-1.14.4.jar:1.14.4]
	at org.springframework.amqp.rabbit.listener.AbstractMessageListenerContainer.executeListener(AbstractMessageListenerContainer.java:1518) ~[spring-rabbit-3.2.3.jar:3.2.3]
	at org.springframework.amqp.rabbit.listener.SimpleMessageListenerContainer.doReceiveAndExecute(SimpleMessageListenerContainer.java:1086) ~[spring-rabbit-3.2.3.jar:3.2.3]
	at org.springframework.amqp.rabbit.listener.SimpleMessageListenerContainer.receiveAndExecute(SimpleMessageListenerContainer.java:1022) ~[spring-rabbit-3.2.3.jar:3.2.3]
	at org.springframework.amqp.rabbit.listener.SimpleMessageListenerContainer$AsyncMessageProcessingConsumer.mainLoop(SimpleMessageListenerContainer.java:1425) ~[spring-rabbit-3.2.3.jar:3.2.3]
	at org.springframework.amqp.rabbit.listener.SimpleMessageListenerContainer$AsyncMessageProcessingConsumer.run(SimpleMessageListenerContainer.java:1326) ~[spring-rabbit-3.2.3.jar:3.2.3]
	at java.base/java.lang.Thread.run(Thread.java:1570) ~[na:na]
Caused by: java.lang.SecurityException: Attempt to deserialize unauthorized class com.example.AddressBookManagement.DTO.RabbitMQMessageDTO; add allowed class name patterns to the message converter or, if you trust the message originator, set environment variable 'SPRING_AMQP_DESERIALIZATION_TRUST_ALL' or system property 'spring.amqp.deserialization.trust.all' to true
	at org.springframework.amqp.utils.SerializationUtils.checkAllowedList(SerializationUtils.java:164) ~[spring-amqp-3.2.3.jar:3.2.3]
	at org.springframework.amqp.support.converter.AllowedListDeserializingMessageConverter.checkAllowedList(AllowedListDeserializingMessageConverter.java:62) ~[spring-amqp-3.2.3.jar:3.2.3]
	at org.springframework.amqp.support.converter.SimpleMessageConverter$1.resolveClass(SimpleMessageConverter.java:160) ~[spring-amqp-3.2.3.jar:3.2.3]
	at java.base/java.io.ObjectInputStream.readNonProxyDesc(ObjectInputStream.java:2046) ~[na:na]
	at java.base/java.io.ObjectInputStream.readClassDesc(ObjectInputStream.java:1912) ~[na:na]
	at java.base/java.io.ObjectInputStream.readOrdinaryObject(ObjectInputStream.java:2237) ~[na:na]
	at java.base/java.io.ObjectInputStream.readObject0(ObjectInputStream.java:1747) ~[na:na]
	at java.base/java.io.ObjectInputStream.readObject(ObjectInputStream.java:525) ~[na:na]
	at java.base/java.io.ObjectInputStream.readObject(ObjectInputStream.java:483) ~[na:na]
	at org.springframework.amqp.utils.SerializationUtils.deserialize(SerializationUtils.java:102) ~[spring-amqp-3.2.3.jar:3.2.3]
	at org.springframework.amqp.support.converter.SimpleMessageConverter.fromMessage(SimpleMessageConverter.java:93) ~[spring-amqp-3.2.3.jar:3.2.3]
	at org.springframework.amqp.rabbit.listener.adapter.AbstractAdaptableMessageListener.extractMessage(AbstractAdaptableMessageListener.java:349) ~[spring-rabbit-3.2.3.jar:3.2.3]
	at org.springframework.amqp.rabbit.listener.adapter.MessagingMessageListenerAdapter$MessagingMessageConverterAdapter.extractPayload(MessagingMessageListenerAdapter.java:378) ~[spring-rabbit-3.2.3.jar:3.2.3]
	at org.springframework.amqp.support.converter.MessagingMessageConverter.fromMessage(MessagingMessageConverter.java:132) ~[spring-amqp-3.2.3.jar:3.2.3]
	at org.springframework.amqp.rabbit.listener.adapter.MessagingMessageListenerAdapter.toMessagingMessage(MessagingMessageListenerAdapter.java:251) ~[spring-rabbit-3.2.3.jar:3.2.3]
	at org.springframework.amqp.rabbit.listener.adapter.MessagingMessageListenerAdapter.onMessage(MessagingMessageListenerAdapter.java:147) ~[spring-rabbit-3.2.3.jar:3.2.3]
	... 13 common frames omitted

2025-03-18T10:52:34.612+05:30  WARN 8620 --- [org.springframework.amqp.rabbit.RabbitListenerEndpointContainer#0-1] s.a.r.l.ConditionalRejectingErrorHandler : Execution of Rabbit message listener failed.

org.springframework.amqp.rabbit.support.ListenerExecutionFailedException: Failed to convert message
	at org.springframework.amqp.rabbit.listener.adapter.MessagingMessageListenerAdapter.onMessage(MessagingMessageListenerAdapter.java:157) ~[spring-rabbit-3.2.3.jar:3.2.3]
	at org.springframework.amqp.rabbit.listener.AbstractMessageListenerContainer.doInvokeListener(AbstractMessageListenerContainer.java:1694) ~[spring-rabbit-3.2.3.jar:3.2.3]
	at org.springframework.amqp.rabbit.listener.AbstractMessageListenerContainer.actualInvokeListener(AbstractMessageListenerContainer.java:1616) ~[spring-rabbit-3.2.3.jar:3.2.3]
	at org.springframework.amqp.rabbit.listener.AbstractMessageListenerContainer.invokeListener(AbstractMessageListenerContainer.java:1604) ~[spring-rabbit-3.2.3.jar:3.2.3]
	at org.springframework.amqp.rabbit.listener.AbstractMessageListenerContainer.doExecuteListener(AbstractMessageListenerContainer.java:1595) ~[spring-rabbit-3.2.3.jar:3.2.3]
	at org.springframework.amqp.rabbit.listener.AbstractMessageListenerContainer.executeListenerAndHandleException(AbstractMessageListenerContainer.java:1540) ~[spring-rabbit-3.2.3.jar:3.2.3]
	at org.springframework.amqp.rabbit.listener.AbstractMessageListenerContainer.lambda$executeListener$8(AbstractMessageListenerContainer.java:1518) ~[spring-rabbit-3.2.3.jar:3.2.3]
	at io.micrometer.observation.Observation.observe(Observation.java:498) ~[micrometer-observation-1.14.4.jar:1.14.4]
	at org.springframework.amqp.rabbit.listener.AbstractMessageListenerContainer.executeListener(AbstractMessageListenerContainer.java:1518) ~[spring-rabbit-3.2.3.jar:3.2.3]
	at org.springframework.amqp.rabbit.listener.SimpleMessageListenerContainer.doReceiveAndExecute(SimpleMessageListenerContainer.java:1086) ~[spring-rabbit-3.2.3.jar:3.2.3]
	at org.springframework.amqp.rabbit.listener.SimpleMessageListenerContainer.receiveAndExecute(SimpleMessageListenerContainer.java:1022) ~[spring-rabbit-3.2.3.jar:3.2.3]
	at org.springframework.amqp.rabbit.listener.SimpleMessageListenerContainer$AsyncMessageProcessingConsumer.mainLoop(SimpleMessageListenerContainer.java:1425) ~[spring-rabbit-3.2.3.jar:3.2.3]
	at org.springframework.amqp.rabbit.listener.SimpleMessageListenerContainer$AsyncMessageProcessingConsumer.run(SimpleMessageListenerContainer.java:1326) ~[spring-rabbit-3.2.3.jar:3.2.3]
	at java.base/java.lang.Thread.run(Thread.java:1570) ~[na:na]
Caused by: java.lang.SecurityException: Attempt to deserialize unauthorized class com.example.AddressBookManagement.DTO.RabbitMQMessageDTO; add allowed class name patterns to the message converter or, if you trust the message originator, set environment variable 'SPRING_AMQP_DESERIALIZATION_TRUST_ALL' or system property 'spring.amqp.deserialization.trust.all' to true
	at org.springframework.amqp.utils.SerializationUtils.checkAllowedList(SerializationUtils.java:164) ~[spring-amqp-3.2.3.jar:3.2.3]
	at org.springframework.amqp.support.converter.AllowedListDeserializingMessageConverter.checkAllowedList(AllowedListDeserializingMessageConverter.java:62) ~[spring-amqp-3.2.3.jar:3.2.3]
	at org.springframework.amqp.support.converter.SimpleMessageConverter$1.resolveClass(SimpleMessageConverter.java:160) ~[spring-amqp-3.2.3.jar:3.2.3]
	at java.base/java.io.ObjectInputStream.readNonProxyDesc(ObjectInputStream.java:2046) ~[na:na]
	at java.base/java.io.ObjectInputStream.readClassDesc(ObjectInputStream.java:1912) ~[na:na]
	at java.base/java.io.ObjectInputStream.readOrdinaryObject(ObjectInputStream.java:2237) ~[na:na]
	at java.base/java.io.ObjectInputStream.readObject0(ObjectInputStream.java:1747) ~[na:na]
	at java.base/java.io.ObjectInputStream.readObject(ObjectInputStream.java:525) ~[na:na]
	at java.base/java.io.ObjectInputStream.readObject(ObjectInputStream.java:483) ~[na:na]
	at org.springframework.amqp.utils.SerializationUtils.deserialize(SerializationUtils.java:102) ~[spring-amqp-3.2.3.jar:3.2.3]
	at org.springframework.amqp.support.converter.SimpleMessageConverter.fromMessage(SimpleMessageConverter.java:93) ~[spring-amqp-3.2.3.jar:3.2.3]
	at org.springframework.amqp.rabbit.listener.adapter.AbstractAdaptableMessageListener.extractMessage(AbstractAdaptableMessageListener.java:349) ~[spring-rabbit-3.2.3.jar:3.2.3]
	at org.springframework.amqp.rabbit.listener.adapter.MessagingMessageListenerAdapter$MessagingMessageConverterAdapter.extractPayload(MessagingMessageListenerAdapter.java:378) ~[spring-rabbit-3.2.3.jar:3.2.3]
	at org.springframework.amqp.support.converter.MessagingMessageConverter.fromMessage(MessagingMessageConverter.java:132) ~[spring-amqp-3.2.3.jar:3.2.3]
	at org.springframework.amqp.rabbit.listener.adapter.MessagingMessageListenerAdapter.toMessagingMessage(MessagingMessageListenerAdapter.java:251) ~[spring-rabbit-3.2.3.jar:3.2.3]
	at org.springframework.amqp.rabbit.listener.adapter.MessagingMessageListenerAdapter.onMessage(MessagingMessageListenerAdapter.java:147) ~[spring-rabbit-3.2.3.jar:3.2.3]
	... 13 common frames omitted

2025-03-18T10:52:34.620+05:30  WARN 8620 --- [org.springframework.amqp.rabbit.RabbitListenerEndpointContainer#0-1] s.a.r.l.ConditionalRejectingErrorHandler : Execution of Rabbit message listener failed.

org.springframework.amqp.rabbit.support.ListenerExecutionFailedException: Failed to convert message
	at org.springframework.amqp.rabbit.listener.adapter.MessagingMessageListenerAdapter.onMessage(MessagingMessageListenerAdapter.java:157) ~[spring-rabbit-3.2.3.jar:3.2.3]
	at org.springframework.amqp.rabbit.listener.AbstractMessageListenerContainer.doInvokeListener(AbstractMessageListenerContainer.java:1694) ~[spring-rabbit-3.2.3.jar:3.2.3]
	at org.springframework.amqp.rabbit.listener.AbstractMessageListenerContainer.actualInvokeListener(AbstractMessageListenerContainer.java:1616) ~[spring-rabbit-3.2.3.jar:3.2.3]
	at org.springframework.amqp.rabbit.listener.AbstractMessageListenerContainer.invokeListener(AbstractMessageListenerContainer.java:1604) ~[spring-rabbit-3.2.3.jar:3.2.3]
	at org.springframework.amqp.rabbit.listener.AbstractMessageListenerContainer.doExecuteListener(AbstractMessageListenerContainer.java:1595) ~[spring-rabbit-3.2.3.jar:3.2.3]
	at org.springframework.amqp.rabbit.listener.AbstractMessageListenerContainer.executeListenerAndHandleException(AbstractMessageListenerContainer.java:1540) ~[spring-rabbit-3.2.3.jar:3.2.3]
	at org.springframework.amqp.rabbit.listener.AbstractMessageListenerContainer.lambda$executeListener$8(AbstractMessageListenerContainer.java:1518) ~[spring-rabbit-3.2.3.jar:3.2.3]
	at io.micrometer.observation.Observation.observe(Observation.java:498) ~[micrometer-observation-1.14.4.jar:1.14.4]
	at org.springframework.amqp.rabbit.listener.AbstractMessageListenerContainer.executeListener(AbstractMessageListenerContainer.java:1518) ~[spring-rabbit-3.2.3.jar:3.2.3]
	at org.springframework.amqp.rabbit.listener.SimpleMessageListenerContainer.doReceiveAndExecute(SimpleMessageListenerContainer.java:1086) ~[spring-rabbit-3.2.3.jar:3.2.3]
	at org.springframework.amqp.rabbit.listener.SimpleMessageListenerContainer.receiveAndExecute(SimpleMessageListenerContainer.java:1022) ~[spring-rabbit-3.2.3.jar:3.2.3]
	at org.springframework.amqp.rabbit.listener.SimpleMessageListenerContainer$AsyncMessageProcessingConsumer.mainLoop(SimpleMessageListenerContainer.java:1425) ~[spring-rabbit-3.2.3.jar:3.2.3]
	at org.springframework.amqp.rabbit.listener.SimpleMessageListenerContainer$AsyncMessageProcessingConsumer.run(SimpleMessageListenerContainer.java:1326) ~[spring-rabbit-3.2.3.jar:3.2.3]
	at java.base/java.lang.Thread.run(Thread.java:1570) ~[na:na]
Caused by: java.lang.SecurityException: Attempt to deserialize unauthorized class com.example.AddressBookManagement.DTO.RabbitMQMessageDTO; add allowed class name patterns to the message converter or, if you trust the message originator, set environment variable 'SPRING_AMQP_DESERIALIZATION_TRUST_ALL' or system property 'spring.amqp.deserialization.trust.all' to true
	at org.springframework.amqp.utils.SerializationUtils.checkAllowedList(SerializationUtils.java:164) ~[spring-amqp-3.2.3.jar:3.2.3]
	at org.springframework.amqp.support.converter.AllowedListDeserializingMessageConverter.checkAllowedList(AllowedListDeserializingMessageConverter.java:62) ~[spring-amqp-3.2.3.jar:3.2.3]
	at org.springframework.amqp.support.converter.SimpleMessageConverter$1.resolveClass(SimpleMessageConverter.java:160) ~[spring-amqp-3.2.3.jar:3.2.3]
	at java.base/java.io.ObjectInputStream.readNonProxyDesc(ObjectInputStream.java:2046) ~[na:na]
	at java.base/java.io.ObjectInputStream.readClassDesc(ObjectInputStream.java:1912) ~[na:na]
	at java.base/java.io.ObjectInputStream.readOrdinaryObject(ObjectInputStream.java:2237) ~[na:na]
	at java.base/java.io.ObjectInputStream.readObject0(ObjectInputStream.java:1747) ~[na:na]
	at java.base/java.io.ObjectInputStream.readObject(ObjectInputStream.java:525) ~[na:na]
	at java.base/java.io.ObjectInputStream.readObject(ObjectInputStream.java:483) ~[na:na]
	at org.springframework.amqp.utils.SerializationUtils.deserialize(SerializationUtils.java:102) ~[spring-amqp-3.2.3.jar:3.2.3]
	at org.springframework.amqp.support.converter.SimpleMessageConverter.fromMessage(SimpleMessageConverter.java:93) ~[spring-amqp-3.2.3.jar:3.2.3]
	at org.springframework.amqp.rabbit.listener.adapter.AbstractAdaptableMessageListener.extractMessage(AbstractAdaptableMessageListener.java:349) ~[spring-rabbit-3.2.3.jar:3.2.3]
	at org.springframework.amqp.rabbit.listener.adapter.MessagingMessageListenerAdapter$MessagingMessageConverterAdapter.extractPayload(MessagingMessageListenerAdapter.java:378) ~[spring-rabbit-3.2.3.jar:3.2.3]
	at org.springframework.amqp.support.converter.MessagingMessageConverter.fromMessage(MessagingMessageConverter.java:132) ~[spring-amqp-3.2.3.jar:3.2.3]
	at org.springframework.amqp.rabbit.listener.adapter.MessagingMessageListenerAdapter.toMessagingMessage(MessagingMessageListenerAdapter.java:251) ~[spring-rabbit-3.2.3.jar:3.2.3]
	at org.springframework.amqp.rabbit.listener.adapter.MessagingMessageListenerAdapter.onMessage(MessagingMessageListenerAdapter.java:147) ~[spring-rabbit-3.2.3.jar:3.2.3]
	... 13 common frames omitted

2025-03-18T10:52:34.625+05:30  WARN 8620 --- [org.springframework.amqp.rabbit.RabbitListenerEndpointContainer#0-1] s.a.r.l.ConditionalRejectingErrorHandler : Execution of Rabbit message listener failed.

org.springframework.amqp.rabbit.support.ListenerExecutionFailedException: Failed to convert message
	at org.springframework.amqp.rabbit.listener.adapter.MessagingMessageListenerAdapter.onMessage(MessagingMessageListenerAdapter.java:157) ~[spring-rabbit-3.2.3.jar:3.2.3]
	at org.springframework.amqp.rabbit.listener.AbstractMessageListenerContainer.doInvokeListener(AbstractMessageListenerContainer.java:1694) ~[spring-rabbit-3.2.3.jar:3.2.3]
	at org.springframework.amqp.rabbit.listener.AbstractMessageListenerContainer.actualInvokeListener(AbstractMessageListenerContainer.java:1616) ~[spring-rabbit-3.2.3.jar:3.2.3]
	at org.springframework.amqp.rabbit.listener.AbstractMessageListenerContainer.invokeListener(AbstractMessageListenerContainer.java:1604) ~[spring-rabbit-3.2.3.jar:3.2.3]
	at org.springframework.amqp.rabbit.listener.AbstractMessageListenerContainer.doExecuteListener(AbstractMessageListenerContainer.java:1595) ~[spring-rabbit-3.2.3.jar:3.2.3]
	at org.springframework.amqp.rabbit.listener.AbstractMessageListenerContainer.executeListenerAndHandleException(AbstractMessageListenerContainer.java:1540) ~[spring-rabbit-3.2.3.jar:3.2.3]
	at org.springframework.amqp.rabbit.listener.AbstractMessageListenerContainer.lambda$executeListener$8(AbstractMessageListenerContainer.java:1518) ~[spring-rabbit-3.2.3.jar:3.2.3]
	at io.micrometer.observation.Observation.observe(Observation.java:498) ~[micrometer-observation-1.14.4.jar:1.14.4]
	at org.springframework.amqp.rabbit.listener.AbstractMessageListenerContainer.executeListener(AbstractMessageListenerContainer.java:1518) ~[spring-rabbit-3.2.3.jar:3.2.3]
	at org.springframework.amqp.rabbit.listener.SimpleMessageListenerContainer.doReceiveAndExecute(SimpleMessageListenerContainer.java:1086) ~[spring-rabbit-3.2.3.jar:3.2.3]
	at org.springframework.amqp.rabbit.listener.SimpleMessageListenerContainer.receiveAndExecute(SimpleMessageListenerContainer.java:1022) ~[spring-rabbit-3.2.3.jar:3.2.3]
	at org.springframework.amqp.rabbit.listener.SimpleMessageListenerContainer$AsyncMessageProcessingConsumer.mainLoop(SimpleMessageListenerContainer.java:1425) ~[spring-rabbit-3.2.3.jar:3.2.3]
	at org.springframework.amqp.rabbit.listener.SimpleMessageListenerContainer$AsyncMessageProcessingConsumer.run(SimpleMessageListenerContainer.java:1326) ~[spring-rabbit-3.2.3.jar:3.2.3]
	at java.base/java.lang.Thread.run(Thread.java:1570) ~[na:na]
Caused by: java.lang.SecurityException: Attempt to deserialize unauthorized class com.example.AddressBookManagement.DTO.RabbitMQMessageDTO; add allowed class name patterns to the message converter or, if you trust the message originator, set environment variable 'SPRING_AMQP_DESERIALIZATION_TRUST_ALL' or system property 'spring.amqp.deserialization.trust.all' to true
	at org.springframework.amqp.utils.SerializationUtils.checkAllowedList(SerializationUtils.java:164) ~[spring-amqp-3.2.3.jar:3.2.3]
	at org.springframework.amqp.support.converter.AllowedListDeserializingMessageConverter.checkAllowedList(AllowedListDeserializingMessageConverter.java:62) ~[spring-amqp-3.2.3.jar:3.2.3]
	at org.springframework.amqp.support.converter.SimpleMessageConverter$1.resolveClass(SimpleMessageConverter.java:160) ~[spring-amqp-3.2.3.jar:3.2.3]
	at java.base/java.io.ObjectInputStream.readNonProxyDesc(ObjectInputStream.java:2046) ~[na:na]
	at java.base/java.io.ObjectInputStream.readClassDesc(ObjectInputStream.java:1912) ~[na:na]
	at java.base/java.io.ObjectInputStream.readOrdinaryObject(ObjectInputStream.java:2237) ~[na:na]
	at java.base/java.io.ObjectInputStream.readObject0(ObjectInputStream.java:1747) ~[na:na]
	at java.base/java.io.ObjectInputStream.readObject(ObjectInputStream.java:525) ~[na:na]
	at java.base/java.io.ObjectInputStream.readObject(ObjectInputStream.java:483) ~[na:na]
	at org.springframework.amqp.utils.SerializationUtils.deserialize(SerializationUtils.java:102) ~[spring-amqp-3.2.3.jar:3.2.3]
	at org.springframework.amqp.support.converter.SimpleMessageConverter.fromMessage(SimpleMessageConverter.java:93) ~[spring-amqp-3.2.3.jar:3.2.3]
	at org.springframework.amqp.rabbit.listener.adapter.AbstractAdaptableMessageListener.extractMessage(AbstractAdaptableMessageListener.java:349) ~[spring-rabbit-3.2.3.jar:3.2.3]
	at org.springframework.amqp.rabbit.listener.adapter.MessagingMessageListenerAdapter$MessagingMessageConverterAdapter.extractPayload(MessagingMessageListenerAdapter.java:378) ~[spring-rabbit-3.2.3.jar:3.2.3]
	at org.springframework.amqp.support.converter.MessagingMessageConverter.fromMessage(MessagingMessageConverter.java:132) ~[spring-amqp-3.2.3.jar:3.2.3]
	at org.springframework.amqp.rabbit.listener.adapter.MessagingMessageListenerAdapter.toMessagingMessage(MessagingMessageListenerAdapter.java:251) ~[spring-rabbit-3.2.3.jar:3.2.3]
	at org.springframework.amqp.rabbit.listener.adapter.MessagingMessageListenerAdapter.onMessage(MessagingMessageListenerAdapter.java:147) ~[spring-rabbit-3.2.3.jar:3.2.3]
	... 13 common frames omitted

2025-03-18T10:52:34.634+05:30  WARN 8620 --- [org.springframework.amqp.rabbit.RabbitListenerEndpointContainer#0-1] s.a.r.l.ConditionalRejectingErrorHandler : Execution of Rabbit message listener failed.

org.springframework.amqp.rabbit.support.ListenerExecutionFailedException: Failed to convert message
	at org.springframework.amqp.rabbit.listener.adapter.MessagingMessageListenerAdapter.onMessage(MessagingMessageListenerAdapter.java:157) ~[spring-rabbit-3.2.3.jar:3.2.3]
	at org.springframework.amqp.rabbit.listener.AbstractMessageListenerContainer.doInvokeListener(AbstractMessageListenerContainer.java:1694) ~[spring-rabbit-3.2.3.jar:3.2.3]
	at org.springframework.amqp.rabbit.listener.AbstractMessageListenerContainer.actualInvokeListener(AbstractMessageListenerContainer.java:1616) ~[spring-rabbit-3.2.3.jar:3.2.3]
	at org.springframework.amqp.rabbit.listener.AbstractMessageListenerContainer.invokeListener(AbstractMessageListenerContainer.java:1604) ~[spring-rabbit-3.2.3.jar:3.2.3]
	at org.springframework.amqp.rabbit.listener.AbstractMessageListenerContainer.doExecuteListener(AbstractMessageListenerContainer.java:1595) ~[spring-rabbit-3.2.3.jar:3.2.3]
	at org.springframework.amqp.rabbit.listener.AbstractMessageListenerContainer.executeListenerAndHandleException(AbstractMessageListenerContainer.java:1540) ~[spring-rabbit-3.2.3.jar:3.2.3]
	at org.springframework.amqp.rabbit.listener.AbstractMessageListenerContainer.lambda$executeListener$8(AbstractMessageListenerContainer.java:1518) ~[spring-rabbit-3.2.3.jar:3.2.3]
	at io.micrometer.observation.Observation.observe(Observation.java:498) ~[micrometer-observation-1.14.4.jar:1.14.4]
	at org.springframework.amqp.rabbit.listener.AbstractMessageListenerContainer.executeListener(AbstractMessageListenerContainer.java:1518) ~[spring-rabbit-3.2.3.jar:3.2.3]
	at org.springframework.amqp.rabbit.listener.SimpleMessageListenerContainer.doReceiveAndExecute(SimpleMessageListenerContainer.java:1086) ~[spring-rabbit-3.2.3.jar:3.2.3]
	at org.springframework.amqp.rabbit.listener.SimpleMessageListenerContainer.receiveAndExecute(SimpleMessageListenerContainer.java:1022) ~[spring-rabbit-3.2.3.jar:3.2.3]
	at org.springframework.amqp.rabbit.listener.SimpleMessageListenerContainer$AsyncMessageProcessingConsumer.mainLoop(SimpleMessageListenerContainer.java:1425) ~[spring-rabbit-3.2.3.jar:3.2.3]
	at org.springframework.amqp.rabbit.listener.SimpleMessageListenerContainer$AsyncMessageProcessingConsumer.run(SimpleMessageListenerContainer.java:1326) ~[spring-rabbit-3.2.3.jar:3.2.3]
	at java.base/java.lang.Thread.run(Thread.java:1570) ~[na:na]
Caused by: java.lang.SecurityException: Attempt to deserialize unauthorized class com.example.AddressBookManagement.DTO.RabbitMQMessageDTO; add allowed class name patterns to the message converter or, if you trust the message originator, set environment variable 'SPRING_AMQP_DESERIALIZATION_TRUST_ALL' or system property 'spring.amqp.deserialization.trust.all' to true
	at org.springframework.amqp.utils.SerializationUtils.checkAllowedList(SerializationUtils.java:164) ~[spring-amqp-3.2.3.jar:3.2.3]
	at org.springframework.amqp.support.converter.AllowedListDeserializingMessageConverter.checkAllowedList(AllowedListDeserializingMessageConverter.java:62) ~[spring-amqp-3.2.3.jar:3.2.3]
	at org.springframework.amqp.support.converter.SimpleMessageConverter$1.resolveClass(SimpleMessageConverter.java:160) ~[spring-amqp-3.2.3.jar:3.2.3]
	at java.base/java.io.ObjectInputStream.readNonProxyDesc(ObjectInputStream.java:2046) ~[na:na]
	at java.base/java.io.ObjectInputStream.readClassDesc(ObjectInputStream.java:1912) ~[na:na]
	at java.base/java.io.ObjectInputStream.readOrdinaryObject(ObjectInputStream.java:2237) ~[na:na]
	at java.base/java.io.ObjectInputStream.readObject0(ObjectInputStream.java:1747) ~[na:na]
	at java.base/java.io.ObjectInputStream.readObject(ObjectInputStream.java:525) ~[na:na]
	at java.base/java.io.ObjectInputStream.readObject(ObjectInputStream.java:483) ~[na:na]
	at org.springframework.amqp.utils.SerializationUtils.deserialize(SerializationUtils.java:102) ~[spring-amqp-3.2.3.jar:3.2.3]
	at org.springframework.amqp.support.converter.SimpleMessageConverter.fromMessage(SimpleMessageConverter.java:93) ~[spring-amqp-3.2.3.jar:3.2.3]
	at org.springframework.amqp.rabbit.listener.adapter.AbstractAdaptableMessageListener.extractMessage(AbstractAdaptableMessageListener.java:349) ~[spring-rabbit-3.2.3.jar:3.2.3]
	at org.springframework.amqp.rabbit.listener.adapter.MessagingMessageListenerAdapter$MessagingMessageConverterAdapter.extractPayload(MessagingMessageListenerAdapter.java:378) ~[spring-rabbit-3.2.3.jar:3.2.3]
	at org.springframework.amqp.support.converter.MessagingMessageConverter.fromMessage(MessagingMessageConverter.java:132) ~[spring-amqp-3.2.3.jar:3.2.3]
	at org.springframework.amqp.rabbit.listener.adapter.MessagingMessageListenerAdapter.toMessagingMessage(MessagingMessageListenerAdapter.java:251) ~[spring-rabbit-3.2.3.jar:3.2.3]
	at org.springframework.amqp.rabbit.listener.adapter.MessagingMessageListenerAdapter.onMessage(MessagingMessageListenerAdapter.java:147) ~[spring-rabbit-3.2.3.jar:3.2.3]
	... 13 common frames omitted

2025-03-18T10:52:34.638+05:30  WARN 8620 --- [org.springframework.amqp.rabbit.RabbitListenerEndpointContainer#0-1] s.a.r.l.ConditionalRejectingErrorHandler : Execution of Rabbit message listener failed.

org.springframework.amqp.rabbit.support.ListenerExecutionFailedException: Failed to convert message
	at org.springframework.amqp.rabbit.listener.adapter.MessagingMessageListenerAdapter.onMessage(MessagingMessageListenerAdapter.java:157) ~[spring-rabbit-3.2.3.jar:3.2.3]
	at org.springframework.amqp.rabbit.listener.AbstractMessageListenerContainer.doInvokeListener(AbstractMessageListenerContainer.java:1694) ~[spring-rabbit-3.2.3.jar:3.2.3]
	at org.springframework.amqp.rabbit.listener.AbstractMessageListenerContainer.actualInvokeListener(AbstractMessageListenerContainer.java:1616) ~[spring-rabbit-3.2.3.jar:3.2.3]
	at org.springframework.amqp.rabbit.listener.AbstractMessageListenerContainer.invokeListener(AbstractMessageListenerContainer.java:1604) ~[spring-rabbit-3.2.3.jar:3.2.3]
	at org.springframework.amqp.rabbit.listener.AbstractMessageListenerContainer.doExecuteListener(AbstractMessageListenerContainer.java:1595) ~[spring-rabbit-3.2.3.jar:3.2.3]
	at org.springframework.amqp.rabbit.listener.AbstractMessageListenerContainer.executeListenerAndHandleException(AbstractMessageListenerContainer.java:1540) ~[spring-rabbit-3.2.3.jar:3.2.3]
	at org.springframework.amqp.rabbit.listener.AbstractMessageListenerContainer.lambda$executeListener$8(AbstractMessageListenerContainer.java:1518) ~[spring-rabbit-3.2.3.jar:3.2.3]
	at io.micrometer.observation.Observation.observe(Observation.java:498) ~[micrometer-observation-1.14.4.jar:1.14.4]
	at org.springframework.amqp.rabbit.listener.AbstractMessageListenerContainer.executeListener(AbstractMessageListenerContainer.java:1518) ~[spring-rabbit-3.2.3.jar:3.2.3]
	at org.springframework.amqp.rabbit.listener.SimpleMessageListenerContainer.doReceiveAndExecute(SimpleMessageListenerContainer.java:1086) ~[spring-rabbit-3.2.3.jar:3.2.3]
	at org.springframework.amqp.rabbit.listener.SimpleMessageListenerContainer.receiveAndExecute(SimpleMessageListenerContainer.java:1022) ~[spring-rabbit-3.2.3.jar:3.2.3]
	at org.springframework.amqp.rabbit.listener.SimpleMessageListenerContainer$AsyncMessageProcessingConsumer.mainLoop(SimpleMessageListenerContainer.java:1425) ~[spring-rabbit-3.2.3.jar:3.2.3]
	at org.springframework.amqp.rabbit.listener.SimpleMessageListenerContainer$AsyncMessageProcessingConsumer.run(SimpleMessageListenerContainer.java:1326) ~[spring-rabbit-3.2.3.jar:3.2.3]
	at java.base/java.lang.Thread.run(Thread.java:1570) ~[na:na]
Caused by: java.lang.SecurityException: Attempt to deserialize unauthorized class com.example.AddressBookManagement.DTO.RabbitMQMessageDTO; add allowed class name patterns to the message converter or, if you trust the message originator, set environment variable 'SPRING_AMQP_DESERIALIZATION_TRUST_ALL' or system property 'spring.amqp.deserialization.trust.all' to true
	at org.springframework.amqp.utils.SerializationUtils.checkAllowedList(SerializationUtils.java:164) ~[spring-amqp-3.2.3.jar:3.2.3]
	at org.springframework.amqp.support.converter.AllowedListDeserializingMessageConverter.checkAllowedList(AllowedListDeserializingMessageConverter.java:62) ~[spring-amqp-3.2.3.jar:3.2.3]
	at org.springframework.amqp.support.converter.SimpleMessageConverter$1.resolveClass(SimpleMessageConverter.java:160) ~[spring-amqp-3.2.3.jar:3.2.3]
	at java.base/java.io.ObjectInputStream.readNonProxyDesc(ObjectInputStream.java:2046) ~[na:na]
	at java.base/java.io.ObjectInputStream.readClassDesc(ObjectInputStream.java:1912) ~[na:na]
	at java.base/java.io.ObjectInputStream.readOrdinaryObject(ObjectInputStream.java:2237) ~[na:na]
	at java.base/java.io.ObjectInputStream.readObject0(ObjectInputStream.java:1747) ~[na:na]
	at java.base/java.io.ObjectInputStream.readObject(ObjectInputStream.java:525) ~[na:na]
	at java.base/java.io.ObjectInputStream.readObject(ObjectInputStream.java:483) ~[na:na]
	at org.springframework.amqp.utils.SerializationUtils.deserialize(SerializationUtils.java:102) ~[spring-amqp-3.2.3.jar:3.2.3]
	at org.springframework.amqp.support.converter.SimpleMessageConverter.fromMessage(SimpleMessageConverter.java:93) ~[spring-amqp-3.2.3.jar:3.2.3]
	at org.springframework.amqp.rabbit.listener.adapter.AbstractAdaptableMessageListener.extractMessage(AbstractAdaptableMessageListener.java:349) ~[spring-rabbit-3.2.3.jar:3.2.3]
	at org.springframework.amqp.rabbit.listener.adapter.MessagingMessageListenerAdapter$MessagingMessageConverterAdapter.extractPayload(MessagingMessageListenerAdapter.java:378) ~[spring-rabbit-3.2.3.jar:3.2.3]
	at org.springframework.amqp.support.converter.MessagingMessageConverter.fromMessage(MessagingMessageConverter.java:132) ~[spring-amqp-3.2.3.jar:3.2.3]
	at org.springframework.amqp.rabbit.listener.adapter.MessagingMessageListenerAdapter.toMessagingMessage(MessagingMessageListenerAdapter.java:251) ~[spring-rabbit-3.2.3.jar:3.2.3]
	at org.springframework.amqp.rabbit.listener.adapter.MessagingMessageListenerAdapter.onMessage(MessagingMessageListenerAdapter.java:147) ~[spring-rabbit-3.2.3.jar:3.2.3]
	... 13 common frames omitted

2025-03-18T10:52:34.643+05:30  WARN 8620 --- [org.springframework.amqp.rabbit.RabbitListenerEndpointContainer#0-1] s.a.r.l.ConditionalRejectingErrorHandler : Execution of Rabbit message listener failed.

org.springframework.amqp.rabbit.support.ListenerExecutionFailedException: Failed to convert message
	at org.springframework.amqp.rabbit.listener.adapter.MessagingMessageListenerAdapter.onMessage(MessagingMessageListenerAdapter.java:157) ~[spring-rabbit-3.2.3.jar:3.2.3]
	at org.springframework.amqp.rabbit.listener.AbstractMessageListenerContainer.doInvokeListener(AbstractMessageListenerContainer.java:1694) ~[spring-rabbit-3.2.3.jar:3.2.3]
	at org.springframework.amqp.rabbit.listener.AbstractMessageListenerContainer.actualInvokeListener(AbstractMessageListenerContainer.java:1616) ~[spring-rabbit-3.2.3.jar:3.2.3]
	at org.springframework.amqp.rabbit.listener.AbstractMessageListenerContainer.invokeListener(AbstractMessageListenerContainer.java:1604) ~[spring-rabbit-3.2.3.jar:3.2.3]
	at org.springframework.amqp.rabbit.listener.AbstractMessageListenerContainer.doExecuteListener(AbstractMessageListenerContainer.java:1595) ~[spring-rabbit-3.2.3.jar:3.2.3]
	at org.springframework.amqp.rabbit.listener.AbstractMessageListenerContainer.executeListenerAndHandleException(AbstractMessageListenerContainer.java:1540) ~[spring-rabbit-3.2.3.jar:3.2.3]
	at org.springframework.amqp.rabbit.listener.AbstractMessageListenerContainer.lambda$executeListener$8(AbstractMessageListenerContainer.java:1518) ~[spring-rabbit-3.2.3.jar:3.2.3]
	at io.micrometer.observation.Observation.observe(Observation.java:498) ~[micrometer-observation-1.14.4.jar:1.14.4]
	at org.springframework.amqp.rabbit.listener.AbstractMessageListenerContainer.executeListener(AbstractMessageListenerContainer.java:1518) ~[spring-rabbit-3.2.3.jar:3.2.3]
	at org.springframework.amqp.rabbit.listener.SimpleMessageListenerContainer.doReceiveAndExecute(SimpleMessageListenerContainer.java:1086) ~[spring-rabbit-3.2.3.jar:3.2.3]
	at org.springframework.amqp.rabbit.listener.SimpleMessageListenerContainer.receiveAndExecute(SimpleMessageListenerContainer.java:1022) ~[spring-rabbit-3.2.3.jar:3.2.3]
	at org.springframework.amqp.rabbit.listener.SimpleMessageListenerContainer$AsyncMessageProcessingConsumer.mainLoop(SimpleMessageListenerContainer.java:1425) ~[spring-rabbit-3.2.3.jar:3.2.3]
	at org.springframework.amqp.rabbit.listener.SimpleMessageListenerContainer$AsyncMessageProcessingConsumer.run(SimpleMessageListenerContainer.java:1326) ~[spring-rabbit-3.2.3.jar:3.2.3]
	at java.base/java.lang.Thread.run(Thread.java:1570) ~[na:na]
Caused by: java.lang.SecurityException: Attempt to deserialize unauthorized class com.example.AddressBookManagement.DTO.RabbitMQMessageDTO; add allowed class name patterns to the message converter or, if you trust the message originator, set environment variable 'SPRING_AMQP_DESERIALIZATION_TRUST_ALL' or system property 'spring.amqp.deserialization.trust.all' to true
	at org.springframework.amqp.utils.SerializationUtils.checkAllowedList(SerializationUtils.java:164) ~[spring-amqp-3.2.3.jar:3.2.3]
	at org.springframework.amqp.support.converter.AllowedListDeserializingMessageConverter.checkAllowedList(AllowedListDeserializingMessageConverter.java:62) ~[spring-amqp-3.2.3.jar:3.2.3]
	at org.springframework.amqp.support.converter.SimpleMessageConverter$1.resolveClass(SimpleMessageConverter.java:160) ~[spring-amqp-3.2.3.jar:3.2.3]
	at java.base/java.io.ObjectInputStream.readNonProxyDesc(ObjectInputStream.java:2046) ~[na:na]
	at java.base/java.io.ObjectInputStream.readClassDesc(ObjectInputStream.java:1912) ~[na:na]
	at java.base/java.io.ObjectInputStream.readOrdinaryObject(ObjectInputStream.java:2237) ~[na:na]
	at java.base/java.io.ObjectInputStream.readObject0(ObjectInputStream.java:1747) ~[na:na]
	at java.base/java.io.ObjectInputStream.readObject(ObjectInputStream.java:525) ~[na:na]
	at java.base/java.io.ObjectInputStream.readObject(ObjectInputStream.java:483) ~[na:na]
	at org.springframework.amqp.utils.SerializationUtils.deserialize(SerializationUtils.java:102) ~[spring-amqp-3.2.3.jar:3.2.3]
	at org.springframework.amqp.support.converter.SimpleMessageConverter.fromMessage(SimpleMessageConverter.java:93) ~[spring-amqp-3.2.3.jar:3.2.3]
	at org.springframework.amqp.rabbit.listener.adapter.AbstractAdaptableMessageListener.extractMessage(AbstractAdaptableMessageListener.java:349) ~[spring-rabbit-3.2.3.jar:3.2.3]
	at org.springframework.amqp.rabbit.listener.adapter.MessagingMessageListenerAdapter$MessagingMessageConverterAdapter.extractPayload(MessagingMessageListenerAdapter.java:378) ~[spring-rabbit-3.2.3.jar:3.2.3]
	at org.springframework.amqp.support.converter.MessagingMessageConverter.fromMessage(MessagingMessageConverter.java:132) ~[spring-amqp-3.2.3.jar:3.2.3]
	at org.springframework.amqp.rabbit.listener.adapter.MessagingMessageListenerAdapter.toMessagingMessage(MessagingMessageListenerAdapter.java:251) ~[spring-rabbit-3.2.3.jar:3.2.3]
	at org.springframework.amqp.rabbit.listener.adapter.MessagingMessageListenerAdapter.onMessage(MessagingMessageListenerAdapter.java:147) ~[spring-rabbit-3.2.3.jar:3.2.3]
	... 13 common frames omitted

2025-03-18T10:52:34.648+05:30  WARN 8620 --- [org.springframework.amqp.rabbit.RabbitListenerEndpointContainer#0-1] s.a.r.l.ConditionalRejectingErrorHandler : Execution of Rabbit message listener failed.

org.springframework.amqp.rabbit.support.ListenerExecutionFailedException: Failed to convert message
	at org.springframework.amqp.rabbit.listener.adapter.MessagingMessageListenerAdapter.onMessage(MessagingMessageListenerAdapter.java:157) ~[spring-rabbit-3.2.3.jar:3.2.3]
	at org.springframework.amqp.rabbit.listener.AbstractMessageListenerContainer.doInvokeListener(AbstractMessageListenerContainer.java:1694) ~[spring-rabbit-3.2.3.jar:3.2.3]
	at org.springframework.amqp.rabbit.listener.AbstractMessageListenerContainer.actualInvokeListener(AbstractMessageListenerContainer.java:1616) ~[spring-rabbit-3.2.3.jar:3.2.3]
	at org.springframework.amqp.rabbit.listener.AbstractMessageListenerContainer.invokeListener(AbstractMessageListenerContainer.java:1604) ~[spring-rabbit-3.2.3.jar:3.2.3]
	at org.springframework.amqp.rabbit.listener.AbstractMessageListenerContainer.doExecuteListener(AbstractMessageListenerContainer.java:1595) ~[spring-rabbit-3.2.3.jar:3.2.3]
	at org.springframework.amqp.rabbit.listener.AbstractMessageListenerContainer.executeListenerAndHandleException(AbstractMessageListenerContainer.java:1540) ~[spring-rabbit-3.2.3.jar:3.2.3]
	at org.springframework.amqp.rabbit.listener.AbstractMessageListenerContainer.lambda$executeListener$8(AbstractMessageListenerContainer.java:1518) ~[spring-rabbit-3.2.3.jar:3.2.3]
	at io.micrometer.observation.Observation.observe(Observation.java:498) ~[micrometer-observation-1.14.4.jar:1.14.4]
	at org.springframework.amqp.rabbit.listener.AbstractMessageListenerContainer.executeListener(AbstractMessageListenerContainer.java:1518) ~[spring-rabbit-3.2.3.jar:3.2.3]
	at org.springframework.amqp.rabbit.listener.SimpleMessageListenerContainer.doReceiveAndExecute(SimpleMessageListenerContainer.java:1086) ~[spring-rabbit-3.2.3.jar:3.2.3]
	at org.springframework.amqp.rabbit.listener.SimpleMessageListenerContainer.receiveAndExecute(SimpleMessageListenerContainer.java:1022) ~[spring-rabbit-3.2.3.jar:3.2.3]
	at org.springframework.amqp.rabbit.listener.SimpleMessageListenerContainer$AsyncMessageProcessingConsumer.mainLoop(SimpleMessageListenerContainer.java:1425) ~[spring-rabbit-3.2.3.jar:3.2.3]
	at org.springframework.amqp.rabbit.listener.SimpleMessageListenerContainer$AsyncMessageProcessingConsumer.run(SimpleMessageListenerContainer.java:1326) ~[spring-rabbit-3.2.3.jar:3.2.3]
	at java.base/java.lang.Thread.run(Thread.java:1570) ~[na:na]
Caused by: java.lang.SecurityException: Attempt to deserialize unauthorized class com.example.AddressBookManagement.DTO.RabbitMQMessageDTO; add allowed class name patterns to the message converter or, if you trust the message originator, set environment variable 'SPRING_AMQP_DESERIALIZATION_TRUST_ALL' or system property 'spring.amqp.deserialization.trust.all' to true
	at org.springframework.amqp.utils.SerializationUtils.checkAllowedList(SerializationUtils.java:164) ~[spring-amqp-3.2.3.jar:3.2.3]
	at org.springframework.amqp.support.converter.AllowedListDeserializingMessageConverter.checkAllowedList(AllowedListDeserializingMessageConverter.java:62) ~[spring-amqp-3.2.3.jar:3.2.3]
	at org.springframework.amqp.support.converter.SimpleMessageConverter$1.resolveClass(SimpleMessageConverter.java:160) ~[spring-amqp-3.2.3.jar:3.2.3]
	at java.base/java.io.ObjectInputStream.readNonProxyDesc(ObjectInputStream.java:2046) ~[na:na]
	at java.base/java.io.ObjectInputStream.readClassDesc(ObjectInputStream.java:1912) ~[na:na]
	at java.base/java.io.ObjectInputStream.readOrdinaryObject(ObjectInputStream.java:2237) ~[na:na]
	at java.base/java.io.ObjectInputStream.readObject0(ObjectInputStream.java:1747) ~[na:na]
	at java.base/java.io.ObjectInputStream.readObject(ObjectInputStream.java:525) ~[na:na]
	at java.base/java.io.ObjectInputStream.readObject(ObjectInputStream.java:483) ~[na:na]
	at org.springframework.amqp.utils.SerializationUtils.deserialize(SerializationUtils.java:102) ~[spring-amqp-3.2.3.jar:3.2.3]
	at org.springframework.amqp.support.converter.SimpleMessageConverter.fromMessage(SimpleMessageConverter.java:93) ~[spring-amqp-3.2.3.jar:3.2.3]
	at org.springframework.amqp.rabbit.listener.adapter.AbstractAdaptableMessageListener.extractMessage(AbstractAdaptableMessageListener.java:349) ~[spring-rabbit-3.2.3.jar:3.2.3]
	at org.springframework.amqp.rabbit.listener.adapter.MessagingMessageListenerAdapter$MessagingMessageConverterAdapter.extractPayload(MessagingMessageListenerAdapter.java:378) ~[spring-rabbit-3.2.3.jar:3.2.3]
	at org.springframework.amqp.support.converter.MessagingMessageConverter.fromMessage(MessagingMessageConverter.java:132) ~[spring-amqp-3.2.3.jar:3.2.3]
	at org.springframework.amqp.rabbit.listener.adapter.MessagingMessageListenerAdapter.toMessagingMessage(MessagingMessageListenerAdapter.java:251) ~[spring-rabbit-3.2.3.jar:3.2.3]
	at org.springframework.amqp.rabbit.listener.adapter.MessagingMessageListenerAdapter.onMessage(MessagingMessageListenerAdapter.java:147) ~[spring-rabbit-3.2.3.jar:3.2.3]
	... 13 common frames omitted

2025-03-18T10:52:34.654+05:30  WARN 8620 --- [org.springframework.amqp.rabbit.RabbitListenerEndpointContainer#0-1] s.a.r.l.ConditionalRejectingErrorHandler : Execution of Rabbit message listener failed.

org.springframework.amqp.rabbit.support.ListenerExecutionFailedException: Failed to convert message
	at org.springframework.amqp.rabbit.listener.adapter.MessagingMessageListenerAdapter.onMessage(MessagingMessageListenerAdapter.java:157) ~[spring-rabbit-3.2.3.jar:3.2.3]
	at org.springframework.amqp.rabbit.listener.AbstractMessageListenerContainer.doInvokeListener(AbstractMessageListenerContainer.java:1694) ~[spring-rabbit-3.2.3.jar:3.2.3]
	at org.springframework.amqp.rabbit.listener.AbstractMessageListenerContainer.actualInvokeListener(AbstractMessageListenerContainer.java:1616) ~[spring-rabbit-3.2.3.jar:3.2.3]
	at org.springframework.amqp.rabbit.listener.AbstractMessageListenerContainer.invokeListener(AbstractMessageListenerContainer.java:1604) ~[spring-rabbit-3.2.3.jar:3.2.3]
	at org.springframework.amqp.rabbit.listener.AbstractMessageListenerContainer.doExecuteListener(AbstractMessageListenerContainer.java:1595) ~[spring-rabbit-3.2.3.jar:3.2.3]
	at org.springframework.amqp.rabbit.listener.AbstractMessageListenerContainer.executeListenerAndHandleException(AbstractMessageListenerContainer.java:1540) ~[spring-rabbit-3.2.3.jar:3.2.3]
	at org.springframework.amqp.rabbit.listener.AbstractMessageListenerContainer.lambda$executeListener$8(AbstractMessageListenerContainer.java:1518) ~[spring-rabbit-3.2.3.jar:3.2.3]
	at io.micrometer.observation.Observation.observe(Observation.java:498) ~[micrometer-observation-1.14.4.jar:1.14.4]
	at org.springframework.amqp.rabbit.listener.AbstractMessageListenerContainer.executeListener(AbstractMessageListenerContainer.java:1518) ~[spring-rabbit-3.2.3.jar:3.2.3]
	at org.springframework.amqp.rabbit.listener.SimpleMessageListenerContainer.doReceiveAndExecute(SimpleMessageListenerContainer.java:1086) ~[spring-rabbit-3.2.3.jar:3.2.3]
	at org.springframework.amqp.rabbit.listener.SimpleMessageListenerContainer.receiveAndExecute(SimpleMessageListenerContainer.java:1022) ~[spring-rabbit-3.2.3.jar:3.2.3]
	at org.springframework.amqp.rabbit.listener.SimpleMessageListenerContainer$AsyncMessageProcessingConsumer.mainLoop(SimpleMessageListenerContainer.java:1425) ~[spring-rabbit-3.2.3.jar:3.2.3]
	at org.springframework.amqp.rabbit.listener.SimpleMessageListenerContainer$AsyncMessageProcessingConsumer.run(SimpleMessageListenerContainer.java:1326) ~[spring-rabbit-3.2.3.jar:3.2.3]
	at java.base/java.lang.Thread.run(Thread.java:1570) ~[na:na]
Caused by: java.lang.SecurityException: Attempt to deserialize unauthorized class com.example.AddressBookManagement.DTO.RabbitMQMessageDTO; add allowed class name patterns to the message converter or, if you trust the message originator, set environment variable 'SPRING_AMQP_DESERIALIZATION_TRUST_ALL' or system property 'spring.amqp.deserialization.trust.all' to true
	at org.springframework.amqp.utils.SerializationUtils.checkAllowedList(SerializationUtils.java:164) ~[spring-amqp-3.2.3.jar:3.2.3]
	at org.springframework.amqp.support.converter.AllowedListDeserializingMessageConverter.checkAllowedList(AllowedListDeserializingMessageConverter.java:62) ~[spring-amqp-3.2.3.jar:3.2.3]
	at org.springframework.amqp.support.converter.SimpleMessageConverter$1.resolveClass(SimpleMessageConverter.java:160) ~[spring-amqp-3.2.3.jar:3.2.3]
	at java.base/java.io.ObjectInputStream.readNonProxyDesc(ObjectInputStream.java:2046) ~[na:na]
	at java.base/java.io.ObjectInputStream.readClassDesc(ObjectInputStream.java:1912) ~[na:na]
	at java.base/java.io.ObjectInputStream.readOrdinaryObject(ObjectInputStream.java:2237) ~[na:na]
	at java.base/java.io.ObjectInputStream.readObject0(ObjectInputStream.java:1747) ~[na:na]
	at java.base/java.io.ObjectInputStream.readObject(ObjectInputStream.java:525) ~[na:na]
	at java.base/java.io.ObjectInputStream.readObject(ObjectInputStream.java:483) ~[na:na]
	at org.springframework.amqp.utils.SerializationUtils.deserialize(SerializationUtils.java:102) ~[spring-amqp-3.2.3.jar:3.2.3]
	at org.springframework.amqp.support.converter.SimpleMessageConverter.fromMessage(SimpleMessageConverter.java:93) ~[spring-amqp-3.2.3.jar:3.2.3]
	at org.springframework.amqp.rabbit.listener.adapter.AbstractAdaptableMessageListener.extractMessage(AbstractAdaptableMessageListener.java:349) ~[spring-rabbit-3.2.3.jar:3.2.3]
	at org.springframework.amqp.rabbit.listener.adapter.MessagingMessageListenerAdapter$MessagingMessageConverterAdapter.extractPayload(MessagingMessageListenerAdapter.java:378) ~[spring-rabbit-3.2.3.jar:3.2.3]
	at org.springframework.amqp.support.converter.MessagingMessageConverter.fromMessage(MessagingMessageConverter.java:132) ~[spring-amqp-3.2.3.jar:3.2.3]
	at org.springframework.amqp.rabbit.listener.adapter.MessagingMessageListenerAdapter.toMessagingMessage(MessagingMessageListenerAdapter.java:251) ~[spring-rabbit-3.2.3.jar:3.2.3]
	at org.springframework.amqp.rabbit.listener.adapter.MessagingMessageListenerAdapter.onMessage(MessagingMessageListenerAdapter.java:147) ~[spring-rabbit-3.2.3.jar:3.2.3]
	... 13 common frames omitted

2025-03-18T10:52:34.657+05:30  WARN 8620 --- [org.springframework.amqp.rabbit.RabbitListenerEndpointContainer#0-1] s.a.r.l.ConditionalRejectingErrorHandler : Execution of Rabbit message listener failed.

org.springframework.amqp.rabbit.support.ListenerExecutionFailedException: Failed to convert message
	at org.springframework.amqp.rabbit.listener.adapter.MessagingMessageListenerAdapter.onMessage(MessagingMessageListenerAdapter.java:157) ~[spring-rabbit-3.2.3.jar:3.2.3]
	at org.springframework.amqp.rabbit.listener.AbstractMessageListenerContainer.doInvokeListener(AbstractMessageListenerContainer.java:1694) ~[spring-rabbit-3.2.3.jar:3.2.3]
	at org.springframework.amqp.rabbit.listener.AbstractMessageListenerContainer.actualInvokeListener(AbstractMessageListenerContainer.java:1616) ~[spring-rabbit-3.2.3.jar:3.2.3]
	at org.springframework.amqp.rabbit.listener.AbstractMessageListenerContainer.invokeListener(AbstractMessageListenerContainer.java:1604) ~[spring-rabbit-3.2.3.jar:3.2.3]
	at org.springframework.amqp.rabbit.listener.AbstractMessageListenerContainer.doExecuteListener(AbstractMessageListenerContainer.java:1595) ~[spring-rabbit-3.2.3.jar:3.2.3]
	at org.springframework.amqp.rabbit.listener.AbstractMessageListenerContainer.executeListenerAndHandleException(AbstractMessageListenerContainer.java:1540) ~[spring-rabbit-3.2.3.jar:3.2.3]
	at org.springframework.amqp.rabbit.listener.AbstractMessageListenerContainer.lambda$executeListener$8(AbstractMessageListenerContainer.java:1518) ~[spring-rabbit-3.2.3.jar:3.2.3]
	at io.micrometer.observation.Observation.observe(Observation.java:498) ~[micrometer-observation-1.14.4.jar:1.14.4]
	at org.springframework.amqp.rabbit.listener.AbstractMessageListenerContainer.executeListener(AbstractMessageListenerContainer.java:1518) ~[spring-rabbit-3.2.3.jar:3.2.3]
	at org.springframework.amqp.rabbit.listener.SimpleMessageListenerContainer.doReceiveAndExecute(SimpleMessageListenerContainer.java:1086) ~[spring-rabbit-3.2.3.jar:3.2.3]
	at org.springframework.amqp.rabbit.listener.SimpleMessageListenerContainer.receiveAndExecute(SimpleMessageListenerContainer.java:1022) ~[spring-rabbit-3.2.3.jar:3.2.3]
	at org.springframework.amqp.rabbit.listener.SimpleMessageListenerContainer$AsyncMessageProcessingConsumer.mainLoop(SimpleMessageListenerContainer.java:1425) ~[spring-rabbit-3.2.3.jar:3.2.3]
	at org.springframework.amqp.rabbit.listener.SimpleMessageListenerContainer$AsyncMessageProcessingConsumer.run(SimpleMessageListenerContainer.java:1326) ~[spring-rabbit-3.2.3.jar:3.2.3]
	at java.base/java.lang.Thread.run(Thread.java:1570) ~[na:na]
Caused by: java.lang.SecurityException: Attempt to deserialize unauthorized class com.example.AddressBookManagement.DTO.RabbitMQMessageDTO; add allowed class name patterns to the message converter or, if you trust the message originator, set environment variable 'SPRING_AMQP_DESERIALIZATION_TRUST_ALL' or system property 'spring.amqp.deserialization.trust.all' to true
	at org.springframework.amqp.utils.SerializationUtils.checkAllowedList(SerializationUtils.java:164) ~[spring-amqp-3.2.3.jar:3.2.3]
	at org.springframework.amqp.support.converter.AllowedListDeserializingMessageConverter.checkAllowedList(AllowedListDeserializingMessageConverter.java:62) ~[spring-amqp-3.2.3.jar:3.2.3]
	at org.springframework.amqp.support.converter.SimpleMessageConverter$1.resolveClass(SimpleMessageConverter.java:160) ~[spring-amqp-3.2.3.jar:3.2.3]
	at java.base/java.io.ObjectInputStream.readNonProxyDesc(ObjectInputStream.java:2046) ~[na:na]
	at java.base/java.io.ObjectInputStream.readClassDesc(ObjectInputStream.java:1912) ~[na:na]
	at java.base/java.io.ObjectInputStream.readOrdinaryObject(ObjectInputStream.java:2237) ~[na:na]
	at java.base/java.io.ObjectInputStream.readObject0(ObjectInputStream.java:1747) ~[na:na]
	at java.base/java.io.ObjectInputStream.readObject(ObjectInputStream.java:525) ~[na:na]
	at java.base/java.io.ObjectInputStream.readObject(ObjectInputStream.java:483) ~[na:na]
	at org.springframework.amqp.utils.SerializationUtils.deserialize(SerializationUtils.java:102) ~[spring-amqp-3.2.3.jar:3.2.3]
	at org.springframework.amqp.support.converter.SimpleMessageConverter.fromMessage(SimpleMessageConverter.java:93) ~[spring-amqp-3.2.3.jar:3.2.3]
	at org.springframework.amqp.rabbit.listener.adapter.AbstractAdaptableMessageListener.extractMessage(AbstractAdaptableMessageListener.java:349) ~[spring-rabbit-3.2.3.jar:3.2.3]
	at org.springframework.amqp.rabbit.listener.adapter.MessagingMessageListenerAdapter$MessagingMessageConverterAdapter.extractPayload(MessagingMessageListenerAdapter.java:378) ~[spring-rabbit-3.2.3.jar:3.2.3]
	at org.springframework.amqp.support.converter.MessagingMessageConverter.fromMessage(MessagingMessageConverter.java:132) ~[spring-amqp-3.2.3.jar:3.2.3]
	at org.springframework.amqp.rabbit.listener.adapter.MessagingMessageListenerAdapter.toMessagingMessage(MessagingMessageListenerAdapter.java:251) ~[spring-rabbit-3.2.3.jar:3.2.3]
	at org.springframework.amqp.rabbit.listener.adapter.MessagingMessageListenerAdapter.onMessage(MessagingMessageListenerAdapter.java:147) ~[spring-rabbit-3.2.3.jar:3.2.3]
	... 13 common frames omitted

2025-03-18T10:52:34.664+05:30  WARN 8620 --- [org.springframework.amqp.rabbit.RabbitListenerEndpointContainer#0-1] s.a.r.l.ConditionalRejectingErrorHandler : Execution of Rabbit message listener failed.

org.springframework.amqp.rabbit.support.ListenerExecutionFailedException: Failed to convert message
	at org.springframework.amqp.rabbit.listener.adapter.MessagingMessageListenerAdapter.onMessage(MessagingMessageListenerAdapter.java:157) ~[spring-rabbit-3.2.3.jar:3.2.3]
	at org.springframework.amqp.rabbit.listener.AbstractMessageListenerContainer.doInvokeListener(AbstractMessageListenerContainer.java:1694) ~[spring-rabbit-3.2.3.jar:3.2.3]
	at org.springframework.amqp.rabbit.listener.AbstractMessageListenerContainer.actualInvokeListener(AbstractMessageListenerContainer.java:1616) ~[spring-rabbit-3.2.3.jar:3.2.3]
	at org.springframework.amqp.rabbit.listener.AbstractMessageListenerContainer.invokeListener(AbstractMessageListenerContainer.java:1604) ~[spring-rabbit-3.2.3.jar:3.2.3]
	at org.springframework.amqp.rabbit.listener.AbstractMessageListenerContainer.doExecuteListener(AbstractMessageListenerContainer.java:1595) ~[spring-rabbit-3.2.3.jar:3.2.3]
	at org.springframework.amqp.rabbit.listener.AbstractMessageListenerContainer.executeListenerAndHandleException(AbstractMessageListenerContainer.java:1540) ~[spring-rabbit-3.2.3.jar:3.2.3]
	at org.springframework.amqp.rabbit.listener.AbstractMessageListenerContainer.lambda$executeListener$8(AbstractMessageListenerContainer.java:1518) ~[spring-rabbit-3.2.3.jar:3.2.3]
	at io.micrometer.observation.Observation.observe(Observation.java:498) ~[micrometer-observation-1.14.4.jar:1.14.4]
	at org.springframework.amqp.rabbit.listener.AbstractMessageListenerContainer.executeListener(AbstractMessageListenerContainer.java:1518) ~[spring-rabbit-3.2.3.jar:3.2.3]
	at org.springframework.amqp.rabbit.listener.SimpleMessageListenerContainer.doReceiveAndExecute(SimpleMessageListenerContainer.java:1086) ~[spring-rabbit-3.2.3.jar:3.2.3]
	at org.springframework.amqp.rabbit.listener.SimpleMessageListenerContainer.receiveAndExecute(SimpleMessageListenerContainer.java:1022) ~[spring-rabbit-3.2.3.jar:3.2.3]
	at org.springframework.amqp.rabbit.listener.SimpleMessageListenerContainer$AsyncMessageProcessingConsumer.mainLoop(SimpleMessageListenerContainer.java:1425) ~[spring-rabbit-3.2.3.jar:3.2.3]
	at org.springframework.amqp.rabbit.listener.SimpleMessageListenerContainer$AsyncMessageProcessingConsumer.run(SimpleMessageListenerContainer.java:1326) ~[spring-rabbit-3.2.3.jar:3.2.3]
	at java.base/java.lang.Thread.run(Thread.java:1570) ~[na:na]
Caused by: java.lang.SecurityException: Attempt to deserialize unauthorized class com.example.AddressBookManagement.DTO.RabbitMQMessageDTO; add allowed class name patterns to the message converter or, if you trust the message originator, set environment variable 'SPRING_AMQP_DESERIALIZATION_TRUST_ALL' or system property 'spring.amqp.deserialization.trust.all' to true
	at org.springframework.amqp.utils.SerializationUtils.checkAllowedList(SerializationUtils.java:164) ~[spring-amqp-3.2.3.jar:3.2.3]
	at org.springframework.amqp.support.converter.AllowedListDeserializingMessageConverter.checkAllowedList(AllowedListDeserializingMessageConverter.java:62) ~[spring-amqp-3.2.3.jar:3.2.3]
	at org.springframework.amqp.support.converter.SimpleMessageConverter$1.resolveClass(SimpleMessageConverter.java:160) ~[spring-amqp-3.2.3.jar:3.2.3]
	at java.base/java.io.ObjectInputStream.readNonProxyDesc(ObjectInputStream.java:2046) ~[na:na]
	at java.base/java.io.ObjectInputStream.readClassDesc(ObjectInputStream.java:1912) ~[na:na]
	at java.base/java.io.ObjectInputStream.readOrdinaryObject(ObjectInputStream.java:2237) ~[na:na]
	at java.base/java.io.ObjectInputStream.readObject0(ObjectInputStream.java:1747) ~[na:na]
	at java.base/java.io.ObjectInputStream.readObject(ObjectInputStream.java:525) ~[na:na]
	at java.base/java.io.ObjectInputStream.readObject(ObjectInputStream.java:483) ~[na:na]
	at org.springframework.amqp.utils.SerializationUtils.deserialize(SerializationUtils.java:102) ~[spring-amqp-3.2.3.jar:3.2.3]
	at org.springframework.amqp.support.converter.SimpleMessageConverter.fromMessage(SimpleMessageConverter.java:93) ~[spring-amqp-3.2.3.jar:3.2.3]
	at org.springframework.amqp.rabbit.listener.adapter.AbstractAdaptableMessageListener.extractMessage(AbstractAdaptableMessageListener.java:349) ~[spring-rabbit-3.2.3.jar:3.2.3]
	at org.springframework.amqp.rabbit.listener.adapter.MessagingMessageListenerAdapter$MessagingMessageConverterAdapter.extractPayload(MessagingMessageListenerAdapter.java:378) ~[spring-rabbit-3.2.3.jar:3.2.3]
	at org.springframework.amqp.support.converter.MessagingMessageConverter.fromMessage(MessagingMessageConverter.java:132) ~[spring-amqp-3.2.3.jar:3.2.3]
	at org.springframework.amqp.rabbit.listener.adapter.MessagingMessageListenerAdapter.toMessagingMessage(MessagingMessageListenerAdapter.java:251) ~[spring-rabbit-3.2.3.jar:3.2.3]
	at org.springframework.amqp.rabbit.listener.adapter.MessagingMessageListenerAdapter.onMessage(MessagingMessageListenerAdapter.java:147) ~[spring-rabbit-3.2.3.jar:3.2.3]
	... 13 common frames omitted

2025-03-18T10:52:34.667+05:30  WARN 8620 --- [org.springframework.amqp.rabbit.RabbitListenerEndpointContainer#0-1] s.a.r.l.ConditionalRejectingErrorHandler : Execution of Rabbit message listener failed.

org.springframework.amqp.rabbit.support.ListenerExecutionFailedException: Failed to convert message
	at org.springframework.amqp.rabbit.listener.adapter.MessagingMessageListenerAdapter.onMessage(MessagingMessageListenerAdapter.java:157) ~[spring-rabbit-3.2.3.jar:3.2.3]
	at org.springframework.amqp.rabbit.listener.AbstractMessageListenerContainer.doInvokeListener(AbstractMessageListenerContainer.java:1694) ~[spring-rabbit-3.2.3.jar:3.2.3]
	at org.springframework.amqp.rabbit.listener.AbstractMessageListenerContainer.actualInvokeListener(AbstractMessageListenerContainer.java:1616) ~[spring-rabbit-3.2.3.jar:3.2.3]
	at org.springframework.amqp.rabbit.listener.AbstractMessageListenerContainer.invokeListener(AbstractMessageListenerContainer.java:1604) ~[spring-rabbit-3.2.3.jar:3.2.3]
	at org.springframework.amqp.rabbit.listener.AbstractMessageListenerContainer.doExecuteListener(AbstractMessageListenerContainer.java:1595) ~[spring-rabbit-3.2.3.jar:3.2.3]
	at org.springframework.amqp.rabbit.listener.AbstractMessageListenerContainer.executeListenerAndHandleException(AbstractMessageListenerContainer.java:1540) ~[spring-rabbit-3.2.3.jar:3.2.3]
	at org.springframework.amqp.rabbit.listener.AbstractMessageListenerContainer.lambda$executeListener$8(AbstractMessageListenerContainer.java:1518) ~[spring-rabbit-3.2.3.jar:3.2.3]
	at io.micrometer.observation.Observation.observe(Observation.java:498) ~[micrometer-observation-1.14.4.jar:1.14.4]
	at org.springframework.amqp.rabbit.listener.AbstractMessageListenerContainer.executeListener(AbstractMessageListenerContainer.java:1518) ~[spring-rabbit-3.2.3.jar:3.2.3]
	at org.springframework.amqp.rabbit.listener.SimpleMessageListenerContainer.doReceiveAndExecute(SimpleMessageListenerContainer.java:1086) ~[spring-rabbit-3.2.3.jar:3.2.3]
	at org.springframework.amqp.rabbit.listener.SimpleMessageListenerContainer.receiveAndExecute(SimpleMessageListenerContainer.java:1022) ~[spring-rabbit-3.2.3.jar:3.2.3]
	at org.springframework.amqp.rabbit.listener.SimpleMessageListenerContainer$AsyncMessageProcessingConsumer.mainLoop(SimpleMessageListenerContainer.java:1425) ~[spring-rabbit-3.2.3.jar:3.2.3]
	at org.springframework.amqp.rabbit.listener.SimpleMessageListenerContainer$AsyncMessageProcessingConsumer.run(SimpleMessageListenerContainer.java:1326) ~[spring-rabbit-3.2.3.jar:3.2.3]
	at java.base/java.lang.Thread.run(Thread.java:1570) ~[na:na]
Caused by: java.lang.SecurityException: Attempt to deserialize unauthorized class com.example.AddressBookManagement.DTO.RabbitMQMessageDTO; add allowed class name patterns to the message converter or, if you trust the message originator, set environment variable 'SPRING_AMQP_DESERIALIZATION_TRUST_ALL' or system property 'spring.amqp.deserialization.trust.all' to true
	at org.springframework.amqp.utils.SerializationUtils.checkAllowedList(SerializationUtils.java:164) ~[spring-amqp-3.2.3.jar:3.2.3]
	at org.springframework.amqp.support.converter.AllowedListDeserializingMessageConverter.checkAllowedList(AllowedListDeserializingMessageConverter.java:62) ~[spring-amqp-3.2.3.jar:3.2.3]
	at org.springframework.amqp.support.converter.SimpleMessageConverter$1.resolveClass(SimpleMessageConverter.java:160) ~[spring-amqp-3.2.3.jar:3.2.3]
	at java.base/java.io.ObjectInputStream.readNonProxyDesc(ObjectInputStream.java:2046) ~[na:na]
	at java.base/java.io.ObjectInputStream.readClassDesc(ObjectInputStream.java:1912) ~[na:na]
	at java.base/java.io.ObjectInputStream.readOrdinaryObject(ObjectInputStream.java:2237) ~[na:na]
	at java.base/java.io.ObjectInputStream.readObject0(ObjectInputStream.java:1747) ~[na:na]
	at java.base/java.io.ObjectInputStream.readObject(ObjectInputStream.java:525) ~[na:na]
	at java.base/java.io.ObjectInputStream.readObject(ObjectInputStream.java:483) ~[na:na]
	at org.springframework.amqp.utils.SerializationUtils.deserialize(SerializationUtils.java:102) ~[spring-amqp-3.2.3.jar:3.2.3]
	at org.springframework.amqp.support.converter.SimpleMessageConverter.fromMessage(SimpleMessageConverter.java:93) ~[spring-amqp-3.2.3.jar:3.2.3]
	at org.springframework.amqp.rabbit.listener.adapter.AbstractAdaptableMessageListener.extractMessage(AbstractAdaptableMessageListener.java:349) ~[spring-rabbit-3.2.3.jar:3.2.3]
	at org.springframework.amqp.rabbit.listener.adapter.MessagingMessageListenerAdapter$MessagingMessageConverterAdapter.extractPayload(MessagingMessageListenerAdapter.java:378) ~[spring-rabbit-3.2.3.jar:3.2.3]
	at org.springframework.amqp.support.converter.MessagingMessageConverter.fromMessage(MessagingMessageConverter.java:132) ~[spring-amqp-3.2.3.jar:3.2.3]
	at org.springframework.amqp.rabbit.listener.adapter.MessagingMessageListenerAdapter.toMessagingMessage(MessagingMessageListenerAdapter.java:251) ~[spring-rabbit-3.2.3.jar:3.2.3]
	at org.springframework.amqp.rabbit.listener.adapter.MessagingMessageListenerAdapter.onMessage(MessagingMessageListenerAdapter.java:147) ~[spring-rabbit-3.2.3.jar:3.2.3]
	... 13 common frames omitted

2025-03-18T10:52:34.672+05:30  WARN 8620 --- [org.springframework.amqp.rabbit.RabbitListenerEndpointContainer#0-1] s.a.r.l.ConditionalRejectingErrorHandler : Execution of Rabbit message listener failed.

org.springframework.amqp.rabbit.support.ListenerExecutionFailedException: Failed to convert message
	at org.springframework.amqp.rabbit.listener.adapter.MessagingMessageListenerAdapter.onMessage(MessagingMessageListenerAdapter.java:157) ~[spring-rabbit-3.2.3.jar:3.2.3]
	at org.springframework.amqp.rabbit.listener.AbstractMessageListenerContainer.doInvokeListener(AbstractMessageListenerContainer.java:1694) ~[spring-rabbit-3.2.3.jar:3.2.3]
	at org.springframework.amqp.rabbit.listener.AbstractMessageListenerContainer.actualInvokeListener(AbstractMessageListenerContainer.java:1616) ~[spring-rabbit-3.2.3.jar:3.2.3]
	at org.springframework.amqp.rabbit.listener.AbstractMessageListenerContainer.invokeListener(AbstractMessageListenerContainer.java:1604) ~[spring-rabbit-3.2.3.jar:3.2.3]
	at org.springframework.amqp.rabbit.listener.AbstractMessageListenerContainer.doExecuteListener(AbstractMessageListenerContainer.java:1595) ~[spring-rabbit-3.2.3.jar:3.2.3]
	at org.springframework.amqp.rabbit.listener.AbstractMessageListenerContainer.executeListenerAndHandleException(AbstractMessageListenerContainer.java:1540) ~[spring-rabbit-3.2.3.jar:3.2.3]
	at org.springframework.amqp.rabbit.listener.AbstractMessageListenerContainer.lambda$executeListener$8(AbstractMessageListenerContainer.java:1518) ~[spring-rabbit-3.2.3.jar:3.2.3]
	at io.micrometer.observation.Observation.observe(Observation.java:498) ~[micrometer-observation-1.14.4.jar:1.14.4]
	at org.springframework.amqp.rabbit.listener.AbstractMessageListenerContainer.executeListener(AbstractMessageListenerContainer.java:1518) ~[spring-rabbit-3.2.3.jar:3.2.3]
	at org.springframework.amqp.rabbit.listener.SimpleMessageListenerContainer.doReceiveAndExecute(SimpleMessageListenerContainer.java:1086) ~[spring-rabbit-3.2.3.jar:3.2.3]
	at org.springframework.amqp.rabbit.listener.SimpleMessageListenerContainer.receiveAndExecute(SimpleMessageListenerContainer.java:1022) ~[spring-rabbit-3.2.3.jar:3.2.3]
	at org.springframework.amqp.rabbit.listener.SimpleMessageListenerContainer$AsyncMessageProcessingConsumer.mainLoop(SimpleMessageListenerContainer.java:1425) ~[spring-rabbit-3.2.3.jar:3.2.3]
	at org.springframework.amqp.rabbit.listener.SimpleMessageListenerContainer$AsyncMessageProcessingConsumer.run(SimpleMessageListenerContainer.java:1326) ~[spring-rabbit-3.2.3.jar:3.2.3]
	at java.base/java.lang.Thread.run(Thread.java:1570) ~[na:na]
Caused by: java.lang.SecurityException: Attempt to deserialize unauthorized class com.example.AddressBookManagement.DTO.RabbitMQMessageDTO; add allowed class name patterns to the message converter or, if you trust the message originator, set environment variable 'SPRING_AMQP_DESERIALIZATION_TRUST_ALL' or system property 'spring.amqp.deserialization.trust.all' to true
	at org.springframework.amqp.utils.SerializationUtils.checkAllowedList(SerializationUtils.java:164) ~[spring-amqp-3.2.3.jar:3.2.3]
	at org.springframework.amqp.support.converter.AllowedListDeserializingMessageConverter.checkAllowedList(AllowedListDeserializingMessageConverter.java:62) ~[spring-amqp-3.2.3.jar:3.2.3]
	at org.springframework.amqp.support.converter.SimpleMessageConverter$1.resolveClass(SimpleMessageConverter.java:160) ~[spring-amqp-3.2.3.jar:3.2.3]
	at java.base/java.io.ObjectInputStream.readNonProxyDesc(ObjectInputStream.java:2046) ~[na:na]
	at java.base/java.io.ObjectInputStream.readClassDesc(ObjectInputStream.java:1912) ~[na:na]
	at java.base/java.io.ObjectInputStream.readOrdinaryObject(ObjectInputStream.java:2237) ~[na:na]
	at java.base/java.io.ObjectInputStream.readObject0(ObjectInputStream.java:1747) ~[na:na]
	at java.base/java.io.ObjectInputStream.readObject(ObjectInputStream.java:525) ~[na:na]
	at java.base/java.io.ObjectInputStream.readObject(ObjectInputStream.java:483) ~[na:na]
	at org.springframework.amqp.utils.SerializationUtils.deserialize(SerializationUtils.java:102) ~[spring-amqp-3.2.3.jar:3.2.3]
	at org.springframework.amqp.support.converter.SimpleMessageConverter.fromMessage(SimpleMessageConverter.java:93) ~[spring-amqp-3.2.3.jar:3.2.3]
	at org.springframework.amqp.rabbit.listener.adapter.AbstractAdaptableMessageListener.extractMessage(AbstractAdaptableMessageListener.java:349) ~[spring-rabbit-3.2.3.jar:3.2.3]
	at org.springframework.amqp.rabbit.listener.adapter.MessagingMessageListenerAdapter$MessagingMessageConverterAdapter.extractPayload(MessagingMessageListenerAdapter.java:378) ~[spring-rabbit-3.2.3.jar:3.2.3]
	at org.springframework.amqp.support.converter.MessagingMessageConverter.fromMessage(MessagingMessageConverter.java:132) ~[spring-amqp-3.2.3.jar:3.2.3]
	at org.springframework.amqp.rabbit.listener.adapter.MessagingMessageListenerAdapter.toMessagingMessage(MessagingMessageListenerAdapter.java:251) ~[spring-rabbit-3.2.3.jar:3.2.3]
	at org.springframework.amqp.rabbit.listener.adapter.MessagingMessageListenerAdapter.onMessage(MessagingMessageListenerAdapter.java:147) ~[spring-rabbit-3.2.3.jar:3.2.3]
	... 13 common frames omitted

2025-03-18T10:52:34.675+05:30  WARN 8620 --- [org.springframework.amqp.rabbit.RabbitListenerEndpointContainer#0-1] s.a.r.l.ConditionalRejectingErrorHandler : Execution of Rabbit message listener failed.

org.springframework.amqp.rabbit.support.ListenerExecutionFailedException: Failed to convert message
	at org.springframework.amqp.rabbit.listener.adapter.MessagingMessageListenerAdapter.onMessage(MessagingMessageListenerAdapter.java:157) ~[spring-rabbit-3.2.3.jar:3.2.3]
	at org.springframework.amqp.rabbit.listener.AbstractMessageListenerContainer.doInvokeListener(AbstractMessageListenerContainer.java:1694) ~[spring-rabbit-3.2.3.jar:3.2.3]
	at org.springframework.amqp.rabbit.listener.AbstractMessageListenerContainer.actualInvokeListener(AbstractMessageListenerContainer.java:1616) ~[spring-rabbit-3.2.3.jar:3.2.3]
	at org.springframework.amqp.rabbit.listener.AbstractMessageListenerContainer.invokeListener(AbstractMessageListenerContainer.java:1604) ~[spring-rabbit-3.2.3.jar:3.2.3]
	at org.springframework.amqp.rabbit.listener.AbstractMessageListenerContainer.doExecuteListener(AbstractMessageListenerContainer.java:1595) ~[spring-rabbit-3.2.3.jar:3.2.3]
	at org.springframework.amqp.rabbit.listener.AbstractMessageListenerContainer.executeListenerAndHandleException(AbstractMessageListenerContainer.java:1540) ~[spring-rabbit-3.2.3.jar:3.2.3]
	at org.springframework.amqp.rabbit.listener.AbstractMessageListenerContainer.lambda$executeListener$8(AbstractMessageListenerContainer.java:1518) ~[spring-rabbit-3.2.3.jar:3.2.3]
	at io.micrometer.observation.Observation.observe(Observation.java:498) ~[micrometer-observation-1.14.4.jar:1.14.4]
	at org.springframework.amqp.rabbit.listener.AbstractMessageListenerContainer.executeListener(AbstractMessageListenerContainer.java:1518) ~[spring-rabbit-3.2.3.jar:3.2.3]
	at org.springframework.amqp.rabbit.listener.SimpleMessageListenerContainer.doReceiveAndExecute(SimpleMessageListenerContainer.java:1086) ~[spring-rabbit-3.2.3.jar:3.2.3]
	at org.springframework.amqp.rabbit.listener.SimpleMessageListenerContainer.receiveAndExecute(SimpleMessageListenerContainer.java:1022) ~[spring-rabbit-3.2.3.jar:3.2.3]
	at org.springframework.amqp.rabbit.listener.SimpleMessageListenerContainer$AsyncMessageProcessingConsumer.mainLoop(SimpleMessageListenerContainer.java:1425) ~[spring-rabbit-3.2.3.jar:3.2.3]
	at org.springframework.amqp.rabbit.listener.SimpleMessageListenerContainer$AsyncMessageProcessingConsumer.run(SimpleMessageListenerContainer.java:1326) ~[spring-rabbit-3.2.3.jar:3.2.3]
	at java.base/java.lang.Thread.run(Thread.java:1570) ~[na:na]
Caused by: java.lang.SecurityException: Attempt to deserialize unauthorized class com.example.AddressBookManagement.DTO.RabbitMQMessageDTO; add allowed class name patterns to the message converter or, if you trust the message originator, set environment variable 'SPRING_AMQP_DESERIALIZATION_TRUST_ALL' or system property 'spring.amqp.deserialization.trust.all' to true
	at org.springframework.amqp.utils.SerializationUtils.checkAllowedList(SerializationUtils.java:164) ~[spring-amqp-3.2.3.jar:3.2.3]
	at org.springframework.amqp.support.converter.AllowedListDeserializingMessageConverter.checkAllowedList(AllowedListDeserializingMessageConverter.java:62) ~[spring-amqp-3.2.3.jar:3.2.3]
	at org.springframework.amqp.support.converter.SimpleMessageConverter$1.resolveClass(SimpleMessageConverter.java:160) ~[spring-amqp-3.2.3.jar:3.2.3]
	at java.base/java.io.ObjectInputStream.readNonProxyDesc(ObjectInputStream.java:2046) ~[na:na]
	at java.base/java.io.ObjectInputStream.readClassDesc(ObjectInputStream.java:1912) ~[na:na]
	at java.base/java.io.ObjectInputStream.readOrdinaryObject(ObjectInputStream.java:2237) ~[na:na]
	at java.base/java.io.ObjectInputStream.readObject0(ObjectInputStream.java:1747) ~[na:na]
	at java.base/java.io.ObjectInputStream.readObject(ObjectInputStream.java:525) ~[na:na]
	at java.base/java.io.ObjectInputStream.readObject(ObjectInputStream.java:483) ~[na:na]
	at org.springframework.amqp.utils.SerializationUtils.deserialize(SerializationUtils.java:102) ~[spring-amqp-3.2.3.jar:3.2.3]
	at org.springframework.amqp.support.converter.SimpleMessageConverter.fromMessage(SimpleMessageConverter.java:93) ~[spring-amqp-3.2.3.jar:3.2.3]
	at org.springframework.amqp.rabbit.listener.adapter.AbstractAdaptableMessageListener.extractMessage(AbstractAdaptableMessageListener.java:349) ~[spring-rabbit-3.2.3.jar:3.2.3]
	at org.springframework.amqp.rabbit.listener.adapter.MessagingMessageListenerAdapter$MessagingMessageConverterAdapter.extractPayload(MessagingMessageListenerAdapter.java:378) ~[spring-rabbit-3.2.3.jar:3.2.3]
	at org.springframework.amqp.support.converter.MessagingMessageConverter.fromMessage(MessagingMessageConverter.java:132) ~[spring-amqp-3.2.3.jar:3.2.3]
	at org.springframework.amqp.rabbit.listener.adapter.MessagingMessageListenerAdapter.toMessagingMessage(MessagingMessageListenerAdapter.java:251) ~[spring-rabbit-3.2.3.jar:3.2.3]
	at org.springframework.amqp.rabbit.listener.adapter.MessagingMessageListenerAdapter.onMessage(MessagingMessageListenerAdapter.java:147) ~[spring-rabbit-3.2.3.jar:3.2.3]
	... 13 common frames omitted

2025-03-18T10:52:34.678+05:30  WARN 8620 --- [org.springframework.amqp.rabbit.RabbitListenerEndpointContainer#0-1] s.a.r.l.ConditionalRejectingErrorHandler : Execution of Rabbit message listener failed.

org.springframework.amqp.rabbit.support.ListenerExecutionFailedException: Failed to convert message
	at org.springframework.amqp.rabbit.listener.adapter.MessagingMessageListenerAdapter.onMessage(MessagingMessageListenerAdapter.java:157) ~[spring-rabbit-3.2.3.jar:3.2.3]
	at org.springframework.amqp.rabbit.listener.AbstractMessageListenerContainer.doInvokeListener(AbstractMessageListenerContainer.java:1694) ~[spring-rabbit-3.2.3.jar:3.2.3]
	at org.springframework.amqp.rabbit.listener.AbstractMessageListenerContainer.actualInvokeListener(AbstractMessageListenerContainer.java:1616) ~[spring-rabbit-3.2.3.jar:3.2.3]
	at org.springframework.amqp.rabbit.listener.AbstractMessageListenerContainer.invokeListener(AbstractMessageListenerContainer.java:1604) ~[spring-rabbit-3.2.3.jar:3.2.3]
	at org.springframework.amqp.rabbit.listener.AbstractMessageListenerContainer.doExecuteListener(AbstractMessageListenerContainer.java:1595) ~[spring-rabbit-3.2.3.jar:3.2.3]
	at org.springframework.amqp.rabbit.listener.AbstractMessageListenerContainer.executeListenerAndHandleException(AbstractMessageListenerContainer.java:1540) ~[spring-rabbit-3.2.3.jar:3.2.3]
	at org.springframework.amqp.rabbit.listener.AbstractMessageListenerContainer.lambda$executeListener$8(AbstractMessageListenerContainer.java:1518) ~[spring-rabbit-3.2.3.jar:3.2.3]
	at io.micrometer.observation.Observation.observe(Observation.java:498) ~[micrometer-observation-1.14.4.jar:1.14.4]
	at org.springframework.amqp.rabbit.listener.AbstractMessageListenerContainer.executeListener(AbstractMessageListenerContainer.java:1518) ~[spring-rabbit-3.2.3.jar:3.2.3]
	at org.springframework.amqp.rabbit.listener.SimpleMessageListenerContainer.doReceiveAndExecute(SimpleMessageListenerContainer.java:1086) ~[spring-rabbit-3.2.3.jar:3.2.3]
	at org.springframework.amqp.rabbit.listener.SimpleMessageListenerContainer.receiveAndExecute(SimpleMessageListenerContainer.java:1022) ~[spring-rabbit-3.2.3.jar:3.2.3]
	at org.springframework.amqp.rabbit.listener.SimpleMessageListenerContainer$AsyncMessageProcessingConsumer.mainLoop(SimpleMessageListenerContainer.java:1425) ~[spring-rabbit-3.2.3.jar:3.2.3]
	at org.springframework.amqp.rabbit.listener.SimpleMessageListenerContainer$AsyncMessageProcessingConsumer.run(SimpleMessageListenerContainer.java:1326) ~[spring-rabbit-3.2.3.jar:3.2.3]
	at java.base/java.lang.Thread.run(Thread.java:1570) ~[na:na]
Caused by: java.lang.SecurityException: Attempt to deserialize unauthorized class com.example.AddressBookManagement.DTO.RabbitMQMessageDTO; add allowed class name patterns to the message converter or, if you trust the message originator, set environment variable 'SPRING_AMQP_DESERIALIZATION_TRUST_ALL' or system property 'spring.amqp.deserialization.trust.all' to true
	at org.springframework.amqp.utils.SerializationUtils.checkAllowedList(SerializationUtils.java:164) ~[spring-amqp-3.2.3.jar:3.2.3]
	at org.springframework.amqp.support.converter.AllowedListDeserializingMessageConverter.checkAllowedList(AllowedListDeserializingMessageConverter.java:62) ~[spring-amqp-3.2.3.jar:3.2.3]
	at org.springframework.amqp.support.converter.SimpleMessageConverter$1.resolveClass(SimpleMessageConverter.java:160) ~[spring-amqp-3.2.3.jar:3.2.3]
	at java.base/java.io.ObjectInputStream.readNonProxyDesc(ObjectInputStream.java:2046) ~[na:na]
	at java.base/java.io.ObjectInputStream.readClassDesc(ObjectInputStream.java:1912) ~[na:na]
	at java.base/java.io.ObjectInputStream.readOrdinaryObject(ObjectInputStream.java:2237) ~[na:na]
	at java.base/java.io.ObjectInputStream.readObject0(ObjectInputStream.java:1747) ~[na:na]
	at java.base/java.io.ObjectInputStream.readObject(ObjectInputStream.java:525) ~[na:na]
	at java.base/java.io.ObjectInputStream.readObject(ObjectInputStream.java:483) ~[na:na]
	at org.springframework.amqp.utils.SerializationUtils.deserialize(SerializationUtils.java:102) ~[spring-amqp-3.2.3.jar:3.2.3]
	at org.springframework.amqp.support.converter.SimpleMessageConverter.fromMessage(SimpleMessageConverter.java:93) ~[spring-amqp-3.2.3.jar:3.2.3]
	at org.springframework.amqp.rabbit.listener.adapter.AbstractAdaptableMessageListener.extractMessage(AbstractAdaptableMessageListener.java:349) ~[spring-rabbit-3.2.3.jar:3.2.3]
	at org.springframework.amqp.rabbit.listener.adapter.MessagingMessageListenerAdapter$MessagingMessageConverterAdapter.extractPayload(MessagingMessageListenerAdapter.java:378) ~[spring-rabbit-3.2.3.jar:3.2.3]
	at org.springframework.amqp.support.converter.MessagingMessageConverter.fromMessage(MessagingMessageConverter.java:132) ~[spring-amqp-3.2.3.jar:3.2.3]
	at org.springframework.amqp.rabbit.listener.adapter.MessagingMessageListenerAdapter.toMessagingMessage(MessagingMessageListenerAdapter.java:251) ~[spring-rabbit-3.2.3.jar:3.2.3]
	at org.springframework.amqp.rabbit.listener.adapter.MessagingMessageListenerAdapter.onMessage(MessagingMessageListenerAdapter.java:147) ~[spring-rabbit-3.2.3.jar:3.2.3]
	... 13 common frames omitted

2025-03-18T10:52:34.683+05:30  WARN 8620 --- [org.springframework.amqp.rabbit.RabbitListenerEndpointContainer#0-1] s.a.r.l.ConditionalRejectingErrorHandler : Execution of Rabbit message listener failed.

org.springframework.amqp.rabbit.support.ListenerExecutionFailedException: Failed to convert message
	at org.springframework.amqp.rabbit.listener.adapter.MessagingMessageListenerAdapter.onMessage(MessagingMessageListenerAdapter.java:157) ~[spring-rabbit-3.2.3.jar:3.2.3]
	at org.springframework.amqp.rabbit.listener.AbstractMessageListenerContainer.doInvokeListener(AbstractMessageListenerContainer.java:1694) ~[spring-rabbit-3.2.3.jar:3.2.3]
	at org.springframework.amqp.rabbit.listener.AbstractMessageListenerContainer.actualInvokeListener(AbstractMessageListenerContainer.java:1616) ~[spring-rabbit-3.2.3.jar:3.2.3]
	at org.springframework.amqp.rabbit.listener.AbstractMessageListenerContainer.invokeListener(AbstractMessageListenerContainer.java:1604) ~[spring-rabbit-3.2.3.jar:3.2.3]
	at org.springframework.amqp.rabbit.listener.AbstractMessageListenerContainer.doExecuteListener(AbstractMessageListenerContainer.java:1595) ~[spring-rabbit-3.2.3.jar:3.2.3]
	at org.springframework.amqp.rabbit.listener.AbstractMessageListenerContainer.executeListenerAndHandleException(AbstractMessageListenerContainer.java:1540) ~[spring-rabbit-3.2.3.jar:3.2.3]
	at org.springframework.amqp.rabbit.listener.AbstractMessageListenerContainer.lambda$executeListener$8(AbstractMessageListenerContainer.java:1518) ~[spring-rabbit-3.2.3.jar:3.2.3]
	at io.micrometer.observation.Observation.observe(Observation.java:498) ~[micrometer-observation-1.14.4.jar:1.14.4]
	at org.springframework.amqp.rabbit.listener.AbstractMessageListenerContainer.executeListener(AbstractMessageListenerContainer.java:1518) ~[spring-rabbit-3.2.3.jar:3.2.3]
	at org.springframework.amqp.rabbit.listener.SimpleMessageListenerContainer.doReceiveAndExecute(SimpleMessageListenerContainer.java:1086) ~[spring-rabbit-3.2.3.jar:3.2.3]
	at org.springframework.amqp.rabbit.listener.SimpleMessageListenerContainer.receiveAndExecute(SimpleMessageListenerContainer.java:1022) ~[spring-rabbit-3.2.3.jar:3.2.3]
	at org.springframework.amqp.rabbit.listener.SimpleMessageListenerContainer$AsyncMessageProcessingConsumer.mainLoop(SimpleMessageListenerContainer.java:1425) ~[spring-rabbit-3.2.3.jar:3.2.3]
	at org.springframework.amqp.rabbit.listener.SimpleMessageListenerContainer$AsyncMessageProcessingConsumer.run(SimpleMessageListenerContainer.java:1326) ~[spring-rabbit-3.2.3.jar:3.2.3]
	at java.base/java.lang.Thread.run(Thread.java:1570) ~[na:na]
Caused by: java.lang.SecurityException: Attempt to deserialize unauthorized class com.example.AddressBookManagement.DTO.RabbitMQMessageDTO; add allowed class name patterns to the message converter or, if you trust the message originator, set environment variable 'SPRING_AMQP_DESERIALIZATION_TRUST_ALL' or system property 'spring.amqp.deserialization.trust.all' to true
	at org.springframework.amqp.utils.SerializationUtils.checkAllowedList(SerializationUtils.java:164) ~[spring-amqp-3.2.3.jar:3.2.3]
	at org.springframework.amqp.support.converter.AllowedListDeserializingMessageConverter.checkAllowedList(AllowedListDeserializingMessageConverter.java:62) ~[spring-amqp-3.2.3.jar:3.2.3]
	at org.springframework.amqp.support.converter.SimpleMessageConverter$1.resolveClass(SimpleMessageConverter.java:160) ~[spring-amqp-3.2.3.jar:3.2.3]
	at java.base/java.io.ObjectInputStream.readNonProxyDesc(ObjectInputStream.java:2046) ~[na:na]
	at java.base/java.io.ObjectInputStream.readClassDesc(ObjectInputStream.java:1912) ~[na:na]
	at java.base/java.io.ObjectInputStream.readOrdinaryObject(ObjectInputStream.java:2237) ~[na:na]
	at java.base/java.io.ObjectInputStream.readObject0(ObjectInputStream.java:1747) ~[na:na]
	at java.base/java.io.ObjectInputStream.readObject(ObjectInputStream.java:525) ~[na:na]
	at java.base/java.io.ObjectInputStream.readObject(ObjectInputStream.java:483) ~[na:na]
	at org.springframework.amqp.utils.SerializationUtils.deserialize(SerializationUtils.java:102) ~[spring-amqp-3.2.3.jar:3.2.3]
	at org.springframework.amqp.support.converter.SimpleMessageConverter.fromMessage(SimpleMessageConverter.java:93) ~[spring-amqp-3.2.3.jar:3.2.3]
	at org.springframework.amqp.rabbit.listener.adapter.AbstractAdaptableMessageListener.extractMessage(AbstractAdaptableMessageListener.java:349) ~[spring-rabbit-3.2.3.jar:3.2.3]
	at org.springframework.amqp.rabbit.listener.adapter.MessagingMessageListenerAdapter$MessagingMessageConverterAdapter.extractPayload(MessagingMessageListenerAdapter.java:378) ~[spring-rabbit-3.2.3.jar:3.2.3]
	at org.springframework.amqp.support.converter.MessagingMessageConverter.fromMessage(MessagingMessageConverter.java:132) ~[spring-amqp-3.2.3.jar:3.2.3]
	at org.springframework.amqp.rabbit.listener.adapter.MessagingMessageListenerAdapter.toMessagingMessage(MessagingMessageListenerAdapter.java:251) ~[spring-rabbit-3.2.3.jar:3.2.3]
	at org.springframework.amqp.rabbit.listener.adapter.MessagingMessageListenerAdapter.onMessage(MessagingMessageListenerAdapter.java:147) ~[spring-rabbit-3.2.3.jar:3.2.3]
	... 13 common frames omitted

2025-03-18T10:52:34.686+05:30  WARN 8620 --- [org.springframework.amqp.rabbit.RabbitListenerEndpointContainer#0-1] s.a.r.l.ConditionalRejectingErrorHandler : Execution of Rabbit message listener failed.

org.springframework.amqp.rabbit.support.ListenerExecutionFailedException: Failed to convert message
	at org.springframework.amqp.rabbit.listener.adapter.MessagingMessageListenerAdapter.onMessage(MessagingMessageListenerAdapter.java:157) ~[spring-rabbit-3.2.3.jar:3.2.3]
	at org.springframework.amqp.rabbit.listener.AbstractMessageListenerContainer.doInvokeListener(AbstractMessageListenerContainer.java:1694) ~[spring-rabbit-3.2.3.jar:3.2.3]
	at org.springframework.amqp.rabbit.listener.AbstractMessageListenerContainer.actualInvokeListener(AbstractMessageListenerContainer.java:1616) ~[spring-rabbit-3.2.3.jar:3.2.3]
	at org.springframework.amqp.rabbit.listener.AbstractMessageListenerContainer.invokeListener(AbstractMessageListenerContainer.java:1604) ~[spring-rabbit-3.2.3.jar:3.2.3]
	at org.springframework.amqp.rabbit.listener.AbstractMessageListenerContainer.doExecuteListener(AbstractMessageListenerContainer.java:1595) ~[spring-rabbit-3.2.3.jar:3.2.3]
	at org.springframework.amqp.rabbit.listener.AbstractMessageListenerContainer.executeListenerAndHandleException(AbstractMessageListenerContainer.java:1540) ~[spring-rabbit-3.2.3.jar:3.2.3]
	at org.springframework.amqp.rabbit.listener.AbstractMessageListenerContainer.lambda$executeListener$8(AbstractMessageListenerContainer.java:1518) ~[spring-rabbit-3.2.3.jar:3.2.3]
	at io.micrometer.observation.Observation.observe(Observation.java:498) ~[micrometer-observation-1.14.4.jar:1.14.4]
	at org.springframework.amqp.rabbit.listener.AbstractMessageListenerContainer.executeListener(AbstractMessageListenerContainer.java:1518) ~[spring-rabbit-3.2.3.jar:3.2.3]
	at org.springframework.amqp.rabbit.listener.SimpleMessageListenerContainer.doReceiveAndExecute(SimpleMessageListenerContainer.java:1086) ~[spring-rabbit-3.2.3.jar:3.2.3]
	at org.springframework.amqp.rabbit.listener.SimpleMessageListenerContainer.receiveAndExecute(SimpleMessageListenerContainer.java:1022) ~[spring-rabbit-3.2.3.jar:3.2.3]
	at org.springframework.amqp.rabbit.listener.SimpleMessageListenerContainer$AsyncMessageProcessingConsumer.mainLoop(SimpleMessageListenerContainer.java:1425) ~[spring-rabbit-3.2.3.jar:3.2.3]
	at org.springframework.amqp.rabbit.listener.SimpleMessageListenerContainer$AsyncMessageProcessingConsumer.run(SimpleMessageListenerContainer.java:1326) ~[spring-rabbit-3.2.3.jar:3.2.3]
	at java.base/java.lang.Thread.run(Thread.java:1570) ~[na:na]
Caused by: java.lang.SecurityException: Attempt to deserialize unauthorized class com.example.AddressBookManagement.DTO.RabbitMQMessageDTO; add allowed class name patterns to the message converter or, if you trust the message originator, set environment variable 'SPRING_AMQP_DESERIALIZATION_TRUST_ALL' or system property 'spring.amqp.deserialization.trust.all' to true
	at org.springframework.amqp.utils.SerializationUtils.checkAllowedList(SerializationUtils.java:164) ~[spring-amqp-3.2.3.jar:3.2.3]
	at org.springframework.amqp.support.converter.AllowedListDeserializingMessageConverter.checkAllowedList(AllowedListDeserializingMessageConverter.java:62) ~[spring-amqp-3.2.3.jar:3.2.3]
	at org.springframework.amqp.support.converter.SimpleMessageConverter$1.resolveClass(SimpleMessageConverter.java:160) ~[spring-amqp-3.2.3.jar:3.2.3]
	at java.base/java.io.ObjectInputStream.readNonProxyDesc(ObjectInputStream.java:2046) ~[na:na]
	at java.base/java.io.ObjectInputStream.readClassDesc(ObjectInputStream.java:1912) ~[na:na]
	at java.base/java.io.ObjectInputStream.readOrdinaryObject(ObjectInputStream.java:2237) ~[na:na]
	at java.base/java.io.ObjectInputStream.readObject0(ObjectInputStream.java:1747) ~[na:na]
	at java.base/java.io.ObjectInputStream.readObject(ObjectInputStream.java:525) ~[na:na]
	at java.base/java.io.ObjectInputStream.readObject(ObjectInputStream.java:483) ~[na:na]
	at org.springframework.amqp.utils.SerializationUtils.deserialize(SerializationUtils.java:102) ~[spring-amqp-3.2.3.jar:3.2.3]
	at org.springframework.amqp.support.converter.SimpleMessageConverter.fromMessage(SimpleMessageConverter.java:93) ~[spring-amqp-3.2.3.jar:3.2.3]
	at org.springframework.amqp.rabbit.listener.adapter.AbstractAdaptableMessageListener.extractMessage(AbstractAdaptableMessageListener.java:349) ~[spring-rabbit-3.2.3.jar:3.2.3]
	at org.springframework.amqp.rabbit.listener.adapter.MessagingMessageListenerAdapter$MessagingMessageConverterAdapter.extractPayload(MessagingMessageListenerAdapter.java:378) ~[spring-rabbit-3.2.3.jar:3.2.3]
	at org.springframework.amqp.support.converter.MessagingMessageConverter.fromMessage(MessagingMessageConverter.java:132) ~[spring-amqp-3.2.3.jar:3.2.3]
	at org.springframework.amqp.rabbit.listener.adapter.MessagingMessageListenerAdapter.toMessagingMessage(MessagingMessageListenerAdapter.java:251) ~[spring-rabbit-3.2.3.jar:3.2.3]
	at org.springframework.amqp.rabbit.listener.adapter.MessagingMessageListenerAdapter.onMessage(MessagingMessageListenerAdapter.java:147) ~[spring-rabbit-3.2.3.jar:3.2.3]
	... 13 common frames omitted

2025-03-18T10:52:34.689+05:30  WARN 8620 --- [org.springframework.amqp.rabbit.RabbitListenerEndpointContainer#0-1] s.a.r.l.ConditionalRejectingErrorHandler : Execution of Rabbit message listener failed.

org.springframework.amqp.rabbit.support.ListenerExecutionFailedException: Failed to convert message
	at org.springframework.amqp.rabbit.listener.adapter.MessagingMessageListenerAdapter.onMessage(MessagingMessageListenerAdapter.java:157) ~[spring-rabbit-3.2.3.jar:3.2.3]
	at org.springframework.amqp.rabbit.listener.AbstractMessageListenerContainer.doInvokeListener(AbstractMessageListenerContainer.java:1694) ~[spring-rabbit-3.2.3.jar:3.2.3]
	at org.springframework.amqp.rabbit.listener.AbstractMessageListenerContainer.actualInvokeListener(AbstractMessageListenerContainer.java:1616) ~[spring-rabbit-3.2.3.jar:3.2.3]
	at org.springframework.amqp.rabbit.listener.AbstractMessageListenerContainer.invokeListener(AbstractMessageListenerContainer.java:1604) ~[spring-rabbit-3.2.3.jar:3.2.3]
	at org.springframework.amqp.rabbit.listener.AbstractMessageListenerContainer.doExecuteListener(AbstractMessageListenerContainer.java:1595) ~[spring-rabbit-3.2.3.jar:3.2.3]
	at org.springframework.amqp.rabbit.listener.AbstractMessageListenerContainer.executeListenerAndHandleException(AbstractMessageListenerContainer.java:1540) ~[spring-rabbit-3.2.3.jar:3.2.3]
	at org.springframework.amqp.rabbit.listener.AbstractMessageListenerContainer.lambda$executeListener$8(AbstractMessageListenerContainer.java:1518) ~[spring-rabbit-3.2.3.jar:3.2.3]
	at io.micrometer.observation.Observation.observe(Observation.java:498) ~[micrometer-observation-1.14.4.jar:1.14.4]
	at org.springframework.amqp.rabbit.listener.AbstractMessageListenerContainer.executeListener(AbstractMessageListenerContainer.java:1518) ~[spring-rabbit-3.2.3.jar:3.2.3]
	at org.springframework.amqp.rabbit.listener.SimpleMessageListenerContainer.doReceiveAndExecute(SimpleMessageListenerContainer.java:1086) ~[spring-rabbit-3.2.3.jar:3.2.3]
	at org.springframework.amqp.rabbit.listener.SimpleMessageListenerContainer.receiveAndExecute(SimpleMessageListenerContainer.java:1022) ~[spring-rabbit-3.2.3.jar:3.2.3]
	at org.springframework.amqp.rabbit.listener.SimpleMessageListenerContainer$AsyncMessageProcessingConsumer.mainLoop(SimpleMessageListenerContainer.java:1425) ~[spring-rabbit-3.2.3.jar:3.2.3]
	at org.springframework.amqp.rabbit.listener.SimpleMessageListenerContainer$AsyncMessageProcessingConsumer.run(SimpleMessageListenerContainer.java:1326) ~[spring-rabbit-3.2.3.jar:3.2.3]
	at java.base/java.lang.Thread.run(Thread.java:1570) ~[na:na]
Caused by: java.lang.SecurityException: Attempt to deserialize unauthorized class com.example.AddressBookManagement.DTO.RabbitMQMessageDTO; add allowed class name patterns to the message converter or, if you trust the message originator, set environment variable 'SPRING_AMQP_DESERIALIZATION_TRUST_ALL' or system property 'spring.amqp.deserialization.trust.all' to true
	at org.springframework.amqp.utils.SerializationUtils.checkAllowedList(SerializationUtils.java:164) ~[spring-amqp-3.2.3.jar:3.2.3]
	at org.springframework.amqp.support.converter.AllowedListDeserializingMessageConverter.checkAllowedList(AllowedListDeserializingMessageConverter.java:62) ~[spring-amqp-3.2.3.jar:3.2.3]
	at org.springframework.amqp.support.converter.SimpleMessageConverter$1.resolveClass(SimpleMessageConverter.java:160) ~[spring-amqp-3.2.3.jar:3.2.3]
	at java.base/java.io.ObjectInputStream.readNonProxyDesc(ObjectInputStream.java:2046) ~[na:na]
	at java.base/java.io.ObjectInputStream.readClassDesc(ObjectInputStream.java:1912) ~[na:na]
	at java.base/java.io.ObjectInputStream.readOrdinaryObject(ObjectInputStream.java:2237) ~[na:na]
	at java.base/java.io.ObjectInputStream.readObject0(ObjectInputStream.java:1747) ~[na:na]
	at java.base/java.io.ObjectInputStream.readObject(ObjectInputStream.java:525) ~[na:na]
	at java.base/java.io.ObjectInputStream.readObject(ObjectInputStream.java:483) ~[na:na]
	at org.springframework.amqp.utils.SerializationUtils.deserialize(SerializationUtils.java:102) ~[spring-amqp-3.2.3.jar:3.2.3]
	at org.springframework.amqp.support.converter.SimpleMessageConverter.fromMessage(SimpleMessageConverter.java:93) ~[spring-amqp-3.2.3.jar:3.2.3]
	at org.springframework.amqp.rabbit.listener.adapter.AbstractAdaptableMessageListener.extractMessage(AbstractAdaptableMessageListener.java:349) ~[spring-rabbit-3.2.3.jar:3.2.3]
	at org.springframework.amqp.rabbit.listener.adapter.MessagingMessageListenerAdapter$MessagingMessageConverterAdapter.extractPayload(MessagingMessageListenerAdapter.java:378) ~[spring-rabbit-3.2.3.jar:3.2.3]
	at org.springframework.amqp.support.converter.MessagingMessageConverter.fromMessage(MessagingMessageConverter.java:132) ~[spring-amqp-3.2.3.jar:3.2.3]
	at org.springframework.amqp.rabbit.listener.adapter.MessagingMessageListenerAdapter.toMessagingMessage(MessagingMessageListenerAdapter.java:251) ~[spring-rabbit-3.2.3.jar:3.2.3]
	at org.springframework.amqp.rabbit.listener.adapter.MessagingMessageListenerAdapter.onMessage(MessagingMessageListenerAdapter.java:147) ~[spring-rabbit-3.2.3.jar:3.2.3]
	... 13 common frames omitted

2025-03-18T10:52:34.692+05:30  WARN 8620 --- [org.springframework.amqp.rabbit.RabbitListenerEndpointContainer#0-1] s.a.r.l.ConditionalRejectingErrorHandler : Execution of Rabbit message listener failed.

org.springframework.amqp.rabbit.support.ListenerExecutionFailedException: Failed to convert message
	at org.springframework.amqp.rabbit.listener.adapter.MessagingMessageListenerAdapter.onMessage(MessagingMessageListenerAdapter.java:157) ~[spring-rabbit-3.2.3.jar:3.2.3]
	at org.springframework.amqp.rabbit.listener.AbstractMessageListenerContainer.doInvokeListener(AbstractMessageListenerContainer.java:1694) ~[spring-rabbit-3.2.3.jar:3.2.3]
	at org.springframework.amqp.rabbit.listener.AbstractMessageListenerContainer.actualInvokeListener(AbstractMessageListenerContainer.java:1616) ~[spring-rabbit-3.2.3.jar:3.2.3]
	at org.springframework.amqp.rabbit.listener.AbstractMessageListenerContainer.invokeListener(AbstractMessageListenerContainer.java:1604) ~[spring-rabbit-3.2.3.jar:3.2.3]
	at org.springframework.amqp.rabbit.listener.AbstractMessageListenerContainer.doExecuteListener(AbstractMessageListenerContainer.java:1595) ~[spring-rabbit-3.2.3.jar:3.2.3]
	at org.springframework.amqp.rabbit.listener.AbstractMessageListenerContainer.executeListenerAndHandleException(AbstractMessageListenerContainer.java:1540) ~[spring-rabbit-3.2.3.jar:3.2.3]
	at org.springframework.amqp.rabbit.listener.AbstractMessageListenerContainer.lambda$executeListener$8(AbstractMessageListenerContainer.java:1518) ~[spring-rabbit-3.2.3.jar:3.2.3]
	at io.micrometer.observation.Observation.observe(Observation.java:498) ~[micrometer-observation-1.14.4.jar:1.14.4]
	at org.springframework.amqp.rabbit.listener.AbstractMessageListenerContainer.executeListener(AbstractMessageListenerContainer.java:1518) ~[spring-rabbit-3.2.3.jar:3.2.3]
	at org.springframework.amqp.rabbit.listener.SimpleMessageListenerContainer.doReceiveAndExecute(SimpleMessageListenerContainer.java:1086) ~[spring-rabbit-3.2.3.jar:3.2.3]
	at org.springframework.amqp.rabbit.listener.SimpleMessageListenerContainer.receiveAndExecute(SimpleMessageListenerContainer.java:1022) ~[spring-rabbit-3.2.3.jar:3.2.3]
	at org.springframework.amqp.rabbit.listener.SimpleMessageListenerContainer$AsyncMessageProcessingConsumer.mainLoop(SimpleMessageListenerContainer.java:1425) ~[spring-rabbit-3.2.3.jar:3.2.3]
	at org.springframework.amqp.rabbit.listener.SimpleMessageListenerContainer$AsyncMessageProcessingConsumer.run(SimpleMessageListenerContainer.java:1326) ~[spring-rabbit-3.2.3.jar:3.2.3]
	at java.base/java.lang.Thread.run(Thread.java:1570) ~[na:na]
Caused by: java.lang.SecurityException: Attempt to deserialize unauthorized class com.example.AddressBookManagement.DTO.RabbitMQMessageDTO; add allowed class name patterns to the message converter or, if you trust the message originator, set environment variable 'SPRING_AMQP_DESERIALIZATION_TRUST_ALL' or system property 'spring.amqp.deserialization.trust.all' to true
	at org.springframework.amqp.utils.SerializationUtils.checkAllowedList(SerializationUtils.java:164) ~[spring-amqp-3.2.3.jar:3.2.3]
	at org.springframework.amqp.support.converter.AllowedListDeserializingMessageConverter.checkAllowedList(AllowedListDeserializingMessageConverter.java:62) ~[spring-amqp-3.2.3.jar:3.2.3]
	at org.springframework.amqp.support.converter.SimpleMessageConverter$1.resolveClass(SimpleMessageConverter.java:160) ~[spring-amqp-3.2.3.jar:3.2.3]
	at java.base/java.io.ObjectInputStream.readNonProxyDesc(ObjectInputStream.java:2046) ~[na:na]
	at java.base/java.io.ObjectInputStream.readClassDesc(ObjectInputStream.java:1912) ~[na:na]
	at java.base/java.io.ObjectInputStream.readOrdinaryObject(ObjectInputStream.java:2237) ~[na:na]
	at java.base/java.io.ObjectInputStream.readObject0(ObjectInputStream.java:1747) ~[na:na]
	at java.base/java.io.ObjectInputStream.readObject(ObjectInputStream.java:525) ~[na:na]
	at java.base/java.io.ObjectInputStream.readObject(ObjectInputStream.java:483) ~[na:na]
	at org.springframework.amqp.utils.SerializationUtils.deserialize(SerializationUtils.java:102) ~[spring-amqp-3.2.3.jar:3.2.3]
	at org.springframework.amqp.support.converter.SimpleMessageConverter.fromMessage(SimpleMessageConverter.java:93) ~[spring-amqp-3.2.3.jar:3.2.3]
	at org.springframework.amqp.rabbit.listener.adapter.AbstractAdaptableMessageListener.extractMessage(AbstractAdaptableMessageListener.java:349) ~[spring-rabbit-3.2.3.jar:3.2.3]
	at org.springframework.amqp.rabbit.listener.adapter.MessagingMessageListenerAdapter$MessagingMessageConverterAdapter.extractPayload(MessagingMessageListenerAdapter.java:378) ~[spring-rabbit-3.2.3.jar:3.2.3]
	at org.springframework.amqp.support.converter.MessagingMessageConverter.fromMessage(MessagingMessageConverter.java:132) ~[spring-amqp-3.2.3.jar:3.2.3]
	at org.springframework.amqp.rabbit.listener.adapter.MessagingMessageListenerAdapter.toMessagingMessage(MessagingMessageListenerAdapter.java:251) ~[spring-rabbit-3.2.3.jar:3.2.3]
	at org.springframework.amqp.rabbit.listener.adapter.MessagingMessageListenerAdapter.onMessage(MessagingMessageListenerAdapter.java:147) ~[spring-rabbit-3.2.3.jar:3.2.3]
	... 13 common frames omitted

2025-03-18T10:52:34.696+05:30  WARN 8620 --- [org.springframework.amqp.rabbit.RabbitListenerEndpointContainer#0-1] s.a.r.l.ConditionalRejectingErrorHandler : Execution of Rabbit message listener failed.

org.springframework.amqp.rabbit.support.ListenerExecutionFailedException: Failed to convert message
	at org.springframework.amqp.rabbit.listener.adapter.MessagingMessageListenerAdapter.onMessage(MessagingMessageListenerAdapter.java:157) ~[spring-rabbit-3.2.3.jar:3.2.3]
	at org.springframework.amqp.rabbit.listener.AbstractMessageListenerContainer.doInvokeListener(AbstractMessageListenerContainer.java:1694) ~[spring-rabbit-3.2.3.jar:3.2.3]
	at org.springframework.amqp.rabbit.listener.AbstractMessageListenerContainer.actualInvokeListener(AbstractMessageListenerContainer.java:1616) ~[spring-rabbit-3.2.3.jar:3.2.3]
	at org.springframework.amqp.rabbit.listener.AbstractMessageListenerContainer.invokeListener(AbstractMessageListenerContainer.java:1604) ~[spring-rabbit-3.2.3.jar:3.2.3]
	at org.springframework.amqp.rabbit.listener.AbstractMessageListenerContainer.doExecuteListener(AbstractMessageListenerContainer.java:1595) ~[spring-rabbit-3.2.3.jar:3.2.3]
	at org.springframework.amqp.rabbit.listener.AbstractMessageListenerContainer.executeListenerAndHandleException(AbstractMessageListenerContainer.java:1540) ~[spring-rabbit-3.2.3.jar:3.2.3]
	at org.springframework.amqp.rabbit.listener.AbstractMessageListenerContainer.lambda$executeListener$8(AbstractMessageListenerContainer.java:1518) ~[spring-rabbit-3.2.3.jar:3.2.3]
	at io.micrometer.observation.Observation.observe(Observation.java:498) ~[micrometer-observation-1.14.4.jar:1.14.4]
	at org.springframework.amqp.rabbit.listener.AbstractMessageListenerContainer.executeListener(AbstractMessageListenerContainer.java:1518) ~[spring-rabbit-3.2.3.jar:3.2.3]
	at org.springframework.amqp.rabbit.listener.SimpleMessageListenerContainer.doReceiveAndExecute(SimpleMessageListenerContainer.java:1086) ~[spring-rabbit-3.2.3.jar:3.2.3]
	at org.springframework.amqp.rabbit.listener.SimpleMessageListenerContainer.receiveAndExecute(SimpleMessageListenerContainer.java:1022) ~[spring-rabbit-3.2.3.jar:3.2.3]
	at org.springframework.amqp.rabbit.listener.SimpleMessageListenerContainer$AsyncMessageProcessingConsumer.mainLoop(SimpleMessageListenerContainer.java:1425) ~[spring-rabbit-3.2.3.jar:3.2.3]
	at org.springframework.amqp.rabbit.listener.SimpleMessageListenerContainer$AsyncMessageProcessingConsumer.run(SimpleMessageListenerContainer.java:1326) ~[spring-rabbit-3.2.3.jar:3.2.3]
	at java.base/java.lang.Thread.run(Thread.java:1570) ~[na:na]
Caused by: java.lang.SecurityException: Attempt to deserialize unauthorized class com.example.AddressBookManagement.DTO.RabbitMQMessageDTO; add allowed class name patterns to the message converter or, if you trust the message originator, set environment variable 'SPRING_AMQP_DESERIALIZATION_TRUST_ALL' or system property 'spring.amqp.deserialization.trust.all' to true
	at org.springframework.amqp.utils.SerializationUtils.checkAllowedList(SerializationUtils.java:164) ~[spring-amqp-3.2.3.jar:3.2.3]
	at org.springframework.amqp.support.converter.AllowedListDeserializingMessageConverter.checkAllowedList(AllowedListDeserializingMessageConverter.java:62) ~[spring-amqp-3.2.3.jar:3.2.3]
	at org.springframework.amqp.support.converter.SimpleMessageConverter$1.resolveClass(SimpleMessageConverter.java:160) ~[spring-amqp-3.2.3.jar:3.2.3]
	at java.base/java.io.ObjectInputStream.readNonProxyDesc(ObjectInputStream.java:2046) ~[na:na]
	at java.base/java.io.ObjectInputStream.readClassDesc(ObjectInputStream.java:1912) ~[na:na]
	at java.base/java.io.ObjectInputStream.readOrdinaryObject(ObjectInputStream.java:2237) ~[na:na]
	at java.base/java.io.ObjectInputStream.readObject0(ObjectInputStream.java:1747) ~[na:na]
	at java.base/java.io.ObjectInputStream.readObject(ObjectInputStream.java:525) ~[na:na]
	at java.base/java.io.ObjectInputStream.readObject(ObjectInputStream.java:483) ~[na:na]
	at org.springframework.amqp.utils.SerializationUtils.deserialize(SerializationUtils.java:102) ~[spring-amqp-3.2.3.jar:3.2.3]
	at org.springframework.amqp.support.converter.SimpleMessageConverter.fromMessage(SimpleMessageConverter.java:93) ~[spring-amqp-3.2.3.jar:3.2.3]
	at org.springframework.amqp.rabbit.listener.adapter.AbstractAdaptableMessageListener.extractMessage(AbstractAdaptableMessageListener.java:349) ~[spring-rabbit-3.2.3.jar:3.2.3]
	at org.springframework.amqp.rabbit.listener.adapter.MessagingMessageListenerAdapter$MessagingMessageConverterAdapter.extractPayload(MessagingMessageListenerAdapter.java:378) ~[spring-rabbit-3.2.3.jar:3.2.3]
	at org.springframework.amqp.support.converter.MessagingMessageConverter.fromMessage(MessagingMessageConverter.java:132) ~[spring-amqp-3.2.3.jar:3.2.3]
	at org.springframework.amqp.rabbit.listener.adapter.MessagingMessageListenerAdapter.toMessagingMessage(MessagingMessageListenerAdapter.java:251) ~[spring-rabbit-3.2.3.jar:3.2.3]
	at org.springframework.amqp.rabbit.listener.adapter.MessagingMessageListenerAdapter.onMessage(MessagingMessageListenerAdapter.java:147) ~[spring-rabbit-3.2.3.jar:3.2.3]
	... 13 common frames omitted

2025-03-18T10:52:34.699+05:30  WARN 8620 --- [org.springframework.amqp.rabbit.RabbitListenerEndpointContainer#0-1] s.a.r.l.ConditionalRejectingErrorHandler : Execution of Rabbit message listener failed.

org.springframework.amqp.rabbit.support.ListenerExecutionFailedException: Failed to convert message
	at org.springframework.amqp.rabbit.listener.adapter.MessagingMessageListenerAdapter.onMessage(MessagingMessageListenerAdapter.java:157) ~[spring-rabbit-3.2.3.jar:3.2.3]
	at org.springframework.amqp.rabbit.listener.AbstractMessageListenerContainer.doInvokeListener(AbstractMessageListenerContainer.java:1694) ~[spring-rabbit-3.2.3.jar:3.2.3]
	at org.springframework.amqp.rabbit.listener.AbstractMessageListenerContainer.actualInvokeListener(AbstractMessageListenerContainer.java:1616) ~[spring-rabbit-3.2.3.jar:3.2.3]
	at org.springframework.amqp.rabbit.listener.AbstractMessageListenerContainer.invokeListener(AbstractMessageListenerContainer.java:1604) ~[spring-rabbit-3.2.3.jar:3.2.3]
	at org.springframework.amqp.rabbit.listener.AbstractMessageListenerContainer.doExecuteListener(AbstractMessageListenerContainer.java:1595) ~[spring-rabbit-3.2.3.jar:3.2.3]
	at org.springframework.amqp.rabbit.listener.AbstractMessageListenerContainer.executeListenerAndHandleException(AbstractMessageListenerContainer.java:1540) ~[spring-rabbit-3.2.3.jar:3.2.3]
	at org.springframework.amqp.rabbit.listener.AbstractMessageListenerContainer.lambda$executeListener$8(AbstractMessageListenerContainer.java:1518) ~[spring-rabbit-3.2.3.jar:3.2.3]
	at io.micrometer.observation.Observation.observe(Observation.java:498) ~[micrometer-observation-1.14.4.jar:1.14.4]
	at org.springframework.amqp.rabbit.listener.AbstractMessageListenerContainer.executeListener(AbstractMessageListenerContainer.java:1518) ~[spring-rabbit-3.2.3.jar:3.2.3]
	at org.springframework.amqp.rabbit.listener.SimpleMessageListenerContainer.doReceiveAndExecute(SimpleMessageListenerContainer.java:1086) ~[spring-rabbit-3.2.3.jar:3.2.3]
	at org.springframework.amqp.rabbit.listener.SimpleMessageListenerContainer.receiveAndExecute(SimpleMessageListenerContainer.java:1022) ~[spring-rabbit-3.2.3.jar:3.2.3]
	at org.springframework.amqp.rabbit.listener.SimpleMessageListenerContainer$AsyncMessageProcessingConsumer.mainLoop(SimpleMessageListenerContainer.java:1425) ~[spring-rabbit-3.2.3.jar:3.2.3]
	at org.springframework.amqp.rabbit.listener.SimpleMessageListenerContainer$AsyncMessageProcessingConsumer.run(SimpleMessageListenerContainer.java:1326) ~[spring-rabbit-3.2.3.jar:3.2.3]
	at java.base/java.lang.Thread.run(Thread.java:1570) ~[na:na]
Caused by: java.lang.SecurityException: Attempt to deserialize unauthorized class com.example.AddressBookManagement.DTO.RabbitMQMessageDTO; add allowed class name patterns to the message converter or, if you trust the message originator, set environment variable 'SPRING_AMQP_DESERIALIZATION_TRUST_ALL' or system property 'spring.amqp.deserialization.trust.all' to true
	at org.springframework.amqp.utils.SerializationUtils.checkAllowedList(SerializationUtils.java:164) ~[spring-amqp-3.2.3.jar:3.2.3]
	at org.springframework.amqp.support.converter.AllowedListDeserializingMessageConverter.checkAllowedList(AllowedListDeserializingMessageConverter.java:62) ~[spring-amqp-3.2.3.jar:3.2.3]
	at org.springframework.amqp.support.converter.SimpleMessageConverter$1.resolveClass(SimpleMessageConverter.java:160) ~[spring-amqp-3.2.3.jar:3.2.3]
	at java.base/java.io.ObjectInputStream.readNonProxyDesc(ObjectInputStream.java:2046) ~[na:na]
	at java.base/java.io.ObjectInputStream.readClassDesc(ObjectInputStream.java:1912) ~[na:na]
	at java.base/java.io.ObjectInputStream.readOrdinaryObject(ObjectInputStream.java:2237) ~[na:na]
	at java.base/java.io.ObjectInputStream.readObject0(ObjectInputStream.java:1747) ~[na:na]
	at java.base/java.io.ObjectInputStream.readObject(ObjectInputStream.java:525) ~[na:na]
	at java.base/java.io.ObjectInputStream.readObject(ObjectInputStream.java:483) ~[na:na]
	at org.springframework.amqp.utils.SerializationUtils.deserialize(SerializationUtils.java:102) ~[spring-amqp-3.2.3.jar:3.2.3]
	at org.springframework.amqp.support.converter.SimpleMessageConverter.fromMessage(SimpleMessageConverter.java:93) ~[spring-amqp-3.2.3.jar:3.2.3]
	at org.springframework.amqp.rabbit.listener.adapter.AbstractAdaptableMessageListener.extractMessage(AbstractAdaptableMessageListener.java:349) ~[spring-rabbit-3.2.3.jar:3.2.3]
	at org.springframework.amqp.rabbit.listener.adapter.MessagingMessageListenerAdapter$MessagingMessageConverterAdapter.extractPayload(MessagingMessageListenerAdapter.java:378) ~[spring-rabbit-3.2.3.jar:3.2.3]
	at org.springframework.amqp.support.converter.MessagingMessageConverter.fromMessage(MessagingMessageConverter.java:132) ~[spring-amqp-3.2.3.jar:3.2.3]
	at org.springframework.amqp.rabbit.listener.adapter.MessagingMessageListenerAdapter.toMessagingMessage(MessagingMessageListenerAdapter.java:251) ~[spring-rabbit-3.2.3.jar:3.2.3]
	at org.springframework.amqp.rabbit.listener.adapter.MessagingMessageListenerAdapter.onMessage(MessagingMessageListenerAdapter.java:147) ~[spring-rabbit-3.2.3.jar:3.2.3]
	... 13 common frames omitted

2025-03-18T10:52:34.704+05:30  WARN 8620 --- [org.springframework.amqp.rabbit.RabbitListenerEndpointContainer#0-1] s.a.r.l.ConditionalRejectingErrorHandler : Execution of Rabbit message listener failed.

org.springframework.amqp.rabbit.support.ListenerExecutionFailedException: Failed to convert message
	at org.springframework.amqp.rabbit.listener.adapter.MessagingMessageListenerAdapter.onMessage(MessagingMessageListenerAdapter.java:157) ~[spring-rabbit-3.2.3.jar:3.2.3]
	at org.springframework.amqp.rabbit.listener.AbstractMessageListenerContainer.doInvokeListener(AbstractMessageListenerContainer.java:1694) ~[spring-rabbit-3.2.3.jar:3.2.3]
	at org.springframework.amqp.rabbit.listener.AbstractMessageListenerContainer.actualInvokeListener(AbstractMessageListenerContainer.java:1616) ~[spring-rabbit-3.2.3.jar:3.2.3]
	at org.springframework.amqp.rabbit.listener.AbstractMessageListenerContainer.invokeListener(AbstractMessageListenerContainer.java:1604) ~[spring-rabbit-3.2.3.jar:3.2.3]
	at org.springframework.amqp.rabbit.listener.AbstractMessageListenerContainer.doExecuteListener(AbstractMessageListenerContainer.java:1595) ~[spring-rabbit-3.2.3.jar:3.2.3]
	at org.springframework.amqp.rabbit.listener.AbstractMessageListenerContainer.executeListenerAndHandleException(AbstractMessageListenerContainer.java:1540) ~[spring-rabbit-3.2.3.jar:3.2.3]
	at org.springframework.amqp.rabbit.listener.AbstractMessageListenerContainer.lambda$executeListener$8(AbstractMessageListenerContainer.java:1518) ~[spring-rabbit-3.2.3.jar:3.2.3]
	at io.micrometer.observation.Observation.observe(Observation.java:498) ~[micrometer-observation-1.14.4.jar:1.14.4]
	at org.springframework.amqp.rabbit.listener.AbstractMessageListenerContainer.executeListener(AbstractMessageListenerContainer.java:1518) ~[spring-rabbit-3.2.3.jar:3.2.3]
	at org.springframework.amqp.rabbit.listener.SimpleMessageListenerContainer.doReceiveAndExecute(SimpleMessageListenerContainer.java:1086) ~[spring-rabbit-3.2.3.jar:3.2.3]
	at org.springframework.amqp.rabbit.listener.SimpleMessageListenerContainer.receiveAndExecute(SimpleMessageListenerContainer.java:1022) ~[spring-rabbit-3.2.3.jar:3.2.3]
	at org.springframework.amqp.rabbit.listener.SimpleMessageListenerContainer$AsyncMessageProcessingConsumer.mainLoop(SimpleMessageListenerContainer.java:1425) ~[spring-rabbit-3.2.3.jar:3.2.3]
	at org.springframework.amqp.rabbit.listener.SimpleMessageListenerContainer$AsyncMessageProcessingConsumer.run(SimpleMessageListenerContainer.java:1326) ~[spring-rabbit-3.2.3.jar:3.2.3]
	at java.base/java.lang.Thread.run(Thread.java:1570) ~[na:na]
Caused by: java.lang.SecurityException: Attempt to deserialize unauthorized class com.example.AddressBookManagement.DTO.RabbitMQMessageDTO; add allowed class name patterns to the message converter or, if you trust the message originator, set environment variable 'SPRING_AMQP_DESERIALIZATION_TRUST_ALL' or system property 'spring.amqp.deserialization.trust.all' to true
	at org.springframework.amqp.utils.SerializationUtils.checkAllowedList(SerializationUtils.java:164) ~[spring-amqp-3.2.3.jar:3.2.3]
	at org.springframework.amqp.support.converter.AllowedListDeserializingMessageConverter.checkAllowedList(AllowedListDeserializingMessageConverter.java:62) ~[spring-amqp-3.2.3.jar:3.2.3]
	at org.springframework.amqp.support.converter.SimpleMessageConverter$1.resolveClass(SimpleMessageConverter.java:160) ~[spring-amqp-3.2.3.jar:3.2.3]
	at java.base/java.io.ObjectInputStream.readNonProxyDesc(ObjectInputStream.java:2046) ~[na:na]
	at java.base/java.io.ObjectInputStream.readClassDesc(ObjectInputStream.java:1912) ~[na:na]
	at java.base/java.io.ObjectInputStream.readOrdinaryObject(ObjectInputStream.java:2237) ~[na:na]
	at java.base/java.io.ObjectInputStream.readObject0(ObjectInputStream.java:1747) ~[na:na]
	at java.base/java.io.ObjectInputStream.readObject(ObjectInputStream.java:525) ~[na:na]
	at java.base/java.io.ObjectInputStream.readObject(ObjectInputStream.java:483) ~[na:na]
	at org.springframework.amqp.utils.SerializationUtils.deserialize(SerializationUtils.java:102) ~[spring-amqp-3.2.3.jar:3.2.3]
	at org.springframework.amqp.support.converter.SimpleMessageConverter.fromMessage(SimpleMessageConverter.java:93) ~[spring-amqp-3.2.3.jar:3.2.3]
	at org.springframework.amqp.rabbit.listener.adapter.AbstractAdaptableMessageListener.extractMessage(AbstractAdaptableMessageListener.java:349) ~[spring-rabbit-3.2.3.jar:3.2.3]
	at org.springframework.amqp.rabbit.listener.adapter.MessagingMessageListenerAdapter$MessagingMessageConverterAdapter.extractPayload(MessagingMessageListenerAdapter.java:378) ~[spring-rabbit-3.2.3.jar:3.2.3]
	at org.springframework.amqp.support.converter.MessagingMessageConverter.fromMessage(MessagingMessageConverter.java:132) ~[spring-amqp-3.2.3.jar:3.2.3]
	at org.springframework.amqp.rabbit.listener.adapter.MessagingMessageListenerAdapter.toMessagingMessage(MessagingMessageListenerAdapter.java:251) ~[spring-rabbit-3.2.3.jar:3.2.3]
	at org.springframework.amqp.rabbit.listener.adapter.MessagingMessageListenerAdapter.onMessage(MessagingMessageListenerAdapter.java:147) ~[spring-rabbit-3.2.3.jar:3.2.3]
	... 13 common frames omitted

2025-03-18T10:52:34.708+05:30  WARN 8620 --- [org.springframework.amqp.rabbit.RabbitListenerEndpointContainer#0-1] s.a.r.l.ConditionalRejectingErrorHandler : Execution of Rabbit message listener failed.

org.springframework.amqp.rabbit.support.ListenerExecutionFailedException: Failed to convert message
	at org.springframework.amqp.rabbit.listener.adapter.MessagingMessageListenerAdapter.onMessage(MessagingMessageListenerAdapter.java:157) ~[spring-rabbit-3.2.3.jar:3.2.3]
	at org.springframework.amqp.rabbit.listener.AbstractMessageListenerContainer.doInvokeListener(AbstractMessageListenerContainer.java:1694) ~[spring-rabbit-3.2.3.jar:3.2.3]
	at org.springframework.amqp.rabbit.listener.AbstractMessageListenerContainer.actualInvokeListener(AbstractMessageListenerContainer.java:1616) ~[spring-rabbit-3.2.3.jar:3.2.3]
	at org.springframework.amqp.rabbit.listener.AbstractMessageListenerContainer.invokeListener(AbstractMessageListenerContainer.java:1604) ~[spring-rabbit-3.2.3.jar:3.2.3]
	at org.springframework.amqp.rabbit.listener.AbstractMessageListenerContainer.doExecuteListener(AbstractMessageListenerContainer.java:1595) ~[spring-rabbit-3.2.3.jar:3.2.3]
	at org.springframework.amqp.rabbit.listener.AbstractMessageListenerContainer.executeListenerAndHandleException(AbstractMessageListenerContainer.java:1540) ~[spring-rabbit-3.2.3.jar:3.2.3]
	at org.springframework.amqp.rabbit.listener.AbstractMessageListenerContainer.lambda$executeListener$8(AbstractMessageListenerContainer.java:1518) ~[spring-rabbit-3.2.3.jar:3.2.3]
	at io.micrometer.observation.Observation.observe(Observation.java:498) ~[micrometer-observation-1.14.4.jar:1.14.4]
	at org.springframework.amqp.rabbit.listener.AbstractMessageListenerContainer.executeListener(AbstractMessageListenerContainer.java:1518) ~[spring-rabbit-3.2.3.jar:3.2.3]
	at org.springframework.amqp.rabbit.listener.SimpleMessageListenerContainer.doReceiveAndExecute(SimpleMessageListenerContainer.java:1086) ~[spring-rabbit-3.2.3.jar:3.2.3]
	at org.springframework.amqp.rabbit.listener.SimpleMessageListenerContainer.receiveAndExecute(SimpleMessageListenerContainer.java:1022) ~[spring-rabbit-3.2.3.jar:3.2.3]
	at org.springframework.amqp.rabbit.listener.SimpleMessageListenerContainer$AsyncMessageProcessingConsumer.mainLoop(SimpleMessageListenerContainer.java:1425) ~[spring-rabbit-3.2.3.jar:3.2.3]
	at org.springframework.amqp.rabbit.listener.SimpleMessageListenerContainer$AsyncMessageProcessingConsumer.run(SimpleMessageListenerContainer.java:1326) ~[spring-rabbit-3.2.3.jar:3.2.3]
	at java.base/java.lang.Thread.run(Thread.java:1570) ~[na:na]
Caused by: java.lang.SecurityException: Attempt to deserialize unauthorized class com.example.AddressBookManagement.DTO.RabbitMQMessageDTO; add allowed class name patterns to the message converter or, if you trust the message originator, set environment variable 'SPRING_AMQP_DESERIALIZATION_TRUST_ALL' or system property 'spring.amqp.deserialization.trust.all' to true
	at org.springframework.amqp.utils.SerializationUtils.checkAllowedList(SerializationUtils.java:164) ~[spring-amqp-3.2.3.jar:3.2.3]
	at org.springframework.amqp.support.converter.AllowedListDeserializingMessageConverter.checkAllowedList(AllowedListDeserializingMessageConverter.java:62) ~[spring-amqp-3.2.3.jar:3.2.3]
	at org.springframework.amqp.support.converter.SimpleMessageConverter$1.resolveClass(SimpleMessageConverter.java:160) ~[spring-amqp-3.2.3.jar:3.2.3]
	at java.base/java.io.ObjectInputStream.readNonProxyDesc(ObjectInputStream.java:2046) ~[na:na]
	at java.base/java.io.ObjectInputStream.readClassDesc(ObjectInputStream.java:1912) ~[na:na]
	at java.base/java.io.ObjectInputStream.readOrdinaryObject(ObjectInputStream.java:2237) ~[na:na]
	at java.base/java.io.ObjectInputStream.readObject0(ObjectInputStream.java:1747) ~[na:na]
	at java.base/java.io.ObjectInputStream.readObject(ObjectInputStream.java:525) ~[na:na]
	at java.base/java.io.ObjectInputStream.readObject(ObjectInputStream.java:483) ~[na:na]
	at org.springframework.amqp.utils.SerializationUtils.deserialize(SerializationUtils.java:102) ~[spring-amqp-3.2.3.jar:3.2.3]
	at org.springframework.amqp.support.converter.SimpleMessageConverter.fromMessage(SimpleMessageConverter.java:93) ~[spring-amqp-3.2.3.jar:3.2.3]
	at org.springframework.amqp.rabbit.listener.adapter.AbstractAdaptableMessageListener.extractMessage(AbstractAdaptableMessageListener.java:349) ~[spring-rabbit-3.2.3.jar:3.2.3]
	at org.springframework.amqp.rabbit.listener.adapter.MessagingMessageListenerAdapter$MessagingMessageConverterAdapter.extractPayload(MessagingMessageListenerAdapter.java:378) ~[spring-rabbit-3.2.3.jar:3.2.3]
	at org.springframework.amqp.support.converter.MessagingMessageConverter.fromMessage(MessagingMessageConverter.java:132) ~[spring-amqp-3.2.3.jar:3.2.3]
	at org.springframework.amqp.rabbit.listener.adapter.MessagingMessageListenerAdapter.toMessagingMessage(MessagingMessageListenerAdapter.java:251) ~[spring-rabbit-3.2.3.jar:3.2.3]
	at org.springframework.amqp.rabbit.listener.adapter.MessagingMessageListenerAdapter.onMessage(MessagingMessageListenerAdapter.java:147) ~[spring-rabbit-3.2.3.jar:3.2.3]
	... 13 common frames omitted

2025-03-18T10:52:34.715+05:30  WARN 8620 --- [org.springframework.amqp.rabbit.RabbitListenerEndpointContainer#0-1] s.a.r.l.ConditionalRejectingErrorHandler : Execution of Rabbit message listener failed.

org.springframework.amqp.rabbit.support.ListenerExecutionFailedException: Failed to convert message
	at org.springframework.amqp.rabbit.listener.adapter.MessagingMessageListenerAdapter.onMessage(MessagingMessageListenerAdapter.java:157) ~[spring-rabbit-3.2.3.jar:3.2.3]
	at org.springframework.amqp.rabbit.listener.AbstractMessageListenerContainer.doInvokeListener(AbstractMessageListenerContainer.java:1694) ~[spring-rabbit-3.2.3.jar:3.2.3]
	at org.springframework.amqp.rabbit.listener.AbstractMessageListenerContainer.actualInvokeListener(AbstractMessageListenerContainer.java:1616) ~[spring-rabbit-3.2.3.jar:3.2.3]
	at org.springframework.amqp.rabbit.listener.AbstractMessageListenerContainer.invokeListener(AbstractMessageListenerContainer.java:1604) ~[spring-rabbit-3.2.3.jar:3.2.3]
	at org.springframework.amqp.rabbit.listener.AbstractMessageListenerContainer.doExecuteListener(AbstractMessageListenerContainer.java:1595) ~[spring-rabbit-3.2.3.jar:3.2.3]
	at org.springframework.amqp.rabbit.listener.AbstractMessageListenerContainer.executeListenerAndHandleException(AbstractMessageListenerContainer.java:1540) ~[spring-rabbit-3.2.3.jar:3.2.3]
	at org.springframework.amqp.rabbit.listener.AbstractMessageListenerContainer.lambda$executeListener$8(AbstractMessageListenerContainer.java:1518) ~[spring-rabbit-3.2.3.jar:3.2.3]
	at io.micrometer.observation.Observation.observe(Observation.java:498) ~[micrometer-observation-1.14.4.jar:1.14.4]
	at org.springframework.amqp.rabbit.listener.AbstractMessageListenerContainer.executeListener(AbstractMessageListenerContainer.java:1518) ~[spring-rabbit-3.2.3.jar:3.2.3]
	at org.springframework.amqp.rabbit.listener.SimpleMessageListenerContainer.doReceiveAndExecute(SimpleMessageListenerContainer.java:1086) ~[spring-rabbit-3.2.3.jar:3.2.3]
	at org.springframework.amqp.rabbit.listener.SimpleMessageListenerContainer.receiveAndExecute(SimpleMessageListenerContainer.java:1022) ~[spring-rabbit-3.2.3.jar:3.2.3]
	at org.springframework.amqp.rabbit.listener.SimpleMessageListenerContainer$AsyncMessageProcessingConsumer.mainLoop(SimpleMessageListenerContainer.java:1425) ~[spring-rabbit-3.2.3.jar:3.2.3]
	at org.springframework.amqp.rabbit.listener.SimpleMessageListenerContainer$AsyncMessageProcessingConsumer.run(SimpleMessageListenerContainer.java:1326) ~[spring-rabbit-3.2.3.jar:3.2.3]
	at java.base/java.lang.Thread.run(Thread.java:1570) ~[na:na]
Caused by: java.lang.SecurityException: Attempt to deserialize unauthorized class com.example.AddressBookManagement.DTO.RabbitMQMessageDTO; add allowed class name patterns to the message converter or, if you trust the message originator, set environment variable 'SPRING_AMQP_DESERIALIZATION_TRUST_ALL' or system property 'spring.amqp.deserialization.trust.all' to true
	at org.springframework.amqp.utils.SerializationUtils.checkAllowedList(SerializationUtils.java:164) ~[spring-amqp-3.2.3.jar:3.2.3]
	at org.springframework.amqp.support.converter.AllowedListDeserializingMessageConverter.checkAllowedList(AllowedListDeserializingMessageConverter.java:62) ~[spring-amqp-3.2.3.jar:3.2.3]
	at org.springframework.amqp.support.converter.SimpleMessageConverter$1.resolveClass(SimpleMessageConverter.java:160) ~[spring-amqp-3.2.3.jar:3.2.3]
	at java.base/java.io.ObjectInputStream.readNonProxyDesc(ObjectInputStream.java:2046) ~[na:na]
	at java.base/java.io.ObjectInputStream.readClassDesc(ObjectInputStream.java:1912) ~[na:na]
	at java.base/java.io.ObjectInputStream.readOrdinaryObject(ObjectInputStream.java:2237) ~[na:na]
	at java.base/java.io.ObjectInputStream.readObject0(ObjectInputStream.java:1747) ~[na:na]
	at java.base/java.io.ObjectInputStream.readObject(ObjectInputStream.java:525) ~[na:na]
	at java.base/java.io.ObjectInputStream.readObject(ObjectInputStream.java:483) ~[na:na]
	at org.springframework.amqp.utils.SerializationUtils.deserialize(SerializationUtils.java:102) ~[spring-amqp-3.2.3.jar:3.2.3]
	at org.springframework.amqp.support.converter.SimpleMessageConverter.fromMessage(SimpleMessageConverter.java:93) ~[spring-amqp-3.2.3.jar:3.2.3]
	at org.springframework.amqp.rabbit.listener.adapter.AbstractAdaptableMessageListener.extractMessage(AbstractAdaptableMessageListener.java:349) ~[spring-rabbit-3.2.3.jar:3.2.3]
	at org.springframework.amqp.rabbit.listener.adapter.MessagingMessageListenerAdapter$MessagingMessageConverterAdapter.extractPayload(MessagingMessageListenerAdapter.java:378) ~[spring-rabbit-3.2.3.jar:3.2.3]
	at org.springframework.amqp.support.converter.MessagingMessageConverter.fromMessage(MessagingMessageConverter.java:132) ~[spring-amqp-3.2.3.jar:3.2.3]
	at org.springframework.amqp.rabbit.listener.adapter.MessagingMessageListenerAdapter.toMessagingMessage(MessagingMessageListenerAdapter.java:251) ~[spring-rabbit-3.2.3.jar:3.2.3]
	at org.springframework.amqp.rabbit.listener.adapter.MessagingMessageListenerAdapter.onMessage(MessagingMessageListenerAdapter.java:147) ~[spring-rabbit-3.2.3.jar:3.2.3]
	... 13 common frames omitted

2025-03-18T10:52:34.718+05:30  WARN 8620 --- [org.springframework.amqp.rabbit.RabbitListenerEndpointContainer#0-1] s.a.r.l.ConditionalRejectingErrorHandler : Execution of Rabbit message listener failed.

org.springframework.amqp.rabbit.support.ListenerExecutionFailedException: Failed to convert message
	at org.springframework.amqp.rabbit.listener.adapter.MessagingMessageListenerAdapter.onMessage(MessagingMessageListenerAdapter.java:157) ~[spring-rabbit-3.2.3.jar:3.2.3]
	at org.springframework.amqp.rabbit.listener.AbstractMessageListenerContainer.doInvokeListener(AbstractMessageListenerContainer.java:1694) ~[spring-rabbit-3.2.3.jar:3.2.3]
	at org.springframework.amqp.rabbit.listener.AbstractMessageListenerContainer.actualInvokeListener(AbstractMessageListenerContainer.java:1616) ~[spring-rabbit-3.2.3.jar:3.2.3]
	at org.springframework.amqp.rabbit.listener.AbstractMessageListenerContainer.invokeListener(AbstractMessageListenerContainer.java:1604) ~[spring-rabbit-3.2.3.jar:3.2.3]
	at org.springframework.amqp.rabbit.listener.AbstractMessageListenerContainer.doExecuteListener(AbstractMessageListenerContainer.java:1595) ~[spring-rabbit-3.2.3.jar:3.2.3]
	at org.springframework.amqp.rabbit.listener.AbstractMessageListenerContainer.executeListenerAndHandleException(AbstractMessageListenerContainer.java:1540) ~[spring-rabbit-3.2.3.jar:3.2.3]
	at org.springframework.amqp.rabbit.listener.AbstractMessageListenerContainer.lambda$executeListener$8(AbstractMessageListenerContainer.java:1518) ~[spring-rabbit-3.2.3.jar:3.2.3]
	at io.micrometer.observation.Observation.observe(Observation.java:498) ~[micrometer-observation-1.14.4.jar:1.14.4]
	at org.springframework.amqp.rabbit.listener.AbstractMessageListenerContainer.executeListener(AbstractMessageListenerContainer.java:1518) ~[spring-rabbit-3.2.3.jar:3.2.3]
	at org.springframework.amqp.rabbit.listener.SimpleMessageListenerContainer.doReceiveAndExecute(SimpleMessageListenerContainer.java:1086) ~[spring-rabbit-3.2.3.jar:3.2.3]
	at org.springframework.amqp.rabbit.listener.SimpleMessageListenerContainer.receiveAndExecute(SimpleMessageListenerContainer.java:1022) ~[spring-rabbit-3.2.3.jar:3.2.3]
	at org.springframework.amqp.rabbit.listener.SimpleMessageListenerContainer$AsyncMessageProcessingConsumer.mainLoop(SimpleMessageListenerContainer.java:1425) ~[spring-rabbit-3.2.3.jar:3.2.3]
	at org.springframework.amqp.rabbit.listener.SimpleMessageListenerContainer$AsyncMessageProcessingConsumer.run(SimpleMessageListenerContainer.java:1326) ~[spring-rabbit-3.2.3.jar:3.2.3]
	at java.base/java.lang.Thread.run(Thread.java:1570) ~[na:na]
Caused by: java.lang.SecurityException: Attempt to deserialize unauthorized class com.example.AddressBookManagement.DTO.RabbitMQMessageDTO; add allowed class name patterns to the message converter or, if you trust the message originator, set environment variable 'SPRING_AMQP_DESERIALIZATION_TRUST_ALL' or system property 'spring.amqp.deserialization.trust.all' to true
	at org.springframework.amqp.utils.SerializationUtils.checkAllowedList(SerializationUtils.java:164) ~[spring-amqp-3.2.3.jar:3.2.3]
	at org.springframework.amqp.support.converter.AllowedListDeserializingMessageConverter.checkAllowedList(AllowedListDeserializingMessageConverter.java:62) ~[spring-amqp-3.2.3.jar:3.2.3]
	at org.springframework.amqp.support.converter.SimpleMessageConverter$1.resolveClass(SimpleMessageConverter.java:160) ~[spring-amqp-3.2.3.jar:3.2.3]
	at java.base/java.io.ObjectInputStream.readNonProxyDesc(ObjectInputStream.java:2046) ~[na:na]
	at java.base/java.io.ObjectInputStream.readClassDesc(ObjectInputStream.java:1912) ~[na:na]
	at java.base/java.io.ObjectInputStream.readOrdinaryObject(ObjectInputStream.java:2237) ~[na:na]
	at java.base/java.io.ObjectInputStream.readObject0(ObjectInputStream.java:1747) ~[na:na]
	at java.base/java.io.ObjectInputStream.readObject(ObjectInputStream.java:525) ~[na:na]
	at java.base/java.io.ObjectInputStream.readObject(ObjectInputStream.java:483) ~[na:na]
	at org.springframework.amqp.utils.SerializationUtils.deserialize(SerializationUtils.java:102) ~[spring-amqp-3.2.3.jar:3.2.3]
	at org.springframework.amqp.support.converter.SimpleMessageConverter.fromMessage(SimpleMessageConverter.java:93) ~[spring-amqp-3.2.3.jar:3.2.3]
	at org.springframework.amqp.rabbit.listener.adapter.AbstractAdaptableMessageListener.extractMessage(AbstractAdaptableMessageListener.java:349) ~[spring-rabbit-3.2.3.jar:3.2.3]
	at org.springframework.amqp.rabbit.listener.adapter.MessagingMessageListenerAdapter$MessagingMessageConverterAdapter.extractPayload(MessagingMessageListenerAdapter.java:378) ~[spring-rabbit-3.2.3.jar:3.2.3]
	at org.springframework.amqp.support.converter.MessagingMessageConverter.fromMessage(MessagingMessageConverter.java:132) ~[spring-amqp-3.2.3.jar:3.2.3]
	at org.springframework.amqp.rabbit.listener.adapter.MessagingMessageListenerAdapter.toMessagingMessage(MessagingMessageListenerAdapter.java:251) ~[spring-rabbit-3.2.3.jar:3.2.3]
	at org.springframework.amqp.rabbit.listener.adapter.MessagingMessageListenerAdapter.onMessage(MessagingMessageListenerAdapter.java:147) ~[spring-rabbit-3.2.3.jar:3.2.3]
	... 13 common frames omitted

2025-03-18T10:52:34.722+05:30  WARN 8620 --- [org.springframework.amqp.rabbit.RabbitListenerEndpointContainer#0-1] s.a.r.l.ConditionalRejectingErrorHandler : Execution of Rabbit message listener failed.

org.springframework.amqp.rabbit.support.ListenerExecutionFailedException: Failed to convert message
	at org.springframework.amqp.rabbit.listener.adapter.MessagingMessageListenerAdapter.onMessage(MessagingMessageListenerAdapter.java:157) ~[spring-rabbit-3.2.3.jar:3.2.3]
	at org.springframework.amqp.rabbit.listener.AbstractMessageListenerContainer.doInvokeListener(AbstractMessageListenerContainer.java:1694) ~[spring-rabbit-3.2.3.jar:3.2.3]
	at org.springframework.amqp.rabbit.listener.AbstractMessageListenerContainer.actualInvokeListener(AbstractMessageListenerContainer.java:1616) ~[spring-rabbit-3.2.3.jar:3.2.3]
	at org.springframework.amqp.rabbit.listener.AbstractMessageListenerContainer.invokeListener(AbstractMessageListenerContainer.java:1604) ~[spring-rabbit-3.2.3.jar:3.2.3]
	at org.springframework.amqp.rabbit.listener.AbstractMessageListenerContainer.doExecuteListener(AbstractMessageListenerContainer.java:1595) ~[spring-rabbit-3.2.3.jar:3.2.3]
	at org.springframework.amqp.rabbit.listener.AbstractMessageListenerContainer.executeListenerAndHandleException(AbstractMessageListenerContainer.java:1540) ~[spring-rabbit-3.2.3.jar:3.2.3]
	at org.springframework.amqp.rabbit.listener.AbstractMessageListenerContainer.lambda$executeListener$8(AbstractMessageListenerContainer.java:1518) ~[spring-rabbit-3.2.3.jar:3.2.3]
	at io.micrometer.observation.Observation.observe(Observation.java:498) ~[micrometer-observation-1.14.4.jar:1.14.4]
	at org.springframework.amqp.rabbit.listener.AbstractMessageListenerContainer.executeListener(AbstractMessageListenerContainer.java:1518) ~[spring-rabbit-3.2.3.jar:3.2.3]
	at org.springframework.amqp.rabbit.listener.SimpleMessageListenerContainer.doReceiveAndExecute(SimpleMessageListenerContainer.java:1086) ~[spring-rabbit-3.2.3.jar:3.2.3]
	at org.springframework.amqp.rabbit.listener.SimpleMessageListenerContainer.receiveAndExecute(SimpleMessageListenerContainer.java:1022) ~[spring-rabbit-3.2.3.jar:3.2.3]
	at org.springframework.amqp.rabbit.listener.SimpleMessageListenerContainer$AsyncMessageProcessingConsumer.mainLoop(SimpleMessageListenerContainer.java:1425) ~[spring-rabbit-3.2.3.jar:3.2.3]
	at org.springframework.amqp.rabbit.listener.SimpleMessageListenerContainer$AsyncMessageProcessingConsumer.run(SimpleMessageListenerContainer.java:1326) ~[spring-rabbit-3.2.3.jar:3.2.3]
	at java.base/java.lang.Thread.run(Thread.java:1570) ~[na:na]
Caused by: java.lang.SecurityException: Attempt to deserialize unauthorized class com.example.AddressBookManagement.DTO.RabbitMQMessageDTO; add allowed class name patterns to the message converter or, if you trust the message originator, set environment variable 'SPRING_AMQP_DESERIALIZATION_TRUST_ALL' or system property 'spring.amqp.deserialization.trust.all' to true
	at org.springframework.amqp.utils.SerializationUtils.checkAllowedList(SerializationUtils.java:164) ~[spring-amqp-3.2.3.jar:3.2.3]
	at org.springframework.amqp.support.converter.AllowedListDeserializingMessageConverter.checkAllowedList(AllowedListDeserializingMessageConverter.java:62) ~[spring-amqp-3.2.3.jar:3.2.3]
	at org.springframework.amqp.support.converter.SimpleMessageConverter$1.resolveClass(SimpleMessageConverter.java:160) ~[spring-amqp-3.2.3.jar:3.2.3]
	at java.base/java.io.ObjectInputStream.readNonProxyDesc(ObjectInputStream.java:2046) ~[na:na]
	at java.base/java.io.ObjectInputStream.readClassDesc(ObjectInputStream.java:1912) ~[na:na]
	at java.base/java.io.ObjectInputStream.readOrdinaryObject(ObjectInputStream.java:2237) ~[na:na]
	at java.base/java.io.ObjectInputStream.readObject0(ObjectInputStream.java:1747) ~[na:na]
	at java.base/java.io.ObjectInputStream.readObject(ObjectInputStream.java:525) ~[na:na]
	at java.base/java.io.ObjectInputStream.readObject(ObjectInputStream.java:483) ~[na:na]
	at org.springframework.amqp.utils.SerializationUtils.deserialize(SerializationUtils.java:102) ~[spring-amqp-3.2.3.jar:3.2.3]
	at org.springframework.amqp.support.converter.SimpleMessageConverter.fromMessage(SimpleMessageConverter.java:93) ~[spring-amqp-3.2.3.jar:3.2.3]
	at org.springframework.amqp.rabbit.listener.adapter.AbstractAdaptableMessageListener.extractMessage(AbstractAdaptableMessageListener.java:349) ~[spring-rabbit-3.2.3.jar:3.2.3]
	at org.springframework.amqp.rabbit.listener.adapter.MessagingMessageListenerAdapter$MessagingMessageConverterAdapter.extractPayload(MessagingMessageListenerAdapter.java:378) ~[spring-rabbit-3.2.3.jar:3.2.3]
	at org.springframework.amqp.support.converter.MessagingMessageConverter.fromMessage(MessagingMessageConverter.java:132) ~[spring-amqp-3.2.3.jar:3.2.3]
	at org.springframework.amqp.rabbit.listener.adapter.MessagingMessageListenerAdapter.toMessagingMessage(MessagingMessageListenerAdapter.java:251) ~[spring-rabbit-3.2.3.jar:3.2.3]
	at org.springframework.amqp.rabbit.listener.adapter.MessagingMessageListenerAdapter.onMessage(MessagingMessageListenerAdapter.java:147) ~[spring-rabbit-3.2.3.jar:3.2.3]
	... 13 common frames omitted

2025-03-18T10:52:34.725+05:30  WARN 8620 --- [org.springframework.amqp.rabbit.RabbitListenerEndpointContainer#0-1] s.a.r.l.ConditionalRejectingErrorHandler : Execution of Rabbit message listener failed.

org.springframework.amqp.rabbit.support.ListenerExecutionFailedException: Failed to convert message
	at org.springframework.amqp.rabbit.listener.adapter.MessagingMessageListenerAdapter.onMessage(MessagingMessageListenerAdapter.java:157) ~[spring-rabbit-3.2.3.jar:3.2.3]
	at org.springframework.amqp.rabbit.listener.AbstractMessageListenerContainer.doInvokeListener(AbstractMessageListenerContainer.java:1694) ~[spring-rabbit-3.2.3.jar:3.2.3]
	at org.springframework.amqp.rabbit.listener.AbstractMessageListenerContainer.actualInvokeListener(AbstractMessageListenerContainer.java:1616) ~[spring-rabbit-3.2.3.jar:3.2.3]
	at org.springframework.amqp.rabbit.listener.AbstractMessageListenerContainer.invokeListener(AbstractMessageListenerContainer.java:1604) ~[spring-rabbit-3.2.3.jar:3.2.3]
	at org.springframework.amqp.rabbit.listener.AbstractMessageListenerContainer.doExecuteListener(AbstractMessageListenerContainer.java:1595) ~[spring-rabbit-3.2.3.jar:3.2.3]
	at org.springframework.amqp.rabbit.listener.AbstractMessageListenerContainer.executeListenerAndHandleException(AbstractMessageListenerContainer.java:1540) ~[spring-rabbit-3.2.3.jar:3.2.3]
	at org.springframework.amqp.rabbit.listener.AbstractMessageListenerContainer.lambda$executeListener$8(AbstractMessageListenerContainer.java:1518) ~[spring-rabbit-3.2.3.jar:3.2.3]
	at io.micrometer.observation.Observation.observe(Observation.java:498) ~[micrometer-observation-1.14.4.jar:1.14.4]
	at org.springframework.amqp.rabbit.listener.AbstractMessageListenerContainer.executeListener(AbstractMessageListenerContainer.java:1518) ~[spring-rabbit-3.2.3.jar:3.2.3]
	at org.springframework.amqp.rabbit.listener.SimpleMessageListenerContainer.doReceiveAndExecute(SimpleMessageListenerContainer.java:1086) ~[spring-rabbit-3.2.3.jar:3.2.3]
	at org.springframework.amqp.rabbit.listener.SimpleMessageListenerContainer.receiveAndExecute(SimpleMessageListenerContainer.java:1022) ~[spring-rabbit-3.2.3.jar:3.2.3]
	at org.springframework.amqp.rabbit.listener.SimpleMessageListenerContainer$AsyncMessageProcessingConsumer.mainLoop(SimpleMessageListenerContainer.java:1425) ~[spring-rabbit-3.2.3.jar:3.2.3]
	at org.springframework.amqp.rabbit.listener.SimpleMessageListenerContainer$AsyncMessageProcessingConsumer.run(SimpleMessageListenerContainer.java:1326) ~[spring-rabbit-3.2.3.jar:3.2.3]
	at java.base/java.lang.Thread.run(Thread.java:1570) ~[na:na]
Caused by: java.lang.SecurityException: Attempt to deserialize unauthorized class com.example.AddressBookManagement.DTO.RabbitMQMessageDTO; add allowed class name patterns to the message converter or, if you trust the message originator, set environment variable 'SPRING_AMQP_DESERIALIZATION_TRUST_ALL' or system property 'spring.amqp.deserialization.trust.all' to true
	at org.springframework.amqp.utils.SerializationUtils.checkAllowedList(SerializationUtils.java:164) ~[spring-amqp-3.2.3.jar:3.2.3]
	at org.springframework.amqp.support.converter.AllowedListDeserializingMessageConverter.checkAllowedList(AllowedListDeserializingMessageConverter.java:62) ~[spring-amqp-3.2.3.jar:3.2.3]
	at org.springframework.amqp.support.converter.SimpleMessageConverter$1.resolveClass(SimpleMessageConverter.java:160) ~[spring-amqp-3.2.3.jar:3.2.3]
	at java.base/java.io.ObjectInputStream.readNonProxyDesc(ObjectInputStream.java:2046) ~[na:na]
	at java.base/java.io.ObjectInputStream.readClassDesc(ObjectInputStream.java:1912) ~[na:na]
	at java.base/java.io.ObjectInputStream.readOrdinaryObject(ObjectInputStream.java:2237) ~[na:na]
	at java.base/java.io.ObjectInputStream.readObject0(ObjectInputStream.java:1747) ~[na:na]
	at java.base/java.io.ObjectInputStream.readObject(ObjectInputStream.java:525) ~[na:na]
	at java.base/java.io.ObjectInputStream.readObject(ObjectInputStream.java:483) ~[na:na]
	at org.springframework.amqp.utils.SerializationUtils.deserialize(SerializationUtils.java:102) ~[spring-amqp-3.2.3.jar:3.2.3]
	at org.springframework.amqp.support.converter.SimpleMessageConverter.fromMessage(SimpleMessageConverter.java:93) ~[spring-amqp-3.2.3.jar:3.2.3]
	at org.springframework.amqp.rabbit.listener.adapter.AbstractAdaptableMessageListener.extractMessage(AbstractAdaptableMessageListener.java:349) ~[spring-rabbit-3.2.3.jar:3.2.3]
	at org.springframework.amqp.rabbit.listener.adapter.MessagingMessageListenerAdapter$MessagingMessageConverterAdapter.extractPayload(MessagingMessageListenerAdapter.java:378) ~[spring-rabbit-3.2.3.jar:3.2.3]
	at org.springframework.amqp.support.converter.MessagingMessageConverter.fromMessage(MessagingMessageConverter.java:132) ~[spring-amqp-3.2.3.jar:3.2.3]
	at org.springframework.amqp.rabbit.listener.adapter.MessagingMessageListenerAdapter.toMessagingMessage(MessagingMessageListenerAdapter.java:251) ~[spring-rabbit-3.2.3.jar:3.2.3]
	at org.springframework.amqp.rabbit.listener.adapter.MessagingMessageListenerAdapter.onMessage(MessagingMessageListenerAdapter.java:147) ~[spring-rabbit-3.2.3.jar:3.2.3]
	... 13 common frames omitted

2025-03-18T10:52:34.730+05:30  WARN 8620 --- [org.springframework.amqp.rabbit.RabbitListenerEndpointContainer#0-1] s.a.r.l.ConditionalRejectingErrorHandler : Execution of Rabbit message listener failed.

org.springframework.amqp.rabbit.support.ListenerExecutionFailedException: Failed to convert message
	at org.springframework.amqp.rabbit.listener.adapter.MessagingMessageListenerAdapter.onMessage(MessagingMessageListenerAdapter.java:157) ~[spring-rabbit-3.2.3.jar:3.2.3]
	at org.springframework.amqp.rabbit.listener.AbstractMessageListenerContainer.doInvokeListener(AbstractMessageListenerContainer.java:1694) ~[spring-rabbit-3.2.3.jar:3.2.3]
	at org.springframework.amqp.rabbit.listener.AbstractMessageListenerContainer.actualInvokeListener(AbstractMessageListenerContainer.java:1616) ~[spring-rabbit-3.2.3.jar:3.2.3]
	at org.springframework.amqp.rabbit.listener.AbstractMessageListenerContainer.invokeListener(AbstractMessageListenerContainer.java:1604) ~[spring-rabbit-3.2.3.jar:3.2.3]
	at org.springframework.amqp.rabbit.listener.AbstractMessageListenerContainer.doExecuteListener(AbstractMessageListenerContainer.java:1595) ~[spring-rabbit-3.2.3.jar:3.2.3]
	at org.springframework.amqp.rabbit.listener.AbstractMessageListenerContainer.executeListenerAndHandleException(AbstractMessageListenerContainer.java:1540) ~[spring-rabbit-3.2.3.jar:3.2.3]
	at org.springframework.amqp.rabbit.listener.AbstractMessageListenerContainer.lambda$executeListener$8(AbstractMessageListenerContainer.java:1518) ~[spring-rabbit-3.2.3.jar:3.2.3]
	at io.micrometer.observation.Observation.observe(Observation.java:498) ~[micrometer-observation-1.14.4.jar:1.14.4]
	at org.springframework.amqp.rabbit.listener.AbstractMessageListenerContainer.executeListener(AbstractMessageListenerContainer.java:1518) ~[spring-rabbit-3.2.3.jar:3.2.3]
	at org.springframework.amqp.rabbit.listener.SimpleMessageListenerContainer.doReceiveAndExecute(SimpleMessageListenerContainer.java:1086) ~[spring-rabbit-3.2.3.jar:3.2.3]
	at org.springframework.amqp.rabbit.listener.SimpleMessageListenerContainer.receiveAndExecute(SimpleMessageListenerContainer.java:1022) ~[spring-rabbit-3.2.3.jar:3.2.3]
	at org.springframework.amqp.rabbit.listener.SimpleMessageListenerContainer$AsyncMessageProcessingConsumer.mainLoop(SimpleMessageListenerContainer.java:1425) ~[spring-rabbit-3.2.3.jar:3.2.3]
	at org.springframework.amqp.rabbit.listener.SimpleMessageListenerContainer$AsyncMessageProcessingConsumer.run(SimpleMessageListenerContainer.java:1326) ~[spring-rabbit-3.2.3.jar:3.2.3]
	at java.base/java.lang.Thread.run(Thread.java:1570) ~[na:na]
Caused by: java.lang.SecurityException: Attempt to deserialize unauthorized class com.example.AddressBookManagement.DTO.RabbitMQMessageDTO; add allowed class name patterns to the message converter or, if you trust the message originator, set environment variable 'SPRING_AMQP_DESERIALIZATION_TRUST_ALL' or system property 'spring.amqp.deserialization.trust.all' to true
	at org.springframework.amqp.utils.SerializationUtils.checkAllowedList(SerializationUtils.java:164) ~[spring-amqp-3.2.3.jar:3.2.3]
	at org.springframework.amqp.support.converter.AllowedListDeserializingMessageConverter.checkAllowedList(AllowedListDeserializingMessageConverter.java:62) ~[spring-amqp-3.2.3.jar:3.2.3]
	at org.springframework.amqp.support.converter.SimpleMessageConverter$1.resolveClass(SimpleMessageConverter.java:160) ~[spring-amqp-3.2.3.jar:3.2.3]
	at java.base/java.io.ObjectInputStream.readNonProxyDesc(ObjectInputStream.java:2046) ~[na:na]
	at java.base/java.io.ObjectInputStream.readClassDesc(ObjectInputStream.java:1912) ~[na:na]
	at java.base/java.io.ObjectInputStream.readOrdinaryObject(ObjectInputStream.java:2237) ~[na:na]
	at java.base/java.io.ObjectInputStream.readObject0(ObjectInputStream.java:1747) ~[na:na]
	at java.base/java.io.ObjectInputStream.readObject(ObjectInputStream.java:525) ~[na:na]
	at java.base/java.io.ObjectInputStream.readObject(ObjectInputStream.java:483) ~[na:na]
	at org.springframework.amqp.utils.SerializationUtils.deserialize(SerializationUtils.java:102) ~[spring-amqp-3.2.3.jar:3.2.3]
	at org.springframework.amqp.support.converter.SimpleMessageConverter.fromMessage(SimpleMessageConverter.java:93) ~[spring-amqp-3.2.3.jar:3.2.3]
	at org.springframework.amqp.rabbit.listener.adapter.AbstractAdaptableMessageListener.extractMessage(AbstractAdaptableMessageListener.java:349) ~[spring-rabbit-3.2.3.jar:3.2.3]
	at org.springframework.amqp.rabbit.listener.adapter.MessagingMessageListenerAdapter$MessagingMessageConverterAdapter.extractPayload(MessagingMessageListenerAdapter.java:378) ~[spring-rabbit-3.2.3.jar:3.2.3]
	at org.springframework.amqp.support.converter.MessagingMessageConverter.fromMessage(MessagingMessageConverter.java:132) ~[spring-amqp-3.2.3.jar:3.2.3]
	at org.springframework.amqp.rabbit.listener.adapter.MessagingMessageListenerAdapter.toMessagingMessage(MessagingMessageListenerAdapter.java:251) ~[spring-rabbit-3.2.3.jar:3.2.3]
	at org.springframework.amqp.rabbit.listener.adapter.MessagingMessageListenerAdapter.onMessage(MessagingMessageListenerAdapter.java:147) ~[spring-rabbit-3.2.3.jar:3.2.3]
	... 13 common frames omitted

2025-03-18T10:52:34.733+05:30  WARN 8620 --- [org.springframework.amqp.rabbit.RabbitListenerEndpointContainer#0-1] s.a.r.l.ConditionalRejectingErrorHandler : Execution of Rabbit message listener failed.

org.springframework.amqp.rabbit.support.ListenerExecutionFailedException: Failed to convert message
	at org.springframework.amqp.rabbit.listener.adapter.MessagingMessageListenerAdapter.onMessage(MessagingMessageListenerAdapter.java:157) ~[spring-rabbit-3.2.3.jar:3.2.3]
	at org.springframework.amqp.rabbit.listener.AbstractMessageListenerContainer.doInvokeListener(AbstractMessageListenerContainer.java:1694) ~[spring-rabbit-3.2.3.jar:3.2.3]
	at org.springframework.amqp.rabbit.listener.AbstractMessageListenerContainer.actualInvokeListener(AbstractMessageListenerContainer.java:1616) ~[spring-rabbit-3.2.3.jar:3.2.3]
	at org.springframework.amqp.rabbit.listener.AbstractMessageListenerContainer.invokeListener(AbstractMessageListenerContainer.java:1604) ~[spring-rabbit-3.2.3.jar:3.2.3]
	at org.springframework.amqp.rabbit.listener.AbstractMessageListenerContainer.doExecuteListener(AbstractMessageListenerContainer.java:1595) ~[spring-rabbit-3.2.3.jar:3.2.3]
	at org.springframework.amqp.rabbit.listener.AbstractMessageListenerContainer.executeListenerAndHandleException(AbstractMessageListenerContainer.java:1540) ~[spring-rabbit-3.2.3.jar:3.2.3]
	at org.springframework.amqp.rabbit.listener.AbstractMessageListenerContainer.lambda$executeListener$8(AbstractMessageListenerContainer.java:1518) ~[spring-rabbit-3.2.3.jar:3.2.3]
	at io.micrometer.observation.Observation.observe(Observation.java:498) ~[micrometer-observation-1.14.4.jar:1.14.4]
	at org.springframework.amqp.rabbit.listener.AbstractMessageListenerContainer.executeListener(AbstractMessageListenerContainer.java:1518) ~[spring-rabbit-3.2.3.jar:3.2.3]
	at org.springframework.amqp.rabbit.listener.SimpleMessageListenerContainer.doReceiveAndExecute(SimpleMessageListenerContainer.java:1086) ~[spring-rabbit-3.2.3.jar:3.2.3]
	at org.springframework.amqp.rabbit.listener.SimpleMessageListenerContainer.receiveAndExecute(SimpleMessageListenerContainer.java:1022) ~[spring-rabbit-3.2.3.jar:3.2.3]
	at org.springframework.amqp.rabbit.listener.SimpleMessageListenerContainer$AsyncMessageProcessingConsumer.mainLoop(SimpleMessageListenerContainer.java:1425) ~[spring-rabbit-3.2.3.jar:3.2.3]
	at org.springframework.amqp.rabbit.listener.SimpleMessageListenerContainer$AsyncMessageProcessingConsumer.run(SimpleMessageListenerContainer.java:1326) ~[spring-rabbit-3.2.3.jar:3.2.3]
	at java.base/java.lang.Thread.run(Thread.java:1570) ~[na:na]
Caused by: java.lang.SecurityException: Attempt to deserialize unauthorized class com.example.AddressBookManagement.DTO.RabbitMQMessageDTO; add allowed class name patterns to the message converter or, if you trust the message originator, set environment variable 'SPRING_AMQP_DESERIALIZATION_TRUST_ALL' or system property 'spring.amqp.deserialization.trust.all' to true
	at org.springframework.amqp.utils.SerializationUtils.checkAllowedList(SerializationUtils.java:164) ~[spring-amqp-3.2.3.jar:3.2.3]
	at org.springframework.amqp.support.converter.AllowedListDeserializingMessageConverter.checkAllowedList(AllowedListDeserializingMessageConverter.java:62) ~[spring-amqp-3.2.3.jar:3.2.3]
	at org.springframework.amqp.support.converter.SimpleMessageConverter$1.resolveClass(SimpleMessageConverter.java:160) ~[spring-amqp-3.2.3.jar:3.2.3]
	at java.base/java.io.ObjectInputStream.readNonProxyDesc(ObjectInputStream.java:2046) ~[na:na]
	at java.base/java.io.ObjectInputStream.readClassDesc(ObjectInputStream.java:1912) ~[na:na]
	at java.base/java.io.ObjectInputStream.readOrdinaryObject(ObjectInputStream.java:2237) ~[na:na]
	at java.base/java.io.ObjectInputStream.readObject0(ObjectInputStream.java:1747) ~[na:na]
	at java.base/java.io.ObjectInputStream.readObject(ObjectInputStream.java:525) ~[na:na]
	at java.base/java.io.ObjectInputStream.readObject(ObjectInputStream.java:483) ~[na:na]
	at org.springframework.amqp.utils.SerializationUtils.deserialize(SerializationUtils.java:102) ~[spring-amqp-3.2.3.jar:3.2.3]
	at org.springframework.amqp.support.converter.SimpleMessageConverter.fromMessage(SimpleMessageConverter.java:93) ~[spring-amqp-3.2.3.jar:3.2.3]
	at org.springframework.amqp.rabbit.listener.adapter.AbstractAdaptableMessageListener.extractMessage(AbstractAdaptableMessageListener.java:349) ~[spring-rabbit-3.2.3.jar:3.2.3]
	at org.springframework.amqp.rabbit.listener.adapter.MessagingMessageListenerAdapter$MessagingMessageConverterAdapter.extractPayload(MessagingMessageListenerAdapter.java:378) ~[spring-rabbit-3.2.3.jar:3.2.3]
	at org.springframework.amqp.support.converter.MessagingMessageConverter.fromMessage(MessagingMessageConverter.java:132) ~[spring-amqp-3.2.3.jar:3.2.3]
	at org.springframework.amqp.rabbit.listener.adapter.MessagingMessageListenerAdapter.toMessagingMessage(MessagingMessageListenerAdapter.java:251) ~[spring-rabbit-3.2.3.jar:3.2.3]
	at org.springframework.amqp.rabbit.listener.adapter.MessagingMessageListenerAdapter.onMessage(MessagingMessageListenerAdapter.java:147) ~[spring-rabbit-3.2.3.jar:3.2.3]
	... 13 common frames omitted

2025-03-18T10:52:34.736+05:30  WARN 8620 --- [org.springframework.amqp.rabbit.RabbitListenerEndpointContainer#0-1] s.a.r.l.ConditionalRejectingErrorHandler : Execution of Rabbit message listener failed.

org.springframework.amqp.rabbit.support.ListenerExecutionFailedException: Failed to convert message
	at org.springframework.amqp.rabbit.listener.adapter.MessagingMessageListenerAdapter.onMessage(MessagingMessageListenerAdapter.java:157) ~[spring-rabbit-3.2.3.jar:3.2.3]
	at org.springframework.amqp.rabbit.listener.AbstractMessageListenerContainer.doInvokeListener(AbstractMessageListenerContainer.java:1694) ~[spring-rabbit-3.2.3.jar:3.2.3]
	at org.springframework.amqp.rabbit.listener.AbstractMessageListenerContainer.actualInvokeListener(AbstractMessageListenerContainer.java:1616) ~[spring-rabbit-3.2.3.jar:3.2.3]
	at org.springframework.amqp.rabbit.listener.AbstractMessageListenerContainer.invokeListener(AbstractMessageListenerContainer.java:1604) ~[spring-rabbit-3.2.3.jar:3.2.3]
	at org.springframework.amqp.rabbit.listener.AbstractMessageListenerContainer.doExecuteListener(AbstractMessageListenerContainer.java:1595) ~[spring-rabbit-3.2.3.jar:3.2.3]
	at org.springframework.amqp.rabbit.listener.AbstractMessageListenerContainer.executeListenerAndHandleException(AbstractMessageListenerContainer.java:1540) ~[spring-rabbit-3.2.3.jar:3.2.3]
	at org.springframework.amqp.rabbit.listener.AbstractMessageListenerContainer.lambda$executeListener$8(AbstractMessageListenerContainer.java:1518) ~[spring-rabbit-3.2.3.jar:3.2.3]
	at io.micrometer.observation.Observation.observe(Observation.java:498) ~[micrometer-observation-1.14.4.jar:1.14.4]
	at org.springframework.amqp.rabbit.listener.AbstractMessageListenerContainer.executeListener(AbstractMessageListenerContainer.java:1518) ~[spring-rabbit-3.2.3.jar:3.2.3]
	at org.springframework.amqp.rabbit.listener.SimpleMessageListenerContainer.doReceiveAndExecute(SimpleMessageListenerContainer.java:1086) ~[spring-rabbit-3.2.3.jar:3.2.3]
	at org.springframework.amqp.rabbit.listener.SimpleMessageListenerContainer.receiveAndExecute(SimpleMessageListenerContainer.java:1022) ~[spring-rabbit-3.2.3.jar:3.2.3]
	at org.springframework.amqp.rabbit.listener.SimpleMessageListenerContainer$AsyncMessageProcessingConsumer.mainLoop(SimpleMessageListenerContainer.java:1425) ~[spring-rabbit-3.2.3.jar:3.2.3]
	at org.springframework.amqp.rabbit.listener.SimpleMessageListenerContainer$AsyncMessageProcessingConsumer.run(SimpleMessageListenerContainer.java:1326) ~[spring-rabbit-3.2.3.jar:3.2.3]
	at java.base/java.lang.Thread.run(Thread.java:1570) ~[na:na]
Caused by: java.lang.SecurityException: Attempt to deserialize unauthorized class com.example.AddressBookManagement.DTO.RabbitMQMessageDTO; add allowed class name patterns to the message converter or, if you trust the message originator, set environment variable 'SPRING_AMQP_DESERIALIZATION_TRUST_ALL' or system property 'spring.amqp.deserialization.trust.all' to true
	at org.springframework.amqp.utils.SerializationUtils.checkAllowedList(SerializationUtils.java:164) ~[spring-amqp-3.2.3.jar:3.2.3]
	at org.springframework.amqp.support.converter.AllowedListDeserializingMessageConverter.checkAllowedList(AllowedListDeserializingMessageConverter.java:62) ~[spring-amqp-3.2.3.jar:3.2.3]
	at org.springframework.amqp.support.converter.SimpleMessageConverter$1.resolveClass(SimpleMessageConverter.java:160) ~[spring-amqp-3.2.3.jar:3.2.3]
	at java.base/java.io.ObjectInputStream.readNonProxyDesc(ObjectInputStream.java:2046) ~[na:na]
	at java.base/java.io.ObjectInputStream.readClassDesc(ObjectInputStream.java:1912) ~[na:na]
	at java.base/java.io.ObjectInputStream.readOrdinaryObject(ObjectInputStream.java:2237) ~[na:na]
	at java.base/java.io.ObjectInputStream.readObject0(ObjectInputStream.java:1747) ~[na:na]
	at java.base/java.io.ObjectInputStream.readObject(ObjectInputStream.java:525) ~[na:na]
	at java.base/java.io.ObjectInputStream.readObject(ObjectInputStream.java:483) ~[na:na]
	at org.springframework.amqp.utils.SerializationUtils.deserialize(SerializationUtils.java:102) ~[spring-amqp-3.2.3.jar:3.2.3]
	at org.springframework.amqp.support.converter.SimpleMessageConverter.fromMessage(SimpleMessageConverter.java:93) ~[spring-amqp-3.2.3.jar:3.2.3]
	at org.springframework.amqp.rabbit.listener.adapter.AbstractAdaptableMessageListener.extractMessage(AbstractAdaptableMessageListener.java:349) ~[spring-rabbit-3.2.3.jar:3.2.3]
	at org.springframework.amqp.rabbit.listener.adapter.MessagingMessageListenerAdapter$MessagingMessageConverterAdapter.extractPayload(MessagingMessageListenerAdapter.java:378) ~[spring-rabbit-3.2.3.jar:3.2.3]
	at org.springframework.amqp.support.converter.MessagingMessageConverter.fromMessage(MessagingMessageConverter.java:132) ~[spring-amqp-3.2.3.jar:3.2.3]
	at org.springframework.amqp.rabbit.listener.adapter.MessagingMessageListenerAdapter.toMessagingMessage(MessagingMessageListenerAdapter.java:251) ~[spring-rabbit-3.2.3.jar:3.2.3]
	at org.springframework.amqp.rabbit.listener.adapter.MessagingMessageListenerAdapter.onMessage(MessagingMessageListenerAdapter.java:147) ~[spring-rabbit-3.2.3.jar:3.2.3]
	... 13 common frames omitted

2025-03-18T10:52:34.738+05:30  WARN 8620 --- [org.springframework.amqp.rabbit.RabbitListenerEndpointContainer#0-1] s.a.r.l.ConditionalRejectingErrorHandler : Execution of Rabbit message listener failed.

org.springframework.amqp.rabbit.support.ListenerExecutionFailedException: Failed to convert message
	at org.springframework.amqp.rabbit.listener.adapter.MessagingMessageListenerAdapter.onMessage(MessagingMessageListenerAdapter.java:157) ~[spring-rabbit-3.2.3.jar:3.2.3]
	at org.springframework.amqp.rabbit.listener.AbstractMessageListenerContainer.doInvokeListener(AbstractMessageListenerContainer.java:1694) ~[spring-rabbit-3.2.3.jar:3.2.3]
	at org.springframework.amqp.rabbit.listener.AbstractMessageListenerContainer.actualInvokeListener(AbstractMessageListenerContainer.java:1616) ~[spring-rabbit-3.2.3.jar:3.2.3]
	at org.springframework.amqp.rabbit.listener.AbstractMessageListenerContainer.invokeListener(AbstractMessageListenerContainer.java:1604) ~[spring-rabbit-3.2.3.jar:3.2.3]
	at org.springframework.amqp.rabbit.listener.AbstractMessageListenerContainer.doExecuteListener(AbstractMessageListenerContainer.java:1595) ~[spring-rabbit-3.2.3.jar:3.2.3]
	at org.springframework.amqp.rabbit.listener.AbstractMessageListenerContainer.executeListenerAndHandleException(AbstractMessageListenerContainer.java:1540) ~[spring-rabbit-3.2.3.jar:3.2.3]
	at org.springframework.amqp.rabbit.listener.AbstractMessageListenerContainer.lambda$executeListener$8(AbstractMessageListenerContainer.java:1518) ~[spring-rabbit-3.2.3.jar:3.2.3]
	at io.micrometer.observation.Observation.observe(Observation.java:498) ~[micrometer-observation-1.14.4.jar:1.14.4]
	at org.springframework.amqp.rabbit.listener.AbstractMessageListenerContainer.executeListener(AbstractMessageListenerContainer.java:1518) ~[spring-rabbit-3.2.3.jar:3.2.3]
	at org.springframework.amqp.rabbit.listener.SimpleMessageListenerContainer.doReceiveAndExecute(SimpleMessageListenerContainer.java:1086) ~[spring-rabbit-3.2.3.jar:3.2.3]
	at org.springframework.amqp.rabbit.listener.SimpleMessageListenerContainer.receiveAndExecute(SimpleMessageListenerContainer.java:1022) ~[spring-rabbit-3.2.3.jar:3.2.3]
	at org.springframework.amqp.rabbit.listener.SimpleMessageListenerContainer$AsyncMessageProcessingConsumer.mainLoop(SimpleMessageListenerContainer.java:1425) ~[spring-rabbit-3.2.3.jar:3.2.3]
	at org.springframework.amqp.rabbit.listener.SimpleMessageListenerContainer$AsyncMessageProcessingConsumer.run(SimpleMessageListenerContainer.java:1326) ~[spring-rabbit-3.2.3.jar:3.2.3]
	at java.base/java.lang.Thread.run(Thread.java:1570) ~[na:na]
Caused by: java.lang.SecurityException: Attempt to deserialize unauthorized class com.example.AddressBookManagement.DTO.RabbitMQMessageDTO; add allowed class name patterns to the message converter or, if you trust the message originator, set environment variable 'SPRING_AMQP_DESERIALIZATION_TRUST_ALL' or system property 'spring.amqp.deserialization.trust.all' to true
	at org.springframework.amqp.utils.SerializationUtils.checkAllowedList(SerializationUtils.java:164) ~[spring-amqp-3.2.3.jar:3.2.3]
	at org.springframework.amqp.support.converter.AllowedListDeserializingMessageConverter.checkAllowedList(AllowedListDeserializingMessageConverter.java:62) ~[spring-amqp-3.2.3.jar:3.2.3]
	at org.springframework.amqp.support.converter.SimpleMessageConverter$1.resolveClass(SimpleMessageConverter.java:160) ~[spring-amqp-3.2.3.jar:3.2.3]
	at java.base/java.io.ObjectInputStream.readNonProxyDesc(ObjectInputStream.java:2046) ~[na:na]
	at java.base/java.io.ObjectInputStream.readClassDesc(ObjectInputStream.java:1912) ~[na:na]
	at java.base/java.io.ObjectInputStream.readOrdinaryObject(ObjectInputStream.java:2237) ~[na:na]
	at java.base/java.io.ObjectInputStream.readObject0(ObjectInputStream.java:1747) ~[na:na]
	at java.base/java.io.ObjectInputStream.readObject(ObjectInputStream.java:525) ~[na:na]
	at java.base/java.io.ObjectInputStream.readObject(ObjectInputStream.java:483) ~[na:na]
	at org.springframework.amqp.utils.SerializationUtils.deserialize(SerializationUtils.java:102) ~[spring-amqp-3.2.3.jar:3.2.3]
	at org.springframework.amqp.support.converter.SimpleMessageConverter.fromMessage(SimpleMessageConverter.java:93) ~[spring-amqp-3.2.3.jar:3.2.3]
	at org.springframework.amqp.rabbit.listener.adapter.AbstractAdaptableMessageListener.extractMessage(AbstractAdaptableMessageListener.java:349) ~[spring-rabbit-3.2.3.jar:3.2.3]
	at org.springframework.amqp.rabbit.listener.adapter.MessagingMessageListenerAdapter$MessagingMessageConverterAdapter.extractPayload(MessagingMessageListenerAdapter.java:378) ~[spring-rabbit-3.2.3.jar:3.2.3]
	at org.springframework.amqp.support.converter.MessagingMessageConverter.fromMessage(MessagingMessageConverter.java:132) ~[spring-amqp-3.2.3.jar:3.2.3]
	at org.springframework.amqp.rabbit.listener.adapter.MessagingMessageListenerAdapter.toMessagingMessage(MessagingMessageListenerAdapter.java:251) ~[spring-rabbit-3.2.3.jar:3.2.3]
	at org.springframework.amqp.rabbit.listener.adapter.MessagingMessageListenerAdapter.onMessage(MessagingMessageListenerAdapter.java:147) ~[spring-rabbit-3.2.3.jar:3.2.3]
	... 13 common frames omitted

2025-03-18T10:52:34.741+05:30  WARN 8620 --- [org.springframework.amqp.rabbit.RabbitListenerEndpointContainer#0-1] s.a.r.l.ConditionalRejectingErrorHandler : Execution of Rabbit message listener failed.

org.springframework.amqp.rabbit.support.ListenerExecutionFailedException: Failed to convert message
	at org.springframework.amqp.rabbit.listener.adapter.MessagingMessageListenerAdapter.onMessage(MessagingMessageListenerAdapter.java:157) ~[spring-rabbit-3.2.3.jar:3.2.3]
	at org.springframework.amqp.rabbit.listener.AbstractMessageListenerContainer.doInvokeListener(AbstractMessageListenerContainer.java:1694) ~[spring-rabbit-3.2.3.jar:3.2.3]
	at org.springframework.amqp.rabbit.listener.AbstractMessageListenerContainer.actualInvokeListener(AbstractMessageListenerContainer.java:1616) ~[spring-rabbit-3.2.3.jar:3.2.3]
	at org.springframework.amqp.rabbit.listener.AbstractMessageListenerContainer.invokeListener(AbstractMessageListenerContainer.java:1604) ~[spring-rabbit-3.2.3.jar:3.2.3]
	at org.springframework.amqp.rabbit.listener.AbstractMessageListenerContainer.doExecuteListener(AbstractMessageListenerContainer.java:1595) ~[spring-rabbit-3.2.3.jar:3.2.3]
	at org.springframework.amqp.rabbit.listener.AbstractMessageListenerContainer.executeListenerAndHandleException(AbstractMessageListenerContainer.java:1540) ~[spring-rabbit-3.2.3.jar:3.2.3]
	at org.springframework.amqp.rabbit.listener.AbstractMessageListenerContainer.lambda$executeListener$8(AbstractMessageListenerContainer.java:1518) ~[spring-rabbit-3.2.3.jar:3.2.3]
	at io.micrometer.observation.Observation.observe(Observation.java:498) ~[micrometer-observation-1.14.4.jar:1.14.4]
	at org.springframework.amqp.rabbit.listener.AbstractMessageListenerContainer.executeListener(AbstractMessageListenerContainer.java:1518) ~[spring-rabbit-3.2.3.jar:3.2.3]
	at org.springframework.amqp.rabbit.listener.SimpleMessageListenerContainer.doReceiveAndExecute(SimpleMessageListenerContainer.java:1086) ~[spring-rabbit-3.2.3.jar:3.2.3]
	at org.springframework.amqp.rabbit.listener.SimpleMessageListenerContainer.receiveAndExecute(SimpleMessageListenerContainer.java:1022) ~[spring-rabbit-3.2.3.jar:3.2.3]
	at org.springframework.amqp.rabbit.listener.SimpleMessageListenerContainer$AsyncMessageProcessingConsumer.mainLoop(SimpleMessageListenerContainer.java:1425) ~[spring-rabbit-3.2.3.jar:3.2.3]
	at org.springframework.amqp.rabbit.listener.SimpleMessageListenerContainer$AsyncMessageProcessingConsumer.run(SimpleMessageListenerContainer.java:1326) ~[spring-rabbit-3.2.3.jar:3.2.3]
	at java.base/java.lang.Thread.run(Thread.java:1570) ~[na:na]
Caused by: java.lang.SecurityException: Attempt to deserialize unauthorized class com.example.AddressBookManagement.DTO.RabbitMQMessageDTO; add allowed class name patterns to the message converter or, if you trust the message originator, set environment variable 'SPRING_AMQP_DESERIALIZATION_TRUST_ALL' or system property 'spring.amqp.deserialization.trust.all' to true
	at org.springframework.amqp.utils.SerializationUtils.checkAllowedList(SerializationUtils.java:164) ~[spring-amqp-3.2.3.jar:3.2.3]
	at org.springframework.amqp.support.converter.AllowedListDeserializingMessageConverter.checkAllowedList(AllowedListDeserializingMessageConverter.java:62) ~[spring-amqp-3.2.3.jar:3.2.3]
	at org.springframework.amqp.support.converter.SimpleMessageConverter$1.resolveClass(SimpleMessageConverter.java:160) ~[spring-amqp-3.2.3.jar:3.2.3]
	at java.base/java.io.ObjectInputStream.readNonProxyDesc(ObjectInputStream.java:2046) ~[na:na]
	at java.base/java.io.ObjectInputStream.readClassDesc(ObjectInputStream.java:1912) ~[na:na]
	at java.base/java.io.ObjectInputStream.readOrdinaryObject(ObjectInputStream.java:2237) ~[na:na]
	at java.base/java.io.ObjectInputStream.readObject0(ObjectInputStream.java:1747) ~[na:na]
	at java.base/java.io.ObjectInputStream.readObject(ObjectInputStream.java:525) ~[na:na]
	at java.base/java.io.ObjectInputStream.readObject(ObjectInputStream.java:483) ~[na:na]
	at org.springframework.amqp.utils.SerializationUtils.deserialize(SerializationUtils.java:102) ~[spring-amqp-3.2.3.jar:3.2.3]
	at org.springframework.amqp.support.converter.SimpleMessageConverter.fromMessage(SimpleMessageConverter.java:93) ~[spring-amqp-3.2.3.jar:3.2.3]
	at org.springframework.amqp.rabbit.listener.adapter.AbstractAdaptableMessageListener.extractMessage(AbstractAdaptableMessageListener.java:349) ~[spring-rabbit-3.2.3.jar:3.2.3]
	at org.springframework.amqp.rabbit.listener.adapter.MessagingMessageListenerAdapter$MessagingMessageConverterAdapter.extractPayload(MessagingMessageListenerAdapter.java:378) ~[spring-rabbit-3.2.3.jar:3.2.3]
	at org.springframework.amqp.support.converter.MessagingMessageConverter.fromMessage(MessagingMessageConverter.java:132) ~[spring-amqp-3.2.3.jar:3.2.3]
	at org.springframework.amqp.rabbit.listener.adapter.MessagingMessageListenerAdapter.toMessagingMessage(MessagingMessageListenerAdapter.java:251) ~[spring-rabbit-3.2.3.jar:3.2.3]
	at org.springframework.amqp.rabbit.listener.adapter.MessagingMessageListenerAdapter.onMessage(MessagingMessageListenerAdapter.java:147) ~[spring-rabbit-3.2.3.jar:3.2.3]
	... 13 common frames omitted

2025-03-18T10:52:34.747+05:30  WARN 8620 --- [org.springframework.amqp.rabbit.RabbitListenerEndpointContainer#0-1] s.a.r.l.ConditionalRejectingErrorHandler : Execution of Rabbit message listener failed.

org.springframework.amqp.rabbit.support.ListenerExecutionFailedException: Failed to convert message
	at org.springframework.amqp.rabbit.listener.adapter.MessagingMessageListenerAdapter.onMessage(MessagingMessageListenerAdapter.java:157) ~[spring-rabbit-3.2.3.jar:3.2.3]
	at org.springframework.amqp.rabbit.listener.AbstractMessageListenerContainer.doInvokeListener(AbstractMessageListenerContainer.java:1694) ~[spring-rabbit-3.2.3.jar:3.2.3]
	at org.springframework.amqp.rabbit.listener.AbstractMessageListenerContainer.actualInvokeListener(AbstractMessageListenerContainer.java:1616) ~[spring-rabbit-3.2.3.jar:3.2.3]
	at org.springframework.amqp.rabbit.listener.AbstractMessageListenerContainer.invokeListener(AbstractMessageListenerContainer.java:1604) ~[spring-rabbit-3.2.3.jar:3.2.3]
	at org.springframework.amqp.rabbit.listener.AbstractMessageListenerContainer.doExecuteListener(AbstractMessageListenerContainer.java:1595) ~[spring-rabbit-3.2.3.jar:3.2.3]
	at org.springframework.amqp.rabbit.listener.AbstractMessageListenerContainer.executeListenerAndHandleException(AbstractMessageListenerContainer.java:1540) ~[spring-rabbit-3.2.3.jar:3.2.3]
	at org.springframework.amqp.rabbit.listener.AbstractMessageListenerContainer.lambda$executeListener$8(AbstractMessageListenerContainer.java:1518) ~[spring-rabbit-3.2.3.jar:3.2.3]
	at io.micrometer.observation.Observation.observe(Observation.java:498) ~[micrometer-observation-1.14.4.jar:1.14.4]
	at org.springframework.amqp.rabbit.listener.AbstractMessageListenerContainer.executeListener(AbstractMessageListenerContainer.java:1518) ~[spring-rabbit-3.2.3.jar:3.2.3]
	at org.springframework.amqp.rabbit.listener.SimpleMessageListenerContainer.doReceiveAndExecute(SimpleMessageListenerContainer.java:1086) ~[spring-rabbit-3.2.3.jar:3.2.3]
	at org.springframework.amqp.rabbit.listener.SimpleMessageListenerContainer.receiveAndExecute(SimpleMessageListenerContainer.java:1022) ~[spring-rabbit-3.2.3.jar:3.2.3]
	at org.springframework.amqp.rabbit.listener.SimpleMessageListenerContainer$AsyncMessageProcessingConsumer.mainLoop(SimpleMessageListenerContainer.java:1425) ~[spring-rabbit-3.2.3.jar:3.2.3]
	at org.springframework.amqp.rabbit.listener.SimpleMessageListenerContainer$AsyncMessageProcessingConsumer.run(SimpleMessageListenerContainer.java:1326) ~[spring-rabbit-3.2.3.jar:3.2.3]
	at java.base/java.lang.Thread.run(Thread.java:1570) ~[na:na]
Caused by: java.lang.SecurityException: Attempt to deserialize unauthorized class com.example.AddressBookManagement.DTO.RabbitMQMessageDTO; add allowed class name patterns to the message converter or, if you trust the message originator, set environment variable 'SPRING_AMQP_DESERIALIZATION_TRUST_ALL' or system property 'spring.amqp.deserialization.trust.all' to true
	at org.springframework.amqp.utils.SerializationUtils.checkAllowedList(SerializationUtils.java:164) ~[spring-amqp-3.2.3.jar:3.2.3]
	at org.springframework.amqp.support.converter.AllowedListDeserializingMessageConverter.checkAllowedList(AllowedListDeserializingMessageConverter.java:62) ~[spring-amqp-3.2.3.jar:3.2.3]
	at org.springframework.amqp.support.converter.SimpleMessageConverter$1.resolveClass(SimpleMessageConverter.java:160) ~[spring-amqp-3.2.3.jar:3.2.3]
	at java.base/java.io.ObjectInputStream.readNonProxyDesc(ObjectInputStream.java:2046) ~[na:na]
	at java.base/java.io.ObjectInputStream.readClassDesc(ObjectInputStream.java:1912) ~[na:na]
	at java.base/java.io.ObjectInputStream.readOrdinaryObject(ObjectInputStream.java:2237) ~[na:na]
	at java.base/java.io.ObjectInputStream.readObject0(ObjectInputStream.java:1747) ~[na:na]
	at java.base/java.io.ObjectInputStream.readObject(ObjectInputStream.java:525) ~[na:na]
	at java.base/java.io.ObjectInputStream.readObject(ObjectInputStream.java:483) ~[na:na]
	at org.springframework.amqp.utils.SerializationUtils.deserialize(SerializationUtils.java:102) ~[spring-amqp-3.2.3.jar:3.2.3]
	at org.springframework.amqp.support.converter.SimpleMessageConverter.fromMessage(SimpleMessageConverter.java:93) ~[spring-amqp-3.2.3.jar:3.2.3]
	at org.springframework.amqp.rabbit.listener.adapter.AbstractAdaptableMessageListener.extractMessage(AbstractAdaptableMessageListener.java:349) ~[spring-rabbit-3.2.3.jar:3.2.3]
	at org.springframework.amqp.rabbit.listener.adapter.MessagingMessageListenerAdapter$MessagingMessageConverterAdapter.extractPayload(MessagingMessageListenerAdapter.java:378) ~[spring-rabbit-3.2.3.jar:3.2.3]
	at org.springframework.amqp.support.converter.MessagingMessageConverter.fromMessage(MessagingMessageConverter.java:132) ~[spring-amqp-3.2.3.jar:3.2.3]
	at org.springframework.amqp.rabbit.listener.adapter.MessagingMessageListenerAdapter.toMessagingMessage(MessagingMessageListenerAdapter.java:251) ~[spring-rabbit-3.2.3.jar:3.2.3]
	at org.springframework.amqp.rabbit.listener.adapter.MessagingMessageListenerAdapter.onMessage(MessagingMessageListenerAdapter.java:147) ~[spring-rabbit-3.2.3.jar:3.2.3]
	... 13 common frames omitted

2025-03-18T10:52:34.750+05:30  WARN 8620 --- [org.springframework.amqp.rabbit.RabbitListenerEndpointContainer#0-1] s.a.r.l.ConditionalRejectingErrorHandler : Execution of Rabbit message listener failed.

org.springframework.amqp.rabbit.support.ListenerExecutionFailedException: Failed to convert message
	at org.springframework.amqp.rabbit.listener.adapter.MessagingMessageListenerAdapter.onMessage(MessagingMessageListenerAdapter.java:157) ~[spring-rabbit-3.2.3.jar:3.2.3]
	at org.springframework.amqp.rabbit.listener.AbstractMessageListenerContainer.doInvokeListener(AbstractMessageListenerContainer.java:1694) ~[spring-rabbit-3.2.3.jar:3.2.3]
	at org.springframework.amqp.rabbit.listener.AbstractMessageListenerContainer.actualInvokeListener(AbstractMessageListenerContainer.java:1616) ~[spring-rabbit-3.2.3.jar:3.2.3]
	at org.springframework.amqp.rabbit.listener.AbstractMessageListenerContainer.invokeListener(AbstractMessageListenerContainer.java:1604) ~[spring-rabbit-3.2.3.jar:3.2.3]
	at org.springframework.amqp.rabbit.listener.AbstractMessageListenerContainer.doExecuteListener(AbstractMessageListenerContainer.java:1595) ~[spring-rabbit-3.2.3.jar:3.2.3]
	at org.springframework.amqp.rabbit.listener.AbstractMessageListenerContainer.executeListenerAndHandleException(AbstractMessageListenerContainer.java:1540) ~[spring-rabbit-3.2.3.jar:3.2.3]
	at org.springframework.amqp.rabbit.listener.AbstractMessageListenerContainer.lambda$executeListener$8(AbstractMessageListenerContainer.java:1518) ~[spring-rabbit-3.2.3.jar:3.2.3]
	at io.micrometer.observation.Observation.observe(Observation.java:498) ~[micrometer-observation-1.14.4.jar:1.14.4]
	at org.springframework.amqp.rabbit.listener.AbstractMessageListenerContainer.executeListener(AbstractMessageListenerContainer.java:1518) ~[spring-rabbit-3.2.3.jar:3.2.3]
	at org.springframework.amqp.rabbit.listener.SimpleMessageListenerContainer.doReceiveAndExecute(SimpleMessageListenerContainer.java:1086) ~[spring-rabbit-3.2.3.jar:3.2.3]
	at org.springframework.amqp.rabbit.listener.SimpleMessageListenerContainer.receiveAndExecute(SimpleMessageListenerContainer.java:1022) ~[spring-rabbit-3.2.3.jar:3.2.3]
	at org.springframework.amqp.rabbit.listener.SimpleMessageListenerContainer$AsyncMessageProcessingConsumer.mainLoop(SimpleMessageListenerContainer.java:1425) ~[spring-rabbit-3.2.3.jar:3.2.3]
	at org.springframework.amqp.rabbit.listener.SimpleMessageListenerContainer$AsyncMessageProcessingConsumer.run(SimpleMessageListenerContainer.java:1326) ~[spring-rabbit-3.2.3.jar:3.2.3]
	at java.base/java.lang.Thread.run(Thread.java:1570) ~[na:na]
Caused by: java.lang.SecurityException: Attempt to deserialize unauthorized class com.example.AddressBookManagement.DTO.RabbitMQMessageDTO; add allowed class name patterns to the message converter or, if you trust the message originator, set environment variable 'SPRING_AMQP_DESERIALIZATION_TRUST_ALL' or system property 'spring.amqp.deserialization.trust.all' to true
	at org.springframework.amqp.utils.SerializationUtils.checkAllowedList(SerializationUtils.java:164) ~[spring-amqp-3.2.3.jar:3.2.3]
	at org.springframework.amqp.support.converter.AllowedListDeserializingMessageConverter.checkAllowedList(AllowedListDeserializingMessageConverter.java:62) ~[spring-amqp-3.2.3.jar:3.2.3]
	at org.springframework.amqp.support.converter.SimpleMessageConverter$1.resolveClass(SimpleMessageConverter.java:160) ~[spring-amqp-3.2.3.jar:3.2.3]
	at java.base/java.io.ObjectInputStream.readNonProxyDesc(ObjectInputStream.java:2046) ~[na:na]
	at java.base/java.io.ObjectInputStream.readClassDesc(ObjectInputStream.java:1912) ~[na:na]
	at java.base/java.io.ObjectInputStream.readOrdinaryObject(ObjectInputStream.java:2237) ~[na:na]
	at java.base/java.io.ObjectInputStream.readObject0(ObjectInputStream.java:1747) ~[na:na]
	at java.base/java.io.ObjectInputStream.readObject(ObjectInputStream.java:525) ~[na:na]
	at java.base/java.io.ObjectInputStream.readObject(ObjectInputStream.java:483) ~[na:na]
	at org.springframework.amqp.utils.SerializationUtils.deserialize(SerializationUtils.java:102) ~[spring-amqp-3.2.3.jar:3.2.3]
	at org.springframework.amqp.support.converter.SimpleMessageConverter.fromMessage(SimpleMessageConverter.java:93) ~[spring-amqp-3.2.3.jar:3.2.3]
	at org.springframework.amqp.rabbit.listener.adapter.AbstractAdaptableMessageListener.extractMessage(AbstractAdaptableMessageListener.java:349) ~[spring-rabbit-3.2.3.jar:3.2.3]
	at org.springframework.amqp.rabbit.listener.adapter.MessagingMessageListenerAdapter$MessagingMessageConverterAdapter.extractPayload(MessagingMessageListenerAdapter.java:378) ~[spring-rabbit-3.2.3.jar:3.2.3]
	at org.springframework.amqp.support.converter.MessagingMessageConverter.fromMessage(MessagingMessageConverter.java:132) ~[spring-amqp-3.2.3.jar:3.2.3]
	at org.springframework.amqp.rabbit.listener.adapter.MessagingMessageListenerAdapter.toMessagingMessage(MessagingMessageListenerAdapter.java:251) ~[spring-rabbit-3.2.3.jar:3.2.3]
	at org.springframework.amqp.rabbit.listener.adapter.MessagingMessageListenerAdapter.onMessage(MessagingMessageListenerAdapter.java:147) ~[spring-rabbit-3.2.3.jar:3.2.3]
	... 13 common frames omitted

2025-03-18T10:52:34.754+05:30  WARN 8620 --- [org.springframework.amqp.rabbit.RabbitListenerEndpointContainer#0-1] s.a.r.l.ConditionalRejectingErrorHandler : Execution of Rabbit message listener failed.

org.springframework.amqp.rabbit.support.ListenerExecutionFailedException: Failed to convert message
	at org.springframework.amqp.rabbit.listener.adapter.MessagingMessageListenerAdapter.onMessage(MessagingMessageListenerAdapter.java:157) ~[spring-rabbit-3.2.3.jar:3.2.3]
	at org.springframework.amqp.rabbit.listener.AbstractMessageListenerContainer.doInvokeListener(AbstractMessageListenerContainer.java:1694) ~[spring-rabbit-3.2.3.jar:3.2.3]
	at org.springframework.amqp.rabbit.listener.AbstractMessageListenerContainer.actualInvokeListener(AbstractMessageListenerContainer.java:1616) ~[spring-rabbit-3.2.3.jar:3.2.3]
	at org.springframework.amqp.rabbit.listener.AbstractMessageListenerContainer.invokeListener(AbstractMessageListenerContainer.java:1604) ~[spring-rabbit-3.2.3.jar:3.2.3]
	at org.springframework.amqp.rabbit.listener.AbstractMessageListenerContainer.doExecuteListener(AbstractMessageListenerContainer.java:1595) ~[spring-rabbit-3.2.3.jar:3.2.3]
	at org.springframework.amqp.rabbit.listener.AbstractMessageListenerContainer.executeListenerAndHandleException(AbstractMessageListenerContainer.java:1540) ~[spring-rabbit-3.2.3.jar:3.2.3]
	at org.springframework.amqp.rabbit.listener.AbstractMessageListenerContainer.lambda$executeListener$8(AbstractMessageListenerContainer.java:1518) ~[spring-rabbit-3.2.3.jar:3.2.3]
	at io.micrometer.observation.Observation.observe(Observation.java:498) ~[micrometer-observation-1.14.4.jar:1.14.4]
	at org.springframework.amqp.rabbit.listener.AbstractMessageListenerContainer.executeListener(AbstractMessageListenerContainer.java:1518) ~[spring-rabbit-3.2.3.jar:3.2.3]
	at org.springframework.amqp.rabbit.listener.SimpleMessageListenerContainer.doReceiveAndExecute(SimpleMessageListenerContainer.java:1086) ~[spring-rabbit-3.2.3.jar:3.2.3]
	at org.springframework.amqp.rabbit.listener.SimpleMessageListenerContainer.receiveAndExecute(SimpleMessageListenerContainer.java:1022) ~[spring-rabbit-3.2.3.jar:3.2.3]
	at org.springframework.amqp.rabbit.listener.SimpleMessageListenerContainer$AsyncMessageProcessingConsumer.mainLoop(SimpleMessageListenerContainer.java:1425) ~[spring-rabbit-3.2.3.jar:3.2.3]
	at org.springframework.amqp.rabbit.listener.SimpleMessageListenerContainer$AsyncMessageProcessingConsumer.run(SimpleMessageListenerContainer.java:1326) ~[spring-rabbit-3.2.3.jar:3.2.3]
	at java.base/java.lang.Thread.run(Thread.java:1570) ~[na:na]
Caused by: java.lang.SecurityException: Attempt to deserialize unauthorized class com.example.AddressBookManagement.DTO.RabbitMQMessageDTO; add allowed class name patterns to the message converter or, if you trust the message originator, set environment variable 'SPRING_AMQP_DESERIALIZATION_TRUST_ALL' or system property 'spring.amqp.deserialization.trust.all' to true
	at org.springframework.amqp.utils.SerializationUtils.checkAllowedList(SerializationUtils.java:164) ~[spring-amqp-3.2.3.jar:3.2.3]
	at org.springframework.amqp.support.converter.AllowedListDeserializingMessageConverter.checkAllowedList(AllowedListDeserializingMessageConverter.java:62) ~[spring-amqp-3.2.3.jar:3.2.3]
	at org.springframework.amqp.support.converter.SimpleMessageConverter$1.resolveClass(SimpleMessageConverter.java:160) ~[spring-amqp-3.2.3.jar:3.2.3]
	at java.base/java.io.ObjectInputStream.readNonProxyDesc(ObjectInputStream.java:2046) ~[na:na]
	at java.base/java.io.ObjectInputStream.readClassDesc(ObjectInputStream.java:1912) ~[na:na]
	at java.base/java.io.ObjectInputStream.readOrdinaryObject(ObjectInputStream.java:2237) ~[na:na]
	at java.base/java.io.ObjectInputStream.readObject0(ObjectInputStream.java:1747) ~[na:na]
	at java.base/java.io.ObjectInputStream.readObject(ObjectInputStream.java:525) ~[na:na]
	at java.base/java.io.ObjectInputStream.readObject(ObjectInputStream.java:483) ~[na:na]
	at org.springframework.amqp.utils.SerializationUtils.deserialize(SerializationUtils.java:102) ~[spring-amqp-3.2.3.jar:3.2.3]
	at org.springframework.amqp.support.converter.SimpleMessageConverter.fromMessage(SimpleMessageConverter.java:93) ~[spring-amqp-3.2.3.jar:3.2.3]
	at org.springframework.amqp.rabbit.listener.adapter.AbstractAdaptableMessageListener.extractMessage(AbstractAdaptableMessageListener.java:349) ~[spring-rabbit-3.2.3.jar:3.2.3]
	at org.springframework.amqp.rabbit.listener.adapter.MessagingMessageListenerAdapter$MessagingMessageConverterAdapter.extractPayload(MessagingMessageListenerAdapter.java:378) ~[spring-rabbit-3.2.3.jar:3.2.3]
	at org.springframework.amqp.support.converter.MessagingMessageConverter.fromMessage(MessagingMessageConverter.java:132) ~[spring-amqp-3.2.3.jar:3.2.3]
	at org.springframework.amqp.rabbit.listener.adapter.MessagingMessageListenerAdapter.toMessagingMessage(MessagingMessageListenerAdapter.java:251) ~[spring-rabbit-3.2.3.jar:3.2.3]
	at org.springframework.amqp.rabbit.listener.adapter.MessagingMessageListenerAdapter.onMessage(MessagingMessageListenerAdapter.java:147) ~[spring-rabbit-3.2.3.jar:3.2.3]
	... 13 common frames omitted

2025-03-18T10:52:34.756+05:30  WARN 8620 --- [org.springframework.amqp.rabbit.RabbitListenerEndpointContainer#0-1] s.a.r.l.ConditionalRejectingErrorHandler : Execution of Rabbit message listener failed.

org.springframework.amqp.rabbit.support.ListenerExecutionFailedException: Failed to convert message
	at org.springframework.amqp.rabbit.listener.adapter.MessagingMessageListenerAdapter.onMessage(MessagingMessageListenerAdapter.java:157) ~[spring-rabbit-3.2.3.jar:3.2.3]
	at org.springframework.amqp.rabbit.listener.AbstractMessageListenerContainer.doInvokeListener(AbstractMessageListenerContainer.java:1694) ~[spring-rabbit-3.2.3.jar:3.2.3]
	at org.springframework.amqp.rabbit.listener.AbstractMessageListenerContainer.actualInvokeListener(AbstractMessageListenerContainer.java:1616) ~[spring-rabbit-3.2.3.jar:3.2.3]
	at org.springframework.amqp.rabbit.listener.AbstractMessageListenerContainer.invokeListener(AbstractMessageListenerContainer.java:1604) ~[spring-rabbit-3.2.3.jar:3.2.3]
	at org.springframework.amqp.rabbit.listener.AbstractMessageListenerContainer.doExecuteListener(AbstractMessageListenerContainer.java:1595) ~[spring-rabbit-3.2.3.jar:3.2.3]
	at org.springframework.amqp.rabbit.listener.AbstractMessageListenerContainer.executeListenerAndHandleException(AbstractMessageListenerContainer.java:1540) ~[spring-rabbit-3.2.3.jar:3.2.3]
	at org.springframework.amqp.rabbit.listener.AbstractMessageListenerContainer.lambda$executeListener$8(AbstractMessageListenerContainer.java:1518) ~[spring-rabbit-3.2.3.jar:3.2.3]
	at io.micrometer.observation.Observation.observe(Observation.java:498) ~[micrometer-observation-1.14.4.jar:1.14.4]
	at org.springframework.amqp.rabbit.listener.AbstractMessageListenerContainer.executeListener(AbstractMessageListenerContainer.java:1518) ~[spring-rabbit-3.2.3.jar:3.2.3]
	at org.springframework.amqp.rabbit.listener.SimpleMessageListenerContainer.doReceiveAndExecute(SimpleMessageListenerContainer.java:1086) ~[spring-rabbit-3.2.3.jar:3.2.3]
	at org.springframework.amqp.rabbit.listener.SimpleMessageListenerContainer.receiveAndExecute(SimpleMessageListenerContainer.java:1022) ~[spring-rabbit-3.2.3.jar:3.2.3]
	at org.springframework.amqp.rabbit.listener.SimpleMessageListenerContainer$AsyncMessageProcessingConsumer.mainLoop(SimpleMessageListenerContainer.java:1425) ~[spring-rabbit-3.2.3.jar:3.2.3]
	at org.springframework.amqp.rabbit.listener.SimpleMessageListenerContainer$AsyncMessageProcessingConsumer.run(SimpleMessageListenerContainer.java:1326) ~[spring-rabbit-3.2.3.jar:3.2.3]
	at java.base/java.lang.Thread.run(Thread.java:1570) ~[na:na]
Caused by: java.lang.SecurityException: Attempt to deserialize unauthorized class com.example.AddressBookManagement.DTO.RabbitMQMessageDTO; add allowed class name patterns to the message converter or, if you trust the message originator, set environment variable 'SPRING_AMQP_DESERIALIZATION_TRUST_ALL' or system property 'spring.amqp.deserialization.trust.all' to true
	at org.springframework.amqp.utils.SerializationUtils.checkAllowedList(SerializationUtils.java:164) ~[spring-amqp-3.2.3.jar:3.2.3]
	at org.springframework.amqp.support.converter.AllowedListDeserializingMessageConverter.checkAllowedList(AllowedListDeserializingMessageConverter.java:62) ~[spring-amqp-3.2.3.jar:3.2.3]
	at org.springframework.amqp.support.converter.SimpleMessageConverter$1.resolveClass(SimpleMessageConverter.java:160) ~[spring-amqp-3.2.3.jar:3.2.3]
	at java.base/java.io.ObjectInputStream.readNonProxyDesc(ObjectInputStream.java:2046) ~[na:na]
	at java.base/java.io.ObjectInputStream.readClassDesc(ObjectInputStream.java:1912) ~[na:na]
	at java.base/java.io.ObjectInputStream.readOrdinaryObject(ObjectInputStream.java:2237) ~[na:na]
	at java.base/java.io.ObjectInputStream.readObject0(ObjectInputStream.java:1747) ~[na:na]
	at java.base/java.io.ObjectInputStream.readObject(ObjectInputStream.java:525) ~[na:na]
	at java.base/java.io.ObjectInputStream.readObject(ObjectInputStream.java:483) ~[na:na]
	at org.springframework.amqp.utils.SerializationUtils.deserialize(SerializationUtils.java:102) ~[spring-amqp-3.2.3.jar:3.2.3]
	at org.springframework.amqp.support.converter.SimpleMessageConverter.fromMessage(SimpleMessageConverter.java:93) ~[spring-amqp-3.2.3.jar:3.2.3]
	at org.springframework.amqp.rabbit.listener.adapter.AbstractAdaptableMessageListener.extractMessage(AbstractAdaptableMessageListener.java:349) ~[spring-rabbit-3.2.3.jar:3.2.3]
	at org.springframework.amqp.rabbit.listener.adapter.MessagingMessageListenerAdapter$MessagingMessageConverterAdapter.extractPayload(MessagingMessageListenerAdapter.java:378) ~[spring-rabbit-3.2.3.jar:3.2.3]
	at org.springframework.amqp.support.converter.MessagingMessageConverter.fromMessage(MessagingMessageConverter.java:132) ~[spring-amqp-3.2.3.jar:3.2.3]
	at org.springframework.amqp.rabbit.listener.adapter.MessagingMessageListenerAdapter.toMessagingMessage(MessagingMessageListenerAdapter.java:251) ~[spring-rabbit-3.2.3.jar:3.2.3]
	at org.springframework.amqp.rabbit.listener.adapter.MessagingMessageListenerAdapter.onMessage(MessagingMessageListenerAdapter.java:147) ~[spring-rabbit-3.2.3.jar:3.2.3]
	... 13 common frames omitted

2025-03-18T10:52:34.759+05:30  WARN 8620 --- [org.springframework.amqp.rabbit.RabbitListenerEndpointContainer#0-1] s.a.r.l.ConditionalRejectingErrorHandler : Execution of Rabbit message listener failed.

org.springframework.amqp.rabbit.support.ListenerExecutionFailedException: Failed to convert message
	at org.springframework.amqp.rabbit.listener.adapter.MessagingMessageListenerAdapter.onMessage(MessagingMessageListenerAdapter.java:157) ~[spring-rabbit-3.2.3.jar:3.2.3]
	at org.springframework.amqp.rabbit.listener.AbstractMessageListenerContainer.doInvokeListener(AbstractMessageListenerContainer.java:1694) ~[spring-rabbit-3.2.3.jar:3.2.3]
	at org.springframework.amqp.rabbit.listener.AbstractMessageListenerContainer.actualInvokeListener(AbstractMessageListenerContainer.java:1616) ~[spring-rabbit-3.2.3.jar:3.2.3]
	at org.springframework.amqp.rabbit.listener.AbstractMessageListenerContainer.invokeListener(AbstractMessageListenerContainer.java:1604) ~[spring-rabbit-3.2.3.jar:3.2.3]
	at org.springframework.amqp.rabbit.listener.AbstractMessageListenerContainer.doExecuteListener(AbstractMessageListenerContainer.java:1595) ~[spring-rabbit-3.2.3.jar:3.2.3]
	at org.springframework.amqp.rabbit.listener.AbstractMessageListenerContainer.executeListenerAndHandleException(AbstractMessageListenerContainer.java:1540) ~[spring-rabbit-3.2.3.jar:3.2.3]
	at org.springframework.amqp.rabbit.listener.AbstractMessageListenerContainer.lambda$executeListener$8(AbstractMessageListenerContainer.java:1518) ~[spring-rabbit-3.2.3.jar:3.2.3]
	at io.micrometer.observation.Observation.observe(Observation.java:498) ~[micrometer-observation-1.14.4.jar:1.14.4]
	at org.springframework.amqp.rabbit.listener.AbstractMessageListenerContainer.executeListener(AbstractMessageListenerContainer.java:1518) ~[spring-rabbit-3.2.3.jar:3.2.3]
	at org.springframework.amqp.rabbit.listener.SimpleMessageListenerContainer.doReceiveAndExecute(SimpleMessageListenerContainer.java:1086) ~[spring-rabbit-3.2.3.jar:3.2.3]
	at org.springframework.amqp.rabbit.listener.SimpleMessageListenerContainer.receiveAndExecute(SimpleMessageListenerContainer.java:1022) ~[spring-rabbit-3.2.3.jar:3.2.3]
	at org.springframework.amqp.rabbit.listener.SimpleMessageListenerContainer$AsyncMessageProcessingConsumer.mainLoop(SimpleMessageListenerContainer.java:1425) ~[spring-rabbit-3.2.3.jar:3.2.3]
	at org.springframework.amqp.rabbit.listener.SimpleMessageListenerContainer$AsyncMessageProcessingConsumer.run(SimpleMessageListenerContainer.java:1326) ~[spring-rabbit-3.2.3.jar:3.2.3]
	at java.base/java.lang.Thread.run(Thread.java:1570) ~[na:na]
Caused by: java.lang.SecurityException: Attempt to deserialize unauthorized class com.example.AddressBookManagement.DTO.RabbitMQMessageDTO; add allowed class name patterns to the message converter or, if you trust the message originator, set environment variable 'SPRING_AMQP_DESERIALIZATION_TRUST_ALL' or system property 'spring.amqp.deserialization.trust.all' to true
	at org.springframework.amqp.utils.SerializationUtils.checkAllowedList(SerializationUtils.java:164) ~[spring-amqp-3.2.3.jar:3.2.3]
	at org.springframework.amqp.support.converter.AllowedListDeserializingMessageConverter.checkAllowedList(AllowedListDeserializingMessageConverter.java:62) ~[spring-amqp-3.2.3.jar:3.2.3]
	at org.springframework.amqp.support.converter.SimpleMessageConverter$1.resolveClass(SimpleMessageConverter.java:160) ~[spring-amqp-3.2.3.jar:3.2.3]
	at java.base/java.io.ObjectInputStream.readNonProxyDesc(ObjectInputStream.java:2046) ~[na:na]
	at java.base/java.io.ObjectInputStream.readClassDesc(ObjectInputStream.java:1912) ~[na:na]
	at java.base/java.io.ObjectInputStream.readOrdinaryObject(ObjectInputStream.java:2237) ~[na:na]
	at java.base/java.io.ObjectInputStream.readObject0(ObjectInputStream.java:1747) ~[na:na]
	at java.base/java.io.ObjectInputStream.readObject(ObjectInputStream.java:525) ~[na:na]
	at java.base/java.io.ObjectInputStream.readObject(ObjectInputStream.java:483) ~[na:na]
	at org.springframework.amqp.utils.SerializationUtils.deserialize(SerializationUtils.java:102) ~[spring-amqp-3.2.3.jar:3.2.3]
	at org.springframework.amqp.support.converter.SimpleMessageConverter.fromMessage(SimpleMessageConverter.java:93) ~[spring-amqp-3.2.3.jar:3.2.3]
	at org.springframework.amqp.rabbit.listener.adapter.AbstractAdaptableMessageListener.extractMessage(AbstractAdaptableMessageListener.java:349) ~[spring-rabbit-3.2.3.jar:3.2.3]
	at org.springframework.amqp.rabbit.listener.adapter.MessagingMessageListenerAdapter$MessagingMessageConverterAdapter.extractPayload(MessagingMessageListenerAdapter.java:378) ~[spring-rabbit-3.2.3.jar:3.2.3]
	at org.springframework.amqp.support.converter.MessagingMessageConverter.fromMessage(MessagingMessageConverter.java:132) ~[spring-amqp-3.2.3.jar:3.2.3]
	at org.springframework.amqp.rabbit.listener.adapter.MessagingMessageListenerAdapter.toMessagingMessage(MessagingMessageListenerAdapter.java:251) ~[spring-rabbit-3.2.3.jar:3.2.3]
	at org.springframework.amqp.rabbit.listener.adapter.MessagingMessageListenerAdapter.onMessage(MessagingMessageListenerAdapter.java:147) ~[spring-rabbit-3.2.3.jar:3.2.3]
	... 13 common frames omitted

2025-03-18T10:52:34.763+05:30  WARN 8620 --- [org.springframework.amqp.rabbit.RabbitListenerEndpointContainer#0-1] s.a.r.l.ConditionalRejectingErrorHandler : Execution of Rabbit message listener failed.

org.springframework.amqp.rabbit.support.ListenerExecutionFailedException: Failed to convert message
	at org.springframework.amqp.rabbit.listener.adapter.MessagingMessageListenerAdapter.onMessage(MessagingMessageListenerAdapter.java:157) ~[spring-rabbit-3.2.3.jar:3.2.3]
	at org.springframework.amqp.rabbit.listener.AbstractMessageListenerContainer.doInvokeListener(AbstractMessageListenerContainer.java:1694) ~[spring-rabbit-3.2.3.jar:3.2.3]
	at org.springframework.amqp.rabbit.listener.AbstractMessageListenerContainer.actualInvokeListener(AbstractMessageListenerContainer.java:1616) ~[spring-rabbit-3.2.3.jar:3.2.3]
	at org.springframework.amqp.rabbit.listener.AbstractMessageListenerContainer.invokeListener(AbstractMessageListenerContainer.java:1604) ~[spring-rabbit-3.2.3.jar:3.2.3]
	at org.springframework.amqp.rabbit.listener.AbstractMessageListenerContainer.doExecuteListener(AbstractMessageListenerContainer.java:1595) ~[spring-rabbit-3.2.3.jar:3.2.3]
	at org.springframework.amqp.rabbit.listener.AbstractMessageListenerContainer.executeListenerAndHandleException(AbstractMessageListenerContainer.java:1540) ~[spring-rabbit-3.2.3.jar:3.2.3]
	at org.springframework.amqp.rabbit.listener.AbstractMessageListenerContainer.lambda$executeListener$8(AbstractMessageListenerContainer.java:1518) ~[spring-rabbit-3.2.3.jar:3.2.3]
	at io.micrometer.observation.Observation.observe(Observation.java:498) ~[micrometer-observation-1.14.4.jar:1.14.4]
	at org.springframework.amqp.rabbit.listener.AbstractMessageListenerContainer.executeListener(AbstractMessageListenerContainer.java:1518) ~[spring-rabbit-3.2.3.jar:3.2.3]
	at org.springframework.amqp.rabbit.listener.SimpleMessageListenerContainer.doReceiveAndExecute(SimpleMessageListenerContainer.java:1086) ~[spring-rabbit-3.2.3.jar:3.2.3]
	at org.springframework.amqp.rabbit.listener.SimpleMessageListenerContainer.receiveAndExecute(SimpleMessageListenerContainer.java:1022) ~[spring-rabbit-3.2.3.jar:3.2.3]
	at org.springframework.amqp.rabbit.listener.SimpleMessageListenerContainer$AsyncMessageProcessingConsumer.mainLoop(SimpleMessageListenerContainer.java:1425) ~[spring-rabbit-3.2.3.jar:3.2.3]
	at org.springframework.amqp.rabbit.listener.SimpleMessageListenerContainer$AsyncMessageProcessingConsumer.run(SimpleMessageListenerContainer.java:1326) ~[spring-rabbit-3.2.3.jar:3.2.3]
	at java.base/java.lang.Thread.run(Thread.java:1570) ~[na:na]
Caused by: java.lang.SecurityException: Attempt to deserialize unauthorized class com.example.AddressBookManagement.DTO.RabbitMQMessageDTO; add allowed class name patterns to the message converter or, if you trust the message originator, set environment variable 'SPRING_AMQP_DESERIALIZATION_TRUST_ALL' or system property 'spring.amqp.deserialization.trust.all' to true
	at org.springframework.amqp.utils.SerializationUtils.checkAllowedList(SerializationUtils.java:164) ~[spring-amqp-3.2.3.jar:3.2.3]
	at org.springframework.amqp.support.converter.AllowedListDeserializingMessageConverter.checkAllowedList(AllowedListDeserializingMessageConverter.java:62) ~[spring-amqp-3.2.3.jar:3.2.3]
	at org.springframework.amqp.support.converter.SimpleMessageConverter$1.resolveClass(SimpleMessageConverter.java:160) ~[spring-amqp-3.2.3.jar:3.2.3]
	at java.base/java.io.ObjectInputStream.readNonProxyDesc(ObjectInputStream.java:2046) ~[na:na]
	at java.base/java.io.ObjectInputStream.readClassDesc(ObjectInputStream.java:1912) ~[na:na]
	at java.base/java.io.ObjectInputStream.readOrdinaryObject(ObjectInputStream.java:2237) ~[na:na]
	at java.base/java.io.ObjectInputStream.readObject0(ObjectInputStream.java:1747) ~[na:na]
	at java.base/java.io.ObjectInputStream.readObject(ObjectInputStream.java:525) ~[na:na]
	at java.base/java.io.ObjectInputStream.readObject(ObjectInputStream.java:483) ~[na:na]
	at org.springframework.amqp.utils.SerializationUtils.deserialize(SerializationUtils.java:102) ~[spring-amqp-3.2.3.jar:3.2.3]
	at org.springframework.amqp.support.converter.SimpleMessageConverter.fromMessage(SimpleMessageConverter.java:93) ~[spring-amqp-3.2.3.jar:3.2.3]
	at org.springframework.amqp.rabbit.listener.adapter.AbstractAdaptableMessageListener.extractMessage(AbstractAdaptableMessageListener.java:349) ~[spring-rabbit-3.2.3.jar:3.2.3]
	at org.springframework.amqp.rabbit.listener.adapter.MessagingMessageListenerAdapter$MessagingMessageConverterAdapter.extractPayload(MessagingMessageListenerAdapter.java:378) ~[spring-rabbit-3.2.3.jar:3.2.3]
	at org.springframework.amqp.support.converter.MessagingMessageConverter.fromMessage(MessagingMessageConverter.java:132) ~[spring-amqp-3.2.3.jar:3.2.3]
	at org.springframework.amqp.rabbit.listener.adapter.MessagingMessageListenerAdapter.toMessagingMessage(MessagingMessageListenerAdapter.java:251) ~[spring-rabbit-3.2.3.jar:3.2.3]
	at org.springframework.amqp.rabbit.listener.adapter.MessagingMessageListenerAdapter.onMessage(MessagingMessageListenerAdapter.java:147) ~[spring-rabbit-3.2.3.jar:3.2.3]
	... 13 common frames omitted

2025-03-18T10:52:34.766+05:30  WARN 8620 --- [org.springframework.amqp.rabbit.RabbitListenerEndpointContainer#0-1] s.a.r.l.ConditionalRejectingErrorHandler : Execution of Rabbit message listener failed.

org.springframework.amqp.rabbit.support.ListenerExecutionFailedException: Failed to convert message
	at org.springframework.amqp.rabbit.listener.adapter.MessagingMessageListenerAdapter.onMessage(MessagingMessageListenerAdapter.java:157) ~[spring-rabbit-3.2.3.jar:3.2.3]
	at org.springframework.amqp.rabbit.listener.AbstractMessageListenerContainer.doInvokeListener(AbstractMessageListenerContainer.java:1694) ~[spring-rabbit-3.2.3.jar:3.2.3]
	at org.springframework.amqp.rabbit.listener.AbstractMessageListenerContainer.actualInvokeListener(AbstractMessageListenerContainer.java:1616) ~[spring-rabbit-3.2.3.jar:3.2.3]
	at org.springframework.amqp.rabbit.listener.AbstractMessageListenerContainer.invokeListener(AbstractMessageListenerContainer.java:1604) ~[spring-rabbit-3.2.3.jar:3.2.3]
	at org.springframework.amqp.rabbit.listener.AbstractMessageListenerContainer.doExecuteListener(AbstractMessageListenerContainer.java:1595) ~[spring-rabbit-3.2.3.jar:3.2.3]
	at org.springframework.amqp.rabbit.listener.AbstractMessageListenerContainer.executeListenerAndHandleException(AbstractMessageListenerContainer.java:1540) ~[spring-rabbit-3.2.3.jar:3.2.3]
	at org.springframework.amqp.rabbit.listener.AbstractMessageListenerContainer.lambda$executeListener$8(AbstractMessageListenerContainer.java:1518) ~[spring-rabbit-3.2.3.jar:3.2.3]
	at io.micrometer.observation.Observation.observe(Observation.java:498) ~[micrometer-observation-1.14.4.jar:1.14.4]
	at org.springframework.amqp.rabbit.listener.AbstractMessageListenerContainer.executeListener(AbstractMessageListenerContainer.java:1518) ~[spring-rabbit-3.2.3.jar:3.2.3]
	at org.springframework.amqp.rabbit.listener.SimpleMessageListenerContainer.doReceiveAndExecute(SimpleMessageListenerContainer.java:1086) ~[spring-rabbit-3.2.3.jar:3.2.3]
	at org.springframework.amqp.rabbit.listener.SimpleMessageListenerContainer.receiveAndExecute(SimpleMessageListenerContainer.java:1022) ~[spring-rabbit-3.2.3.jar:3.2.3]
	at org.springframework.amqp.rabbit.listener.SimpleMessageListenerContainer$AsyncMessageProcessingConsumer.mainLoop(SimpleMessageListenerContainer.java:1425) ~[spring-rabbit-3.2.3.jar:3.2.3]
	at org.springframework.amqp.rabbit.listener.SimpleMessageListenerContainer$AsyncMessageProcessingConsumer.run(SimpleMessageListenerContainer.java:1326) ~[spring-rabbit-3.2.3.jar:3.2.3]
	at java.base/java.lang.Thread.run(Thread.java:1570) ~[na:na]
Caused by: java.lang.SecurityException: Attempt to deserialize unauthorized class com.example.AddressBookManagement.DTO.RabbitMQMessageDTO; add allowed class name patterns to the message converter or, if you trust the message originator, set environment variable 'SPRING_AMQP_DESERIALIZATION_TRUST_ALL' or system property 'spring.amqp.deserialization.trust.all' to true
	at org.springframework.amqp.utils.SerializationUtils.checkAllowedList(SerializationUtils.java:164) ~[spring-amqp-3.2.3.jar:3.2.3]
	at org.springframework.amqp.support.converter.AllowedListDeserializingMessageConverter.checkAllowedList(AllowedListDeserializingMessageConverter.java:62) ~[spring-amqp-3.2.3.jar:3.2.3]
	at org.springframework.amqp.support.converter.SimpleMessageConverter$1.resolveClass(SimpleMessageConverter.java:160) ~[spring-amqp-3.2.3.jar:3.2.3]
	at java.base/java.io.ObjectInputStream.readNonProxyDesc(ObjectInputStream.java:2046) ~[na:na]
	at java.base/java.io.ObjectInputStream.readClassDesc(ObjectInputStream.java:1912) ~[na:na]
	at java.base/java.io.ObjectInputStream.readOrdinaryObject(ObjectInputStream.java:2237) ~[na:na]
	at java.base/java.io.ObjectInputStream.readObject0(ObjectInputStream.java:1747) ~[na:na]
	at java.base/java.io.ObjectInputStream.readObject(ObjectInputStream.java:525) ~[na:na]
	at java.base/java.io.ObjectInputStream.readObject(ObjectInputStream.java:483) ~[na:na]
	at org.springframework.amqp.utils.SerializationUtils.deserialize(SerializationUtils.java:102) ~[spring-amqp-3.2.3.jar:3.2.3]
	at org.springframework.amqp.support.converter.SimpleMessageConverter.fromMessage(SimpleMessageConverter.java:93) ~[spring-amqp-3.2.3.jar:3.2.3]
	at org.springframework.amqp.rabbit.listener.adapter.AbstractAdaptableMessageListener.extractMessage(AbstractAdaptableMessageListener.java:349) ~[spring-rabbit-3.2.3.jar:3.2.3]
	at org.springframework.amqp.rabbit.listener.adapter.MessagingMessageListenerAdapter$MessagingMessageConverterAdapter.extractPayload(MessagingMessageListenerAdapter.java:378) ~[spring-rabbit-3.2.3.jar:3.2.3]
	at org.springframework.amqp.support.converter.MessagingMessageConverter.fromMessage(MessagingMessageConverter.java:132) ~[spring-amqp-3.2.3.jar:3.2.3]
	at org.springframework.amqp.rabbit.listener.adapter.MessagingMessageListenerAdapter.toMessagingMessage(MessagingMessageListenerAdapter.java:251) ~[spring-rabbit-3.2.3.jar:3.2.3]
	at org.springframework.amqp.rabbit.listener.adapter.MessagingMessageListenerAdapter.onMessage(MessagingMessageListenerAdapter.java:147) ~[spring-rabbit-3.2.3.jar:3.2.3]
	... 13 common frames omitted

2025-03-18T10:52:34.768+05:30  WARN 8620 --- [org.springframework.amqp.rabbit.RabbitListenerEndpointContainer#0-1] s.a.r.l.ConditionalRejectingErrorHandler : Execution of Rabbit message listener failed.

org.springframework.amqp.rabbit.support.ListenerExecutionFailedException: Failed to convert message
	at org.springframework.amqp.rabbit.listener.adapter.MessagingMessageListenerAdapter.onMessage(MessagingMessageListenerAdapter.java:157) ~[spring-rabbit-3.2.3.jar:3.2.3]
	at org.springframework.amqp.rabbit.listener.AbstractMessageListenerContainer.doInvokeListener(AbstractMessageListenerContainer.java:1694) ~[spring-rabbit-3.2.3.jar:3.2.3]
	at org.springframework.amqp.rabbit.listener.AbstractMessageListenerContainer.actualInvokeListener(AbstractMessageListenerContainer.java:1616) ~[spring-rabbit-3.2.3.jar:3.2.3]
	at org.springframework.amqp.rabbit.listener.AbstractMessageListenerContainer.invokeListener(AbstractMessageListenerContainer.java:1604) ~[spring-rabbit-3.2.3.jar:3.2.3]
	at org.springframework.amqp.rabbit.listener.AbstractMessageListenerContainer.doExecuteListener(AbstractMessageListenerContainer.java:1595) ~[spring-rabbit-3.2.3.jar:3.2.3]
	at org.springframework.amqp.rabbit.listener.AbstractMessageListenerContainer.executeListenerAndHandleException(AbstractMessageListenerContainer.java:1540) ~[spring-rabbit-3.2.3.jar:3.2.3]
	at org.springframework.amqp.rabbit.listener.AbstractMessageListenerContainer.lambda$executeListener$8(AbstractMessageListenerContainer.java:1518) ~[spring-rabbit-3.2.3.jar:3.2.3]
	at io.micrometer.observation.Observation.observe(Observation.java:498) ~[micrometer-observation-1.14.4.jar:1.14.4]
	at org.springframework.amqp.rabbit.listener.AbstractMessageListenerContainer.executeListener(AbstractMessageListenerContainer.java:1518) ~[spring-rabbit-3.2.3.jar:3.2.3]
	at org.springframework.amqp.rabbit.listener.SimpleMessageListenerContainer.doReceiveAndExecute(SimpleMessageListenerContainer.java:1086) ~[spring-rabbit-3.2.3.jar:3.2.3]
	at org.springframework.amqp.rabbit.listener.SimpleMessageListenerContainer.receiveAndExecute(SimpleMessageListenerContainer.java:1022) ~[spring-rabbit-3.2.3.jar:3.2.3]
	at org.springframework.amqp.rabbit.listener.SimpleMessageListenerContainer$AsyncMessageProcessingConsumer.mainLoop(SimpleMessageListenerContainer.java:1425) ~[spring-rabbit-3.2.3.jar:3.2.3]
	at org.springframework.amqp.rabbit.listener.SimpleMessageListenerContainer$AsyncMessageProcessingConsumer.run(SimpleMessageListenerContainer.java:1326) ~[spring-rabbit-3.2.3.jar:3.2.3]
	at java.base/java.lang.Thread.run(Thread.java:1570) ~[na:na]
Caused by: java.lang.SecurityException: Attempt to deserialize unauthorized class com.example.AddressBookManagement.DTO.RabbitMQMessageDTO; add allowed class name patterns to the message converter or, if you trust the message originator, set environment variable 'SPRING_AMQP_DESERIALIZATION_TRUST_ALL' or system property 'spring.amqp.deserialization.trust.all' to true
	at org.springframework.amqp.utils.SerializationUtils.checkAllowedList(SerializationUtils.java:164) ~[spring-amqp-3.2.3.jar:3.2.3]
	at org.springframework.amqp.support.converter.AllowedListDeserializingMessageConverter.checkAllowedList(AllowedListDeserializingMessageConverter.java:62) ~[spring-amqp-3.2.3.jar:3.2.3]
	at org.springframework.amqp.support.converter.SimpleMessageConverter$1.resolveClass(SimpleMessageConverter.java:160) ~[spring-amqp-3.2.3.jar:3.2.3]
	at java.base/java.io.ObjectInputStream.readNonProxyDesc(ObjectInputStream.java:2046) ~[na:na]
	at java.base/java.io.ObjectInputStream.readClassDesc(ObjectInputStream.java:1912) ~[na:na]
	at java.base/java.io.ObjectInputStream.readOrdinaryObject(ObjectInputStream.java:2237) ~[na:na]
	at java.base/java.io.ObjectInputStream.readObject0(ObjectInputStream.java:1747) ~[na:na]
	at java.base/java.io.ObjectInputStream.readObject(ObjectInputStream.java:525) ~[na:na]
	at java.base/java.io.ObjectInputStream.readObject(ObjectInputStream.java:483) ~[na:na]
	at org.springframework.amqp.utils.SerializationUtils.deserialize(SerializationUtils.java:102) ~[spring-amqp-3.2.3.jar:3.2.3]
	at org.springframework.amqp.support.converter.SimpleMessageConverter.fromMessage(SimpleMessageConverter.java:93) ~[spring-amqp-3.2.3.jar:3.2.3]
	at org.springframework.amqp.rabbit.listener.adapter.AbstractAdaptableMessageListener.extractMessage(AbstractAdaptableMessageListener.java:349) ~[spring-rabbit-3.2.3.jar:3.2.3]
	at org.springframework.amqp.rabbit.listener.adapter.MessagingMessageListenerAdapter$MessagingMessageConverterAdapter.extractPayload(MessagingMessageListenerAdapter.java:378) ~[spring-rabbit-3.2.3.jar:3.2.3]
	at org.springframework.amqp.support.converter.MessagingMessageConverter.fromMessage(MessagingMessageConverter.java:132) ~[spring-amqp-3.2.3.jar:3.2.3]
	at org.springframework.amqp.rabbit.listener.adapter.MessagingMessageListenerAdapter.toMessagingMessage(MessagingMessageListenerAdapter.java:251) ~[spring-rabbit-3.2.3.jar:3.2.3]
	at org.springframework.amqp.rabbit.listener.adapter.MessagingMessageListenerAdapter.onMessage(MessagingMessageListenerAdapter.java:147) ~[spring-rabbit-3.2.3.jar:3.2.3]
	... 13 common frames omitted

2025-03-18T10:52:34.771+05:30  WARN 8620 --- [org.springframework.amqp.rabbit.RabbitListenerEndpointContainer#0-1] s.a.r.l.ConditionalRejectingErrorHandler : Execution of Rabbit message listener failed.

org.springframework.amqp.rabbit.support.ListenerExecutionFailedException: Failed to convert message
	at org.springframework.amqp.rabbit.listener.adapter.MessagingMessageListenerAdapter.onMessage(MessagingMessageListenerAdapter.java:157) ~[spring-rabbit-3.2.3.jar:3.2.3]
	at org.springframework.amqp.rabbit.listener.AbstractMessageListenerContainer.doInvokeListener(AbstractMessageListenerContainer.java:1694) ~[spring-rabbit-3.2.3.jar:3.2.3]
	at org.springframework.amqp.rabbit.listener.AbstractMessageListenerContainer.actualInvokeListener(AbstractMessageListenerContainer.java:1616) ~[spring-rabbit-3.2.3.jar:3.2.3]
	at org.springframework.amqp.rabbit.listener.AbstractMessageListenerContainer.invokeListener(AbstractMessageListenerContainer.java:1604) ~[spring-rabbit-3.2.3.jar:3.2.3]
	at org.springframework.amqp.rabbit.listener.AbstractMessageListenerContainer.doExecuteListener(AbstractMessageListenerContainer.java:1595) ~[spring-rabbit-3.2.3.jar:3.2.3]
	at org.springframework.amqp.rabbit.listener.AbstractMessageListenerContainer.executeListenerAndHandleException(AbstractMessageListenerContainer.java:1540) ~[spring-rabbit-3.2.3.jar:3.2.3]
	at org.springframework.amqp.rabbit.listener.AbstractMessageListenerContainer.lambda$executeListener$8(AbstractMessageListenerContainer.java:1518) ~[spring-rabbit-3.2.3.jar:3.2.3]
	at io.micrometer.observation.Observation.observe(Observation.java:498) ~[micrometer-observation-1.14.4.jar:1.14.4]
	at org.springframework.amqp.rabbit.listener.AbstractMessageListenerContainer.executeListener(AbstractMessageListenerContainer.java:1518) ~[spring-rabbit-3.2.3.jar:3.2.3]
	at org.springframework.amqp.rabbit.listener.SimpleMessageListenerContainer.doReceiveAndExecute(SimpleMessageListenerContainer.java:1086) ~[spring-rabbit-3.2.3.jar:3.2.3]
	at org.springframework.amqp.rabbit.listener.SimpleMessageListenerContainer.receiveAndExecute(SimpleMessageListenerContainer.java:1022) ~[spring-rabbit-3.2.3.jar:3.2.3]
	at org.springframework.amqp.rabbit.listener.SimpleMessageListenerContainer$AsyncMessageProcessingConsumer.mainLoop(SimpleMessageListenerContainer.java:1425) ~[spring-rabbit-3.2.3.jar:3.2.3]
	at org.springframework.amqp.rabbit.listener.SimpleMessageListenerContainer$AsyncMessageProcessingConsumer.run(SimpleMessageListenerContainer.java:1326) ~[spring-rabbit-3.2.3.jar:3.2.3]
	at java.base/java.lang.Thread.run(Thread.java:1570) ~[na:na]
Caused by: java.lang.SecurityException: Attempt to deserialize unauthorized class com.example.AddressBookManagement.DTO.RabbitMQMessageDTO; add allowed class name patterns to the message converter or, if you trust the message originator, set environment variable 'SPRING_AMQP_DESERIALIZATION_TRUST_ALL' or system property 'spring.amqp.deserialization.trust.all' to true
	at org.springframework.amqp.utils.SerializationUtils.checkAllowedList(SerializationUtils.java:164) ~[spring-amqp-3.2.3.jar:3.2.3]
	at org.springframework.amqp.support.converter.AllowedListDeserializingMessageConverter.checkAllowedList(AllowedListDeserializingMessageConverter.java:62) ~[spring-amqp-3.2.3.jar:3.2.3]
	at org.springframework.amqp.support.converter.SimpleMessageConverter$1.resolveClass(SimpleMessageConverter.java:160) ~[spring-amqp-3.2.3.jar:3.2.3]
	at java.base/java.io.ObjectInputStream.readNonProxyDesc(ObjectInputStream.java:2046) ~[na:na]
	at java.base/java.io.ObjectInputStream.readClassDesc(ObjectInputStream.java:1912) ~[na:na]
	at java.base/java.io.ObjectInputStream.readOrdinaryObject(ObjectInputStream.java:2237) ~[na:na]
	at java.base/java.io.ObjectInputStream.readObject0(ObjectInputStream.java:1747) ~[na:na]
	at java.base/java.io.ObjectInputStream.readObject(ObjectInputStream.java:525) ~[na:na]
	at java.base/java.io.ObjectInputStream.readObject(ObjectInputStream.java:483) ~[na:na]
	at org.springframework.amqp.utils.SerializationUtils.deserialize(SerializationUtils.java:102) ~[spring-amqp-3.2.3.jar:3.2.3]
	at org.springframework.amqp.support.converter.SimpleMessageConverter.fromMessage(SimpleMessageConverter.java:93) ~[spring-amqp-3.2.3.jar:3.2.3]
	at org.springframework.amqp.rabbit.listener.adapter.AbstractAdaptableMessageListener.extractMessage(AbstractAdaptableMessageListener.java:349) ~[spring-rabbit-3.2.3.jar:3.2.3]
	at org.springframework.amqp.rabbit.listener.adapter.MessagingMessageListenerAdapter$MessagingMessageConverterAdapter.extractPayload(MessagingMessageListenerAdapter.java:378) ~[spring-rabbit-3.2.3.jar:3.2.3]
	at org.springframework.amqp.support.converter.MessagingMessageConverter.fromMessage(MessagingMessageConverter.java:132) ~[spring-amqp-3.2.3.jar:3.2.3]
	at org.springframework.amqp.rabbit.listener.adapter.MessagingMessageListenerAdapter.toMessagingMessage(MessagingMessageListenerAdapter.java:251) ~[spring-rabbit-3.2.3.jar:3.2.3]
	at org.springframework.amqp.rabbit.listener.adapter.MessagingMessageListenerAdapter.onMessage(MessagingMessageListenerAdapter.java:147) ~[spring-rabbit-3.2.3.jar:3.2.3]
	... 13 common frames omitted

2025-03-18T10:52:34.774+05:30  WARN 8620 --- [org.springframework.amqp.rabbit.RabbitListenerEndpointContainer#0-1] s.a.r.l.ConditionalRejectingErrorHandler : Execution of Rabbit message listener failed.

org.springframework.amqp.rabbit.support.ListenerExecutionFailedException: Failed to convert message
	at org.springframework.amqp.rabbit.listener.adapter.MessagingMessageListenerAdapter.onMessage(MessagingMessageListenerAdapter.java:157) ~[spring-rabbit-3.2.3.jar:3.2.3]
	at org.springframework.amqp.rabbit.listener.AbstractMessageListenerContainer.doInvokeListener(AbstractMessageListenerContainer.java:1694) ~[spring-rabbit-3.2.3.jar:3.2.3]
	at org.springframework.amqp.rabbit.listener.AbstractMessageListenerContainer.actualInvokeListener(AbstractMessageListenerContainer.java:1616) ~[spring-rabbit-3.2.3.jar:3.2.3]
	at org.springframework.amqp.rabbit.listener.AbstractMessageListenerContainer.invokeListener(AbstractMessageListenerContainer.java:1604) ~[spring-rabbit-3.2.3.jar:3.2.3]
	at org.springframework.amqp.rabbit.listener.AbstractMessageListenerContainer.doExecuteListener(AbstractMessageListenerContainer.java:1595) ~[spring-rabbit-3.2.3.jar:3.2.3]
	at org.springframework.amqp.rabbit.listener.AbstractMessageListenerContainer.executeListenerAndHandleException(AbstractMessageListenerContainer.java:1540) ~[spring-rabbit-3.2.3.jar:3.2.3]
	at org.springframework.amqp.rabbit.listener.AbstractMessageListenerContainer.lambda$executeListener$8(AbstractMessageListenerContainer.java:1518) ~[spring-rabbit-3.2.3.jar:3.2.3]
	at io.micrometer.observation.Observation.observe(Observation.java:498) ~[micrometer-observation-1.14.4.jar:1.14.4]
	at org.springframework.amqp.rabbit.listener.AbstractMessageListenerContainer.executeListener(AbstractMessageListenerContainer.java:1518) ~[spring-rabbit-3.2.3.jar:3.2.3]
	at org.springframework.amqp.rabbit.listener.SimpleMessageListenerContainer.doReceiveAndExecute(SimpleMessageListenerContainer.java:1086) ~[spring-rabbit-3.2.3.jar:3.2.3]
	at org.springframework.amqp.rabbit.listener.SimpleMessageListenerContainer.receiveAndExecute(SimpleMessageListenerContainer.java:1022) ~[spring-rabbit-3.2.3.jar:3.2.3]
	at org.springframework.amqp.rabbit.listener.SimpleMessageListenerContainer$AsyncMessageProcessingConsumer.mainLoop(SimpleMessageListenerContainer.java:1425) ~[spring-rabbit-3.2.3.jar:3.2.3]
	at org.springframework.amqp.rabbit.listener.SimpleMessageListenerContainer$AsyncMessageProcessingConsumer.run(SimpleMessageListenerContainer.java:1326) ~[spring-rabbit-3.2.3.jar:3.2.3]
	at java.base/java.lang.Thread.run(Thread.java:1570) ~[na:na]
Caused by: java.lang.SecurityException: Attempt to deserialize unauthorized class com.example.AddressBookManagement.DTO.RabbitMQMessageDTO; add allowed class name patterns to the message converter or, if you trust the message originator, set environment variable 'SPRING_AMQP_DESERIALIZATION_TRUST_ALL' or system property 'spring.amqp.deserialization.trust.all' to true
	at org.springframework.amqp.utils.SerializationUtils.checkAllowedList(SerializationUtils.java:164) ~[spring-amqp-3.2.3.jar:3.2.3]
	at org.springframework.amqp.support.converter.AllowedListDeserializingMessageConverter.checkAllowedList(AllowedListDeserializingMessageConverter.java:62) ~[spring-amqp-3.2.3.jar:3.2.3]
	at org.springframework.amqp.support.converter.SimpleMessageConverter$1.resolveClass(SimpleMessageConverter.java:160) ~[spring-amqp-3.2.3.jar:3.2.3]
	at java.base/java.io.ObjectInputStream.readNonProxyDesc(ObjectInputStream.java:2046) ~[na:na]
	at java.base/java.io.ObjectInputStream.readClassDesc(ObjectInputStream.java:1912) ~[na:na]
	at java.base/java.io.ObjectInputStream.readOrdinaryObject(ObjectInputStream.java:2237) ~[na:na]
	at java.base/java.io.ObjectInputStream.readObject0(ObjectInputStream.java:1747) ~[na:na]
	at java.base/java.io.ObjectInputStream.readObject(ObjectInputStream.java:525) ~[na:na]
	at java.base/java.io.ObjectInputStream.readObject(ObjectInputStream.java:483) ~[na:na]
	at org.springframework.amqp.utils.SerializationUtils.deserialize(SerializationUtils.java:102) ~[spring-amqp-3.2.3.jar:3.2.3]
	at org.springframework.amqp.support.converter.SimpleMessageConverter.fromMessage(SimpleMessageConverter.java:93) ~[spring-amqp-3.2.3.jar:3.2.3]
	at org.springframework.amqp.rabbit.listener.adapter.AbstractAdaptableMessageListener.extractMessage(AbstractAdaptableMessageListener.java:349) ~[spring-rabbit-3.2.3.jar:3.2.3]
	at org.springframework.amqp.rabbit.listener.adapter.MessagingMessageListenerAdapter$MessagingMessageConverterAdapter.extractPayload(MessagingMessageListenerAdapter.java:378) ~[spring-rabbit-3.2.3.jar:3.2.3]
	at org.springframework.amqp.support.converter.MessagingMessageConverter.fromMessage(MessagingMessageConverter.java:132) ~[spring-amqp-3.2.3.jar:3.2.3]
	at org.springframework.amqp.rabbit.listener.adapter.MessagingMessageListenerAdapter.toMessagingMessage(MessagingMessageListenerAdapter.java:251) ~[spring-rabbit-3.2.3.jar:3.2.3]
	at org.springframework.amqp.rabbit.listener.adapter.MessagingMessageListenerAdapter.onMessage(MessagingMessageListenerAdapter.java:147) ~[spring-rabbit-3.2.3.jar:3.2.3]
	... 13 common frames omitted

2025-03-18T10:52:34.777+05:30  WARN 8620 --- [org.springframework.amqp.rabbit.RabbitListenerEndpointContainer#0-1] s.a.r.l.ConditionalRejectingErrorHandler : Execution of Rabbit message listener failed.

org.springframework.amqp.rabbit.support.ListenerExecutionFailedException: Failed to convert message
	at org.springframework.amqp.rabbit.listener.adapter.MessagingMessageListenerAdapter.onMessage(MessagingMessageListenerAdapter.java:157) ~[spring-rabbit-3.2.3.jar:3.2.3]
	at org.springframework.amqp.rabbit.listener.AbstractMessageListenerContainer.doInvokeListener(AbstractMessageListenerContainer.java:1694) ~[spring-rabbit-3.2.3.jar:3.2.3]
	at org.springframework.amqp.rabbit.listener.AbstractMessageListenerContainer.actualInvokeListener(AbstractMessageListenerContainer.java:1616) ~[spring-rabbit-3.2.3.jar:3.2.3]
	at org.springframework.amqp.rabbit.listener.AbstractMessageListenerContainer.invokeListener(AbstractMessageListenerContainer.java:1604) ~[spring-rabbit-3.2.3.jar:3.2.3]
	at org.springframework.amqp.rabbit.listener.AbstractMessageListenerContainer.doExecuteListener(AbstractMessageListenerContainer.java:1595) ~[spring-rabbit-3.2.3.jar:3.2.3]
	at org.springframework.amqp.rabbit.listener.AbstractMessageListenerContainer.executeListenerAndHandleException(AbstractMessageListenerContainer.java:1540) ~[spring-rabbit-3.2.3.jar:3.2.3]
	at org.springframework.amqp.rabbit.listener.AbstractMessageListenerContainer.lambda$executeListener$8(AbstractMessageListenerContainer.java:1518) ~[spring-rabbit-3.2.3.jar:3.2.3]
	at io.micrometer.observation.Observation.observe(Observation.java:498) ~[micrometer-observation-1.14.4.jar:1.14.4]
	at org.springframework.amqp.rabbit.listener.AbstractMessageListenerContainer.executeListener(AbstractMessageListenerContainer.java:1518) ~[spring-rabbit-3.2.3.jar:3.2.3]
	at org.springframework.amqp.rabbit.listener.SimpleMessageListenerContainer.doReceiveAndExecute(SimpleMessageListenerContainer.java:1086) ~[spring-rabbit-3.2.3.jar:3.2.3]
	at org.springframework.amqp.rabbit.listener.SimpleMessageListenerContainer.receiveAndExecute(SimpleMessageListenerContainer.java:1022) ~[spring-rabbit-3.2.3.jar:3.2.3]
	at org.springframework.amqp.rabbit.listener.SimpleMessageListenerContainer$AsyncMessageProcessingConsumer.mainLoop(SimpleMessageListenerContainer.java:1425) ~[spring-rabbit-3.2.3.jar:3.2.3]
	at org.springframework.amqp.rabbit.listener.SimpleMessageListenerContainer$AsyncMessageProcessingConsumer.run(SimpleMessageListenerContainer.java:1326) ~[spring-rabbit-3.2.3.jar:3.2.3]
	at java.base/java.lang.Thread.run(Thread.java:1570) ~[na:na]
Caused by: java.lang.SecurityException: Attempt to deserialize unauthorized class com.example.AddressBookManagement.DTO.RabbitMQMessageDTO; add allowed class name patterns to the message converter or, if you trust the message originator, set environment variable 'SPRING_AMQP_DESERIALIZATION_TRUST_ALL' or system property 'spring.amqp.deserialization.trust.all' to true
	at org.springframework.amqp.utils.SerializationUtils.checkAllowedList(SerializationUtils.java:164) ~[spring-amqp-3.2.3.jar:3.2.3]
	at org.springframework.amqp.support.converter.AllowedListDeserializingMessageConverter.checkAllowedList(AllowedListDeserializingMessageConverter.java:62) ~[spring-amqp-3.2.3.jar:3.2.3]
	at org.springframework.amqp.support.converter.SimpleMessageConverter$1.resolveClass(SimpleMessageConverter.java:160) ~[spring-amqp-3.2.3.jar:3.2.3]
	at java.base/java.io.ObjectInputStream.readNonProxyDesc(ObjectInputStream.java:2046) ~[na:na]
	at java.base/java.io.ObjectInputStream.readClassDesc(ObjectInputStream.java:1912) ~[na:na]
	at java.base/java.io.ObjectInputStream.readOrdinaryObject(ObjectInputStream.java:2237) ~[na:na]
	at java.base/java.io.ObjectInputStream.readObject0(ObjectInputStream.java:1747) ~[na:na]
	at java.base/java.io.ObjectInputStream.readObject(ObjectInputStream.java:525) ~[na:na]
	at java.base/java.io.ObjectInputStream.readObject(ObjectInputStream.java:483) ~[na:na]
	at org.springframework.amqp.utils.SerializationUtils.deserialize(SerializationUtils.java:102) ~[spring-amqp-3.2.3.jar:3.2.3]
	at org.springframework.amqp.support.converter.SimpleMessageConverter.fromMessage(SimpleMessageConverter.java:93) ~[spring-amqp-3.2.3.jar:3.2.3]
	at org.springframework.amqp.rabbit.listener.adapter.AbstractAdaptableMessageListener.extractMessage(AbstractAdaptableMessageListener.java:349) ~[spring-rabbit-3.2.3.jar:3.2.3]
	at org.springframework.amqp.rabbit.listener.adapter.MessagingMessageListenerAdapter$MessagingMessageConverterAdapter.extractPayload(MessagingMessageListenerAdapter.java:378) ~[spring-rabbit-3.2.3.jar:3.2.3]
	at org.springframework.amqp.support.converter.MessagingMessageConverter.fromMessage(MessagingMessageConverter.java:132) ~[spring-amqp-3.2.3.jar:3.2.3]
	at org.springframework.amqp.rabbit.listener.adapter.MessagingMessageListenerAdapter.toMessagingMessage(MessagingMessageListenerAdapter.java:251) ~[spring-rabbit-3.2.3.jar:3.2.3]
	at org.springframework.amqp.rabbit.listener.adapter.MessagingMessageListenerAdapter.onMessage(MessagingMessageListenerAdapter.java:147) ~[spring-rabbit-3.2.3.jar:3.2.3]
	... 13 common frames omitted

2025-03-18T10:52:34.781+05:30  WARN 8620 --- [org.springframework.amqp.rabbit.RabbitListenerEndpointContainer#0-1] s.a.r.l.ConditionalRejectingErrorHandler : Execution of Rabbit message listener failed.

org.springframework.amqp.rabbit.support.ListenerExecutionFailedException: Failed to convert message
	at org.springframework.amqp.rabbit.listener.adapter.MessagingMessageListenerAdapter.onMessage(MessagingMessageListenerAdapter.java:157) ~[spring-rabbit-3.2.3.jar:3.2.3]
	at org.springframework.amqp.rabbit.listener.AbstractMessageListenerContainer.doInvokeListener(AbstractMessageListenerContainer.java:1694) ~[spring-rabbit-3.2.3.jar:3.2.3]
	at org.springframework.amqp.rabbit.listener.AbstractMessageListenerContainer.actualInvokeListener(AbstractMessageListenerContainer.java:1616) ~[spring-rabbit-3.2.3.jar:3.2.3]
	at org.springframework.amqp.rabbit.listener.AbstractMessageListenerContainer.invokeListener(AbstractMessageListenerContainer.java:1604) ~[spring-rabbit-3.2.3.jar:3.2.3]
	at org.springframework.amqp.rabbit.listener.AbstractMessageListenerContainer.doExecuteListener(AbstractMessageListenerContainer.java:1595) ~[spring-rabbit-3.2.3.jar:3.2.3]
	at org.springframework.amqp.rabbit.listener.AbstractMessageListenerContainer.executeListenerAndHandleException(AbstractMessageListenerContainer.java:1540) ~[spring-rabbit-3.2.3.jar:3.2.3]
	at org.springframework.amqp.rabbit.listener.AbstractMessageListenerContainer.lambda$executeListener$8(AbstractMessageListenerContainer.java:1518) ~[spring-rabbit-3.2.3.jar:3.2.3]
	at io.micrometer.observation.Observation.observe(Observation.java:498) ~[micrometer-observation-1.14.4.jar:1.14.4]
	at org.springframework.amqp.rabbit.listener.AbstractMessageListenerContainer.executeListener(AbstractMessageListenerContainer.java:1518) ~[spring-rabbit-3.2.3.jar:3.2.3]
	at org.springframework.amqp.rabbit.listener.SimpleMessageListenerContainer.doReceiveAndExecute(SimpleMessageListenerContainer.java:1086) ~[spring-rabbit-3.2.3.jar:3.2.3]
	at org.springframework.amqp.rabbit.listener.SimpleMessageListenerContainer.receiveAndExecute(SimpleMessageListenerContainer.java:1022) ~[spring-rabbit-3.2.3.jar:3.2.3]
	at org.springframework.amqp.rabbit.listener.SimpleMessageListenerContainer$AsyncMessageProcessingConsumer.mainLoop(SimpleMessageListenerContainer.java:1425) ~[spring-rabbit-3.2.3.jar:3.2.3]
	at org.springframework.amqp.rabbit.listener.SimpleMessageListenerContainer$AsyncMessageProcessingConsumer.run(SimpleMessageListenerContainer.java:1326) ~[spring-rabbit-3.2.3.jar:3.2.3]
	at java.base/java.lang.Thread.run(Thread.java:1570) ~[na:na]
Caused by: java.lang.SecurityException: Attempt to deserialize unauthorized class com.example.AddressBookManagement.DTO.RabbitMQMessageDTO; add allowed class name patterns to the message converter or, if you trust the message originator, set environment variable 'SPRING_AMQP_DESERIALIZATION_TRUST_ALL' or system property 'spring.amqp.deserialization.trust.all' to true
	at org.springframework.amqp.utils.SerializationUtils.checkAllowedList(SerializationUtils.java:164) ~[spring-amqp-3.2.3.jar:3.2.3]
	at org.springframework.amqp.support.converter.AllowedListDeserializingMessageConverter.checkAllowedList(AllowedListDeserializingMessageConverter.java:62) ~[spring-amqp-3.2.3.jar:3.2.3]
	at org.springframework.amqp.support.converter.SimpleMessageConverter$1.resolveClass(SimpleMessageConverter.java:160) ~[spring-amqp-3.2.3.jar:3.2.3]
	at java.base/java.io.ObjectInputStream.readNonProxyDesc(ObjectInputStream.java:2046) ~[na:na]
	at java.base/java.io.ObjectInputStream.readClassDesc(ObjectInputStream.java:1912) ~[na:na]
	at java.base/java.io.ObjectInputStream.readOrdinaryObject(ObjectInputStream.java:2237) ~[na:na]
	at java.base/java.io.ObjectInputStream.readObject0(ObjectInputStream.java:1747) ~[na:na]
	at java.base/java.io.ObjectInputStream.readObject(ObjectInputStream.java:525) ~[na:na]
	at java.base/java.io.ObjectInputStream.readObject(ObjectInputStream.java:483) ~[na:na]
	at org.springframework.amqp.utils.SerializationUtils.deserialize(SerializationUtils.java:102) ~[spring-amqp-3.2.3.jar:3.2.3]
	at org.springframework.amqp.support.converter.SimpleMessageConverter.fromMessage(SimpleMessageConverter.java:93) ~[spring-amqp-3.2.3.jar:3.2.3]
	at org.springframework.amqp.rabbit.listener.adapter.AbstractAdaptableMessageListener.extractMessage(AbstractAdaptableMessageListener.java:349) ~[spring-rabbit-3.2.3.jar:3.2.3]
	at org.springframework.amqp.rabbit.listener.adapter.MessagingMessageListenerAdapter$MessagingMessageConverterAdapter.extractPayload(MessagingMessageListenerAdapter.java:378) ~[spring-rabbit-3.2.3.jar:3.2.3]
	at org.springframework.amqp.support.converter.MessagingMessageConverter.fromMessage(MessagingMessageConverter.java:132) ~[spring-amqp-3.2.3.jar:3.2.3]
	at org.springframework.amqp.rabbit.listener.adapter.MessagingMessageListenerAdapter.toMessagingMessage(MessagingMessageListenerAdapter.java:251) ~[spring-rabbit-3.2.3.jar:3.2.3]
	at org.springframework.amqp.rabbit.listener.adapter.MessagingMessageListenerAdapter.onMessage(MessagingMessageListenerAdapter.java:147) ~[spring-rabbit-3.2.3.jar:3.2.3]
	... 13 common frames omitted

2025-03-18T10:52:34.784+05:30  WARN 8620 --- [org.springframework.amqp.rabbit.RabbitListenerEndpointContainer#0-1] s.a.r.l.ConditionalRejectingErrorHandler : Execution of Rabbit message listener failed.

org.springframework.amqp.rabbit.support.ListenerExecutionFailedException: Failed to convert message
	at org.springframework.amqp.rabbit.listener.adapter.MessagingMessageListenerAdapter.onMessage(MessagingMessageListenerAdapter.java:157) ~[spring-rabbit-3.2.3.jar:3.2.3]
	at org.springframework.amqp.rabbit.listener.AbstractMessageListenerContainer.doInvokeListener(AbstractMessageListenerContainer.java:1694) ~[spring-rabbit-3.2.3.jar:3.2.3]
	at org.springframework.amqp.rabbit.listener.AbstractMessageListenerContainer.actualInvokeListener(AbstractMessageListenerContainer.java:1616) ~[spring-rabbit-3.2.3.jar:3.2.3]
	at org.springframework.amqp.rabbit.listener.AbstractMessageListenerContainer.invokeListener(AbstractMessageListenerContainer.java:1604) ~[spring-rabbit-3.2.3.jar:3.2.3]
	at org.springframework.amqp.rabbit.listener.AbstractMessageListenerContainer.doExecuteListener(AbstractMessageListenerContainer.java:1595) ~[spring-rabbit-3.2.3.jar:3.2.3]
	at org.springframework.amqp.rabbit.listener.AbstractMessageListenerContainer.executeListenerAndHandleException(AbstractMessageListenerContainer.java:1540) ~[spring-rabbit-3.2.3.jar:3.2.3]
	at org.springframework.amqp.rabbit.listener.AbstractMessageListenerContainer.lambda$executeListener$8(AbstractMessageListenerContainer.java:1518) ~[spring-rabbit-3.2.3.jar:3.2.3]
	at io.micrometer.observation.Observation.observe(Observation.java:498) ~[micrometer-observation-1.14.4.jar:1.14.4]
	at org.springframework.amqp.rabbit.listener.AbstractMessageListenerContainer.executeListener(AbstractMessageListenerContainer.java:1518) ~[spring-rabbit-3.2.3.jar:3.2.3]
	at org.springframework.amqp.rabbit.listener.SimpleMessageListenerContainer.doReceiveAndExecute(SimpleMessageListenerContainer.java:1086) ~[spring-rabbit-3.2.3.jar:3.2.3]
	at org.springframework.amqp.rabbit.listener.SimpleMessageListenerContainer.receiveAndExecute(SimpleMessageListenerContainer.java:1022) ~[spring-rabbit-3.2.3.jar:3.2.3]
	at org.springframework.amqp.rabbit.listener.SimpleMessageListenerContainer$AsyncMessageProcessingConsumer.mainLoop(SimpleMessageListenerContainer.java:1425) ~[spring-rabbit-3.2.3.jar:3.2.3]
	at org.springframework.amqp.rabbit.listener.SimpleMessageListenerContainer$AsyncMessageProcessingConsumer.run(SimpleMessageListenerContainer.java:1326) ~[spring-rabbit-3.2.3.jar:3.2.3]
	at java.base/java.lang.Thread.run(Thread.java:1570) ~[na:na]
Caused by: java.lang.SecurityException: Attempt to deserialize unauthorized class com.example.AddressBookManagement.DTO.RabbitMQMessageDTO; add allowed class name patterns to the message converter or, if you trust the message originator, set environment variable 'SPRING_AMQP_DESERIALIZATION_TRUST_ALL' or system property 'spring.amqp.deserialization.trust.all' to true
	at org.springframework.amqp.utils.SerializationUtils.checkAllowedList(SerializationUtils.java:164) ~[spring-amqp-3.2.3.jar:3.2.3]
	at org.springframework.amqp.support.converter.AllowedListDeserializingMessageConverter.checkAllowedList(AllowedListDeserializingMessageConverter.java:62) ~[spring-amqp-3.2.3.jar:3.2.3]
	at org.springframework.amqp.support.converter.SimpleMessageConverter$1.resolveClass(SimpleMessageConverter.java:160) ~[spring-amqp-3.2.3.jar:3.2.3]
	at java.base/java.io.ObjectInputStream.readNonProxyDesc(ObjectInputStream.java:2046) ~[na:na]
	at java.base/java.io.ObjectInputStream.readClassDesc(ObjectInputStream.java:1912) ~[na:na]
	at java.base/java.io.ObjectInputStream.readOrdinaryObject(ObjectInputStream.java:2237) ~[na:na]
	at java.base/java.io.ObjectInputStream.readObject0(ObjectInputStream.java:1747) ~[na:na]
	at java.base/java.io.ObjectInputStream.readObject(ObjectInputStream.java:525) ~[na:na]
	at java.base/java.io.ObjectInputStream.readObject(ObjectInputStream.java:483) ~[na:na]
	at org.springframework.amqp.utils.SerializationUtils.deserialize(SerializationUtils.java:102) ~[spring-amqp-3.2.3.jar:3.2.3]
	at org.springframework.amqp.support.converter.SimpleMessageConverter.fromMessage(SimpleMessageConverter.java:93) ~[spring-amqp-3.2.3.jar:3.2.3]
	at org.springframework.amqp.rabbit.listener.adapter.AbstractAdaptableMessageListener.extractMessage(AbstractAdaptableMessageListener.java:349) ~[spring-rabbit-3.2.3.jar:3.2.3]
	at org.springframework.amqp.rabbit.listener.adapter.MessagingMessageListenerAdapter$MessagingMessageConverterAdapter.extractPayload(MessagingMessageListenerAdapter.java:378) ~[spring-rabbit-3.2.3.jar:3.2.3]
	at org.springframework.amqp.support.converter.MessagingMessageConverter.fromMessage(MessagingMessageConverter.java:132) ~[spring-amqp-3.2.3.jar:3.2.3]
	at org.springframework.amqp.rabbit.listener.adapter.MessagingMessageListenerAdapter.toMessagingMessage(MessagingMessageListenerAdapter.java:251) ~[spring-rabbit-3.2.3.jar:3.2.3]
	at org.springframework.amqp.rabbit.listener.adapter.MessagingMessageListenerAdapter.onMessage(MessagingMessageListenerAdapter.java:147) ~[spring-rabbit-3.2.3.jar:3.2.3]
	... 13 common frames omitted

2025-03-18T10:52:34.787+05:30  WARN 8620 --- [org.springframework.amqp.rabbit.RabbitListenerEndpointContainer#0-1] s.a.r.l.ConditionalRejectingErrorHandler : Execution of Rabbit message listener failed.

org.springframework.amqp.rabbit.support.ListenerExecutionFailedException: Failed to convert message
	at org.springframework.amqp.rabbit.listener.adapter.MessagingMessageListenerAdapter.onMessage(MessagingMessageListenerAdapter.java:157) ~[spring-rabbit-3.2.3.jar:3.2.3]
	at org.springframework.amqp.rabbit.listener.AbstractMessageListenerContainer.doInvokeListener(AbstractMessageListenerContainer.java:1694) ~[spring-rabbit-3.2.3.jar:3.2.3]
	at org.springframework.amqp.rabbit.listener.AbstractMessageListenerContainer.actualInvokeListener(AbstractMessageListenerContainer.java:1616) ~[spring-rabbit-3.2.3.jar:3.2.3]
	at org.springframework.amqp.rabbit.listener.AbstractMessageListenerContainer.invokeListener(AbstractMessageListenerContainer.java:1604) ~[spring-rabbit-3.2.3.jar:3.2.3]
	at org.springframework.amqp.rabbit.listener.AbstractMessageListenerContainer.doExecuteListener(AbstractMessageListenerContainer.java:1595) ~[spring-rabbit-3.2.3.jar:3.2.3]
	at org.springframework.amqp.rabbit.listener.AbstractMessageListenerContainer.executeListenerAndHandleException(AbstractMessageListenerContainer.java:1540) ~[spring-rabbit-3.2.3.jar:3.2.3]
	at org.springframework.amqp.rabbit.listener.AbstractMessageListenerContainer.lambda$executeListener$8(AbstractMessageListenerContainer.java:1518) ~[spring-rabbit-3.2.3.jar:3.2.3]
	at io.micrometer.observation.Observation.observe(Observation.java:498) ~[micrometer-observation-1.14.4.jar:1.14.4]
	at org.springframework.amqp.rabbit.listener.AbstractMessageListenerContainer.executeListener(AbstractMessageListenerContainer.java:1518) ~[spring-rabbit-3.2.3.jar:3.2.3]
	at org.springframework.amqp.rabbit.listener.SimpleMessageListenerContainer.doReceiveAndExecute(SimpleMessageListenerContainer.java:1086) ~[spring-rabbit-3.2.3.jar:3.2.3]
	at org.springframework.amqp.rabbit.listener.SimpleMessageListenerContainer.receiveAndExecute(SimpleMessageListenerContainer.java:1022) ~[spring-rabbit-3.2.3.jar:3.2.3]
	at org.springframework.amqp.rabbit.listener.SimpleMessageListenerContainer$AsyncMessageProcessingConsumer.mainLoop(SimpleMessageListenerContainer.java:1425) ~[spring-rabbit-3.2.3.jar:3.2.3]
	at org.springframework.amqp.rabbit.listener.SimpleMessageListenerContainer$AsyncMessageProcessingConsumer.run(SimpleMessageListenerContainer.java:1326) ~[spring-rabbit-3.2.3.jar:3.2.3]
	at java.base/java.lang.Thread.run(Thread.java:1570) ~[na:na]
Caused by: java.lang.SecurityException: Attempt to deserialize unauthorized class com.example.AddressBookManagement.DTO.RabbitMQMessageDTO; add allowed class name patterns to the message converter or, if you trust the message originator, set environment variable 'SPRING_AMQP_DESERIALIZATION_TRUST_ALL' or system property 'spring.amqp.deserialization.trust.all' to true
	at org.springframework.amqp.utils.SerializationUtils.checkAllowedList(SerializationUtils.java:164) ~[spring-amqp-3.2.3.jar:3.2.3]
	at org.springframework.amqp.support.converter.AllowedListDeserializingMessageConverter.checkAllowedList(AllowedListDeserializingMessageConverter.java:62) ~[spring-amqp-3.2.3.jar:3.2.3]
	at org.springframework.amqp.support.converter.SimpleMessageConverter$1.resolveClass(SimpleMessageConverter.java:160) ~[spring-amqp-3.2.3.jar:3.2.3]
	at java.base/java.io.ObjectInputStream.readNonProxyDesc(ObjectInputStream.java:2046) ~[na:na]
	at java.base/java.io.ObjectInputStream.readClassDesc(ObjectInputStream.java:1912) ~[na:na]
	at java.base/java.io.ObjectInputStream.readOrdinaryObject(ObjectInputStream.java:2237) ~[na:na]
	at java.base/java.io.ObjectInputStream.readObject0(ObjectInputStream.java:1747) ~[na:na]
	at java.base/java.io.ObjectInputStream.readObject(ObjectInputStream.java:525) ~[na:na]
	at java.base/java.io.ObjectInputStream.readObject(ObjectInputStream.java:483) ~[na:na]
	at org.springframework.amqp.utils.SerializationUtils.deserialize(SerializationUtils.java:102) ~[spring-amqp-3.2.3.jar:3.2.3]
	at org.springframework.amqp.support.converter.SimpleMessageConverter.fromMessage(SimpleMessageConverter.java:93) ~[spring-amqp-3.2.3.jar:3.2.3]
	at org.springframework.amqp.rabbit.listener.adapter.AbstractAdaptableMessageListener.extractMessage(AbstractAdaptableMessageListener.java:349) ~[spring-rabbit-3.2.3.jar:3.2.3]
	at org.springframework.amqp.rabbit.listener.adapter.MessagingMessageListenerAdapter$MessagingMessageConverterAdapter.extractPayload(MessagingMessageListenerAdapter.java:378) ~[spring-rabbit-3.2.3.jar:3.2.3]
	at org.springframework.amqp.support.converter.MessagingMessageConverter.fromMessage(MessagingMessageConverter.java:132) ~[spring-amqp-3.2.3.jar:3.2.3]
	at org.springframework.amqp.rabbit.listener.adapter.MessagingMessageListenerAdapter.toMessagingMessage(MessagingMessageListenerAdapter.java:251) ~[spring-rabbit-3.2.3.jar:3.2.3]
	at org.springframework.amqp.rabbit.listener.adapter.MessagingMessageListenerAdapter.onMessage(MessagingMessageListenerAdapter.java:147) ~[spring-rabbit-3.2.3.jar:3.2.3]
	... 13 common frames omitted

2025-03-18T10:52:34.791+05:30  WARN 8620 --- [org.springframework.amqp.rabbit.RabbitListenerEndpointContainer#0-1] s.a.r.l.ConditionalRejectingErrorHandler : Execution of Rabbit message listener failed.

org.springframework.amqp.rabbit.support.ListenerExecutionFailedException: Failed to convert message
	at org.springframework.amqp.rabbit.listener.adapter.MessagingMessageListenerAdapter.onMessage(MessagingMessageListenerAdapter.java:157) ~[spring-rabbit-3.2.3.jar:3.2.3]
	at org.springframework.amqp.rabbit.listener.AbstractMessageListenerContainer.doInvokeListener(AbstractMessageListenerContainer.java:1694) ~[spring-rabbit-3.2.3.jar:3.2.3]
	at org.springframework.amqp.rabbit.listener.AbstractMessageListenerContainer.actualInvokeListener(AbstractMessageListenerContainer.java:1616) ~[spring-rabbit-3.2.3.jar:3.2.3]
	at org.springframework.amqp.rabbit.listener.AbstractMessageListenerContainer.invokeListener(AbstractMessageListenerContainer.java:1604) ~[spring-rabbit-3.2.3.jar:3.2.3]
	at org.springframework.amqp.rabbit.listener.AbstractMessageListenerContainer.doExecuteListener(AbstractMessageListenerContainer.java:1595) ~[spring-rabbit-3.2.3.jar:3.2.3]
	at org.springframework.amqp.rabbit.listener.AbstractMessageListenerContainer.executeListenerAndHandleException(AbstractMessageListenerContainer.java:1540) ~[spring-rabbit-3.2.3.jar:3.2.3]
	at org.springframework.amqp.rabbit.listener.AbstractMessageListenerContainer.lambda$executeListener$8(AbstractMessageListenerContainer.java:1518) ~[spring-rabbit-3.2.3.jar:3.2.3]
	at io.micrometer.observation.Observation.observe(Observation.java:498) ~[micrometer-observation-1.14.4.jar:1.14.4]
	at org.springframework.amqp.rabbit.listener.AbstractMessageListenerContainer.executeListener(AbstractMessageListenerContainer.java:1518) ~[spring-rabbit-3.2.3.jar:3.2.3]
	at org.springframework.amqp.rabbit.listener.SimpleMessageListenerContainer.doReceiveAndExecute(SimpleMessageListenerContainer.java:1086) ~[spring-rabbit-3.2.3.jar:3.2.3]
	at org.springframework.amqp.rabbit.listener.SimpleMessageListenerContainer.receiveAndExecute(SimpleMessageListenerContainer.java:1022) ~[spring-rabbit-3.2.3.jar:3.2.3]
	at org.springframework.amqp.rabbit.listener.SimpleMessageListenerContainer$AsyncMessageProcessingConsumer.mainLoop(SimpleMessageListenerContainer.java:1425) ~[spring-rabbit-3.2.3.jar:3.2.3]
	at org.springframework.amqp.rabbit.listener.SimpleMessageListenerContainer$AsyncMessageProcessingConsumer.run(SimpleMessageListenerContainer.java:1326) ~[spring-rabbit-3.2.3.jar:3.2.3]
	at java.base/java.lang.Thread.run(Thread.java:1570) ~[na:na]
Caused by: java.lang.SecurityException: Attempt to deserialize unauthorized class com.example.AddressBookManagement.DTO.RabbitMQMessageDTO; add allowed class name patterns to the message converter or, if you trust the message originator, set environment variable 'SPRING_AMQP_DESERIALIZATION_TRUST_ALL' or system property 'spring.amqp.deserialization.trust.all' to true
	at org.springframework.amqp.utils.SerializationUtils.checkAllowedList(SerializationUtils.java:164) ~[spring-amqp-3.2.3.jar:3.2.3]
	at org.springframework.amqp.support.converter.AllowedListDeserializingMessageConverter.checkAllowedList(AllowedListDeserializingMessageConverter.java:62) ~[spring-amqp-3.2.3.jar:3.2.3]
	at org.springframework.amqp.support.converter.SimpleMessageConverter$1.resolveClass(SimpleMessageConverter.java:160) ~[spring-amqp-3.2.3.jar:3.2.3]
	at java.base/java.io.ObjectInputStream.readNonProxyDesc(ObjectInputStream.java:2046) ~[na:na]
	at java.base/java.io.ObjectInputStream.readClassDesc(ObjectInputStream.java:1912) ~[na:na]
	at java.base/java.io.ObjectInputStream.readOrdinaryObject(ObjectInputStream.java:2237) ~[na:na]
	at java.base/java.io.ObjectInputStream.readObject0(ObjectInputStream.java:1747) ~[na:na]
	at java.base/java.io.ObjectInputStream.readObject(ObjectInputStream.java:525) ~[na:na]
	at java.base/java.io.ObjectInputStream.readObject(ObjectInputStream.java:483) ~[na:na]
	at org.springframework.amqp.utils.SerializationUtils.deserialize(SerializationUtils.java:102) ~[spring-amqp-3.2.3.jar:3.2.3]
	at org.springframework.amqp.support.converter.SimpleMessageConverter.fromMessage(SimpleMessageConverter.java:93) ~[spring-amqp-3.2.3.jar:3.2.3]
	at org.springframework.amqp.rabbit.listener.adapter.AbstractAdaptableMessageListener.extractMessage(AbstractAdaptableMessageListener.java:349) ~[spring-rabbit-3.2.3.jar:3.2.3]
	at org.springframework.amqp.rabbit.listener.adapter.MessagingMessageListenerAdapter$MessagingMessageConverterAdapter.extractPayload(MessagingMessageListenerAdapter.java:378) ~[spring-rabbit-3.2.3.jar:3.2.3]
	at org.springframework.amqp.support.converter.MessagingMessageConverter.fromMessage(MessagingMessageConverter.java:132) ~[spring-amqp-3.2.3.jar:3.2.3]
	at org.springframework.amqp.rabbit.listener.adapter.MessagingMessageListenerAdapter.toMessagingMessage(MessagingMessageListenerAdapter.java:251) ~[spring-rabbit-3.2.3.jar:3.2.3]
	at org.springframework.amqp.rabbit.listener.adapter.MessagingMessageListenerAdapter.onMessage(MessagingMessageListenerAdapter.java:147) ~[spring-rabbit-3.2.3.jar:3.2.3]
	... 13 common frames omitted

2025-03-18T10:52:34.794+05:30  WARN 8620 --- [org.springframework.amqp.rabbit.RabbitListenerEndpointContainer#0-1] s.a.r.l.ConditionalRejectingErrorHandler : Execution of Rabbit message listener failed.

org.springframework.amqp.rabbit.support.ListenerExecutionFailedException: Failed to convert message
	at org.springframework.amqp.rabbit.listener.adapter.MessagingMessageListenerAdapter.onMessage(MessagingMessageListenerAdapter.java:157) ~[spring-rabbit-3.2.3.jar:3.2.3]
	at org.springframework.amqp.rabbit.listener.AbstractMessageListenerContainer.doInvokeListener(AbstractMessageListenerContainer.java:1694) ~[spring-rabbit-3.2.3.jar:3.2.3]
	at org.springframework.amqp.rabbit.listener.AbstractMessageListenerContainer.actualInvokeListener(AbstractMessageListenerContainer.java:1616) ~[spring-rabbit-3.2.3.jar:3.2.3]
	at org.springframework.amqp.rabbit.listener.AbstractMessageListenerContainer.invokeListener(AbstractMessageListenerContainer.java:1604) ~[spring-rabbit-3.2.3.jar:3.2.3]
	at org.springframework.amqp.rabbit.listener.AbstractMessageListenerContainer.doExecuteListener(AbstractMessageListenerContainer.java:1595) ~[spring-rabbit-3.2.3.jar:3.2.3]
	at org.springframework.amqp.rabbit.listener.AbstractMessageListenerContainer.executeListenerAndHandleException(AbstractMessageListenerContainer.java:1540) ~[spring-rabbit-3.2.3.jar:3.2.3]
	at org.springframework.amqp.rabbit.listener.AbstractMessageListenerContainer.lambda$executeListener$8(AbstractMessageListenerContainer.java:1518) ~[spring-rabbit-3.2.3.jar:3.2.3]
	at io.micrometer.observation.Observation.observe(Observation.java:498) ~[micrometer-observation-1.14.4.jar:1.14.4]
	at org.springframework.amqp.rabbit.listener.AbstractMessageListenerContainer.executeListener(AbstractMessageListenerContainer.java:1518) ~[spring-rabbit-3.2.3.jar:3.2.3]
	at org.springframework.amqp.rabbit.listener.SimpleMessageListenerContainer.doReceiveAndExecute(SimpleMessageListenerContainer.java:1086) ~[spring-rabbit-3.2.3.jar:3.2.3]
	at org.springframework.amqp.rabbit.listener.SimpleMessageListenerContainer.receiveAndExecute(SimpleMessageListenerContainer.java:1022) ~[spring-rabbit-3.2.3.jar:3.2.3]
	at org.springframework.amqp.rabbit.listener.SimpleMessageListenerContainer$AsyncMessageProcessingConsumer.mainLoop(SimpleMessageListenerContainer.java:1425) ~[spring-rabbit-3.2.3.jar:3.2.3]
	at org.springframework.amqp.rabbit.listener.SimpleMessageListenerContainer$AsyncMessageProcessingConsumer.run(SimpleMessageListenerContainer.java:1326) ~[spring-rabbit-3.2.3.jar:3.2.3]
	at java.base/java.lang.Thread.run(Thread.java:1570) ~[na:na]
Caused by: java.lang.SecurityException: Attempt to deserialize unauthorized class com.example.AddressBookManagement.DTO.RabbitMQMessageDTO; add allowed class name patterns to the message converter or, if you trust the message originator, set environment variable 'SPRING_AMQP_DESERIALIZATION_TRUST_ALL' or system property 'spring.amqp.deserialization.trust.all' to true
	at org.springframework.amqp.utils.SerializationUtils.checkAllowedList(SerializationUtils.java:164) ~[spring-amqp-3.2.3.jar:3.2.3]
	at org.springframework.amqp.support.converter.AllowedListDeserializingMessageConverter.checkAllowedList(AllowedListDeserializingMessageConverter.java:62) ~[spring-amqp-3.2.3.jar:3.2.3]
	at org.springframework.amqp.support.converter.SimpleMessageConverter$1.resolveClass(SimpleMessageConverter.java:160) ~[spring-amqp-3.2.3.jar:3.2.3]
	at java.base/java.io.ObjectInputStream.readNonProxyDesc(ObjectInputStream.java:2046) ~[na:na]
	at java.base/java.io.ObjectInputStream.readClassDesc(ObjectInputStream.java:1912) ~[na:na]
	at java.base/java.io.ObjectInputStream.readOrdinaryObject(ObjectInputStream.java:2237) ~[na:na]
	at java.base/java.io.ObjectInputStream.readObject0(ObjectInputStream.java:1747) ~[na:na]
	at java.base/java.io.ObjectInputStream.readObject(ObjectInputStream.java:525) ~[na:na]
	at java.base/java.io.ObjectInputStream.readObject(ObjectInputStream.java:483) ~[na:na]
	at org.springframework.amqp.utils.SerializationUtils.deserialize(SerializationUtils.java:102) ~[spring-amqp-3.2.3.jar:3.2.3]
	at org.springframework.amqp.support.converter.SimpleMessageConverter.fromMessage(SimpleMessageConverter.java:93) ~[spring-amqp-3.2.3.jar:3.2.3]
	at org.springframework.amqp.rabbit.listener.adapter.AbstractAdaptableMessageListener.extractMessage(AbstractAdaptableMessageListener.java:349) ~[spring-rabbit-3.2.3.jar:3.2.3]
	at org.springframework.amqp.rabbit.listener.adapter.MessagingMessageListenerAdapter$MessagingMessageConverterAdapter.extractPayload(MessagingMessageListenerAdapter.java:378) ~[spring-rabbit-3.2.3.jar:3.2.3]
	at org.springframework.amqp.support.converter.MessagingMessageConverter.fromMessage(MessagingMessageConverter.java:132) ~[spring-amqp-3.2.3.jar:3.2.3]
	at org.springframework.amqp.rabbit.listener.adapter.MessagingMessageListenerAdapter.toMessagingMessage(MessagingMessageListenerAdapter.java:251) ~[spring-rabbit-3.2.3.jar:3.2.3]
	at org.springframework.amqp.rabbit.listener.adapter.MessagingMessageListenerAdapter.onMessage(MessagingMessageListenerAdapter.java:147) ~[spring-rabbit-3.2.3.jar:3.2.3]
	... 13 common frames omitted

2025-03-18T10:52:34.797+05:30  WARN 8620 --- [org.springframework.amqp.rabbit.RabbitListenerEndpointContainer#0-1] s.a.r.l.ConditionalRejectingErrorHandler : Execution of Rabbit message listener failed.

org.springframework.amqp.rabbit.support.ListenerExecutionFailedException: Failed to convert message
	at org.springframework.amqp.rabbit.listener.adapter.MessagingMessageListenerAdapter.onMessage(MessagingMessageListenerAdapter.java:157) ~[spring-rabbit-3.2.3.jar:3.2.3]
	at org.springframework.amqp.rabbit.listener.AbstractMessageListenerContainer.doInvokeListener(AbstractMessageListenerContainer.java:1694) ~[spring-rabbit-3.2.3.jar:3.2.3]
	at org.springframework.amqp.rabbit.listener.AbstractMessageListenerContainer.actualInvokeListener(AbstractMessageListenerContainer.java:1616) ~[spring-rabbit-3.2.3.jar:3.2.3]
	at org.springframework.amqp.rabbit.listener.AbstractMessageListenerContainer.invokeListener(AbstractMessageListenerContainer.java:1604) ~[spring-rabbit-3.2.3.jar:3.2.3]
	at org.springframework.amqp.rabbit.listener.AbstractMessageListenerContainer.doExecuteListener(AbstractMessageListenerContainer.java:1595) ~[spring-rabbit-3.2.3.jar:3.2.3]
	at org.springframework.amqp.rabbit.listener.AbstractMessageListenerContainer.executeListenerAndHandleException(AbstractMessageListenerContainer.java:1540) ~[spring-rabbit-3.2.3.jar:3.2.3]
	at org.springframework.amqp.rabbit.listener.AbstractMessageListenerContainer.lambda$executeListener$8(AbstractMessageListenerContainer.java:1518) ~[spring-rabbit-3.2.3.jar:3.2.3]
	at io.micrometer.observation.Observation.observe(Observation.java:498) ~[micrometer-observation-1.14.4.jar:1.14.4]
	at org.springframework.amqp.rabbit.listener.AbstractMessageListenerContainer.executeListener(AbstractMessageListenerContainer.java:1518) ~[spring-rabbit-3.2.3.jar:3.2.3]
	at org.springframework.amqp.rabbit.listener.SimpleMessageListenerContainer.doReceiveAndExecute(SimpleMessageListenerContainer.java:1086) ~[spring-rabbit-3.2.3.jar:3.2.3]
	at org.springframework.amqp.rabbit.listener.SimpleMessageListenerContainer.receiveAndExecute(SimpleMessageListenerContainer.java:1022) ~[spring-rabbit-3.2.3.jar:3.2.3]
	at org.springframework.amqp.rabbit.listener.SimpleMessageListenerContainer$AsyncMessageProcessingConsumer.mainLoop(SimpleMessageListenerContainer.java:1425) ~[spring-rabbit-3.2.3.jar:3.2.3]
	at org.springframework.amqp.rabbit.listener.SimpleMessageListenerContainer$AsyncMessageProcessingConsumer.run(SimpleMessageListenerContainer.java:1326) ~[spring-rabbit-3.2.3.jar:3.2.3]
	at java.base/java.lang.Thread.run(Thread.java:1570) ~[na:na]
Caused by: java.lang.SecurityException: Attempt to deserialize unauthorized class com.example.AddressBookManagement.DTO.RabbitMQMessageDTO; add allowed class name patterns to the message converter or, if you trust the message originator, set environment variable 'SPRING_AMQP_DESERIALIZATION_TRUST_ALL' or system property 'spring.amqp.deserialization.trust.all' to true
	at org.springframework.amqp.utils.SerializationUtils.checkAllowedList(SerializationUtils.java:164) ~[spring-amqp-3.2.3.jar:3.2.3]
	at org.springframework.amqp.support.converter.AllowedListDeserializingMessageConverter.checkAllowedList(AllowedListDeserializingMessageConverter.java:62) ~[spring-amqp-3.2.3.jar:3.2.3]
	at org.springframework.amqp.support.converter.SimpleMessageConverter$1.resolveClass(SimpleMessageConverter.java:160) ~[spring-amqp-3.2.3.jar:3.2.3]
	at java.base/java.io.ObjectInputStream.readNonProxyDesc(ObjectInputStream.java:2046) ~[na:na]
	at java.base/java.io.ObjectInputStream.readClassDesc(ObjectInputStream.java:1912) ~[na:na]
	at java.base/java.io.ObjectInputStream.readOrdinaryObject(ObjectInputStream.java:2237) ~[na:na]
	at java.base/java.io.ObjectInputStream.readObject0(ObjectInputStream.java:1747) ~[na:na]
	at java.base/java.io.ObjectInputStream.readObject(ObjectInputStream.java:525) ~[na:na]
	at java.base/java.io.ObjectInputStream.readObject(ObjectInputStream.java:483) ~[na:na]
	at org.springframework.amqp.utils.SerializationUtils.deserialize(SerializationUtils.java:102) ~[spring-amqp-3.2.3.jar:3.2.3]
	at org.springframework.amqp.support.converter.SimpleMessageConverter.fromMessage(SimpleMessageConverter.java:93) ~[spring-amqp-3.2.3.jar:3.2.3]
	at org.springframework.amqp.rabbit.listener.adapter.AbstractAdaptableMessageListener.extractMessage(AbstractAdaptableMessageListener.java:349) ~[spring-rabbit-3.2.3.jar:3.2.3]
	at org.springframework.amqp.rabbit.listener.adapter.MessagingMessageListenerAdapter$MessagingMessageConverterAdapter.extractPayload(MessagingMessageListenerAdapter.java:378) ~[spring-rabbit-3.2.3.jar:3.2.3]
	at org.springframework.amqp.support.converter.MessagingMessageConverter.fromMessage(MessagingMessageConverter.java:132) ~[spring-amqp-3.2.3.jar:3.2.3]
	at org.springframework.amqp.rabbit.listener.adapter.MessagingMessageListenerAdapter.toMessagingMessage(MessagingMessageListenerAdapter.java:251) ~[spring-rabbit-3.2.3.jar:3.2.3]
	at org.springframework.amqp.rabbit.listener.adapter.MessagingMessageListenerAdapter.onMessage(MessagingMessageListenerAdapter.java:147) ~[spring-rabbit-3.2.3.jar:3.2.3]
	... 13 common frames omitted

2025-03-18T10:52:34.829+05:30  INFO 8620 --- [org.springframework.amqp.rabbit.RabbitListenerEndpointContainer#0-2] o.s.a.r.l.SimpleMessageListenerContainer : Waiting for workers to finish.
2025-03-18T10:52:34.831+05:30  INFO 8620 --- [org.springframework.amqp.rabbit.RabbitListenerEndpointContainer#0-2] o.s.a.r.l.SimpleMessageListenerContainer : Successfully waited for workers to finish.
2025-03-18T10:52:34.841+05:30  INFO 8620 --- [SpringApplicationShutdownHook] o.s.b.w.e.tomcat.GracefulShutdown        : Commencing graceful shutdown. Waiting for active requests to complete
2025-03-18T10:52:34.864+05:30  INFO 8620 --- [tomcat-shutdown] o.s.b.w.e.tomcat.GracefulShutdown        : Graceful shutdown complete
2025-03-18T10:52:34.939+05:30  INFO 8620 --- [SpringApplicationShutdownHook] j.LocalContainerEntityManagerFactoryBean : Closing JPA EntityManagerFactory for persistence unit 'default'
2025-03-18T10:52:34.974+05:30  INFO 8620 --- [SpringApplicationShutdownHook] com.zaxxer.hikari.HikariDataSource       : HikariPool-1 - Shutdown initiated...
2025-03-18T10:52:35.012+05:30  INFO 8620 --- [SpringApplicationShutdownHook] com.zaxxer.hikari.HikariDataSource       : HikariPool-1 - Shutdown completed.
2025-03-18T10:52:42.057+05:30  INFO 20768 --- [restartedMain] c.e.A.AddressBookManagementApplication   : Starting AddressBookManagementApplication using Java 22 with PID 20768 (C:\Users\SHIVA SHUKLA\Desktop\SpringBoot BridgeLabz\AddressBookManagement-main\target\classes started by root in C:\Users\SHIVA SHUKLA\Desktop\SpringBoot BridgeLabz\AddressBookManagement-main)
2025-03-18T10:52:42.060+05:30 DEBUG 20768 --- [restartedMain] c.e.A.AddressBookManagementApplication   : Running with Spring Boot v3.4.3, Spring v6.2.3
2025-03-18T10:52:42.062+05:30  INFO 20768 --- [restartedMain] c.e.A.AddressBookManagementApplication   : No active profile set, falling back to 1 default profile: "default"
2025-03-18T10:52:42.180+05:30  INFO 20768 --- [restartedMain] .e.DevToolsPropertyDefaultsPostProcessor : Devtools property defaults active! Set 'spring.devtools.add-properties' to 'false' to disable
2025-03-18T10:52:42.181+05:30  INFO 20768 --- [restartedMain] .e.DevToolsPropertyDefaultsPostProcessor : For additional web related logging consider setting the 'logging.level.web' property to 'DEBUG'
2025-03-18T10:52:44.220+05:30  INFO 20768 --- [restartedMain] .s.d.r.c.RepositoryConfigurationDelegate : Multiple Spring Data modules found, entering strict repository configuration mode
2025-03-18T10:52:44.223+05:30  INFO 20768 --- [restartedMain] .s.d.r.c.RepositoryConfigurationDelegate : Bootstrapping Spring Data JPA repositories in DEFAULT mode.
2025-03-18T10:52:44.473+05:30  INFO 20768 --- [restartedMain] .s.d.r.c.RepositoryConfigurationDelegate : Finished Spring Data repository scanning in 234 ms. Found 2 JPA repository interfaces.
2025-03-18T10:52:44.503+05:30  INFO 20768 --- [restartedMain] .s.d.r.c.RepositoryConfigurationDelegate : Multiple Spring Data modules found, entering strict repository configuration mode
2025-03-18T10:52:44.505+05:30  INFO 20768 --- [restartedMain] .s.d.r.c.RepositoryConfigurationDelegate : Bootstrapping Spring Data Redis repositories in DEFAULT mode.
2025-03-18T10:52:44.529+05:30  INFO 20768 --- [restartedMain] .RepositoryConfigurationExtensionSupport : Spring Data Redis - Could not safely identify store assignment for repository candidate interface com.example.AddressBookManagement.repository.AddressRepository; If you want this repository to be a Redis repository, consider annotating your entities with one of these annotations: org.springframework.data.redis.core.RedisHash (preferred), or consider extending one of the following types with your repository: org.springframework.data.keyvalue.repository.KeyValueRepository
2025-03-18T10:52:44.530+05:30  INFO 20768 --- [restartedMain] .RepositoryConfigurationExtensionSupport : Spring Data Redis - Could not safely identify store assignment for repository candidate interface com.example.AddressBookManagement.repository.AuthUserRepository; If you want this repository to be a Redis repository, consider annotating your entities with one of these annotations: org.springframework.data.redis.core.RedisHash (preferred), or consider extending one of the following types with your repository: org.springframework.data.keyvalue.repository.KeyValueRepository
2025-03-18T10:52:44.531+05:30  INFO 20768 --- [restartedMain] .s.d.r.c.RepositoryConfigurationDelegate : Finished Spring Data repository scanning in 12 ms. Found 0 Redis repository interfaces.
2025-03-18T10:52:45.803+05:30  INFO 20768 --- [restartedMain] o.s.b.w.embedded.tomcat.TomcatWebServer  : Tomcat initialized with port 8080 (http)
2025-03-18T10:52:45.829+05:30  INFO 20768 --- [restartedMain] o.apache.catalina.core.StandardService   : Starting service [Tomcat]
2025-03-18T10:52:45.830+05:30  INFO 20768 --- [restartedMain] o.apache.catalina.core.StandardEngine    : Starting Servlet engine: [Apache Tomcat/10.1.36]
2025-03-18T10:52:45.921+05:30  INFO 20768 --- [restartedMain] o.a.c.c.C.[Tomcat].[localhost].[/]       : Initializing Spring embedded WebApplicationContext
2025-03-18T10:52:45.922+05:30  INFO 20768 --- [restartedMain] w.s.c.ServletWebServerApplicationContext : Root WebApplicationContext: initialization completed in 3739 ms
2025-03-18T10:52:46.611+05:30  INFO 20768 --- [restartedMain] o.hibernate.jpa.internal.util.LogHelper  : HHH000204: Processing PersistenceUnitInfo [name: default]
2025-03-18T10:52:46.711+05:30  INFO 20768 --- [restartedMain] org.hibernate.Version                    : HHH000412: Hibernate ORM core version 6.6.8.Final
2025-03-18T10:52:46.773+05:30  INFO 20768 --- [restartedMain] o.h.c.internal.RegionFactoryInitiator    : HHH000026: Second-level cache disabled
2025-03-18T10:52:47.253+05:30  INFO 20768 --- [restartedMain] o.s.o.j.p.SpringPersistenceUnitInfo      : No LoadTimeWeaver setup: ignoring JPA class transformer
2025-03-18T10:52:47.298+05:30  INFO 20768 --- [restartedMain] com.zaxxer.hikari.HikariDataSource       : HikariPool-1 - Starting...
2025-03-18T10:52:47.538+05:30  INFO 20768 --- [restartedMain] com.zaxxer.hikari.pool.HikariPool        : HikariPool-1 - Added connection com.mysql.cj.jdbc.ConnectionImpl@3a552b14
2025-03-18T10:52:47.540+05:30  INFO 20768 --- [restartedMain] com.zaxxer.hikari.HikariDataSource       : HikariPool-1 - Start completed.
2025-03-18T10:52:47.592+05:30  WARN 20768 --- [restartedMain] org.hibernate.orm.deprecation            : HHH90000025: MySQL8Dialect does not need to be specified explicitly using 'hibernate.dialect' (remove the property setting and it will be selected by default)
2025-03-18T10:52:47.594+05:30  WARN 20768 --- [restartedMain] org.hibernate.orm.deprecation            : HHH90000026: MySQL8Dialect has been deprecated; use org.hibernate.dialect.MySQLDialect instead
2025-03-18T10:52:47.614+05:30  INFO 20768 --- [restartedMain] org.hibernate.orm.connections.pooling    : HHH10001005: Database info:
	Database JDBC URL [Connecting through datasource 'HikariDataSource (HikariPool-1)']
	Database driver: undefined/unknown
	Database version: 8.0
	Autocommit mode: undefined/unknown
	Isolation level: undefined/unknown
	Minimum pool size: undefined/unknown
	Maximum pool size: undefined/unknown
2025-03-18T10:52:48.780+05:30  INFO 20768 --- [restartedMain] o.h.e.t.j.p.i.JtaPlatformInitiator       : HHH000489: No JTA platform available (set 'hibernate.transaction.jta.platform' to enable JTA platform integration)
2025-03-18T10:52:48.846+05:30  INFO 20768 --- [restartedMain] j.LocalContainerEntityManagerFactoryBean : Initialized JPA EntityManagerFactory for persistence unit 'default'
2025-03-18T10:52:49.254+05:30  WARN 20768 --- [restartedMain] .s.s.UserDetailsServiceAutoConfiguration : 

Using generated security password: 4941f5dc-0a09-4f96-848c-9ce02df76c1e

This generated password is for development use only. Your security configuration must be updated before running your application in production.

2025-03-18T10:52:49.323+05:30 DEBUG 20768 --- [restartedMain] c.e.A.security.JwtRequestFilter          : Filter 'jwtRequestFilter' configured for use
2025-03-18T10:52:50.079+05:30  WARN 20768 --- [restartedMain] JpaBaseConfiguration$JpaWebConfiguration : spring.jpa.open-in-view is enabled by default. Therefore, database queries may be performed during view rendering. Explicitly configure spring.jpa.open-in-view to disable this warning
2025-03-18T10:52:50.129+05:30  INFO 20768 --- [restartedMain] r$InitializeUserDetailsManagerConfigurer : Global AuthenticationManager configured with UserDetailsService bean with name inMemoryUserDetailsManager
2025-03-18T10:52:51.531+05:30  INFO 20768 --- [restartedMain] o.s.b.d.a.OptionalLiveReloadServer       : LiveReload server is running on port 35729
2025-03-18T10:52:51.611+05:30  INFO 20768 --- [restartedMain] o.s.b.w.embedded.tomcat.TomcatWebServer  : Tomcat started on port 8080 (http) with context path '/'
2025-03-18T10:52:51.615+05:30  INFO 20768 --- [restartedMain] o.s.a.r.c.CachingConnectionFactory       : Attempting to connect to: [localhost:5672]
2025-03-18T10:52:51.685+05:30  INFO 20768 --- [restartedMain] o.s.a.r.c.CachingConnectionFactory       : Created new connection: rabbitConnectionFactory#760f25db:0/SimpleConnection@71cd71ce [delegate=amqp://guest@127.0.0.1:5672/, localPort=54064]
2025-03-18T10:52:51.828+05:30  INFO 20768 --- [restartedMain] c.e.A.AddressBookManagementApplication   : Started AddressBookManagementApplication in 10.731 seconds (process running for 11.638)
2025-03-18T10:52:51.832+05:30  WARN 20768 --- [org.springframework.amqp.rabbit.RabbitListenerEndpointContainer#0-1] o.s.a.s.c.Jackson2JsonMessageConverter   : Could not convert incoming message with content-type [application/x-java-serialized-object], 'json' keyword missing.
2025-03-18T10:52:51.839+05:30  WARN 20768 --- [org.springframework.amqp.rabbit.RabbitListenerEndpointContainer#0-1] s.a.r.l.ConditionalRejectingErrorHandler : Execution of Rabbit message listener failed.

org.springframework.amqp.rabbit.support.ListenerExecutionFailedException: Listener method could not be invoked with the incoming message
Endpoint handler details:
Method [public void com.example.AddressBookManagement.services.RabbitMQConsumer.receiveMessage(com.example.AddressBookManagement.DTO.RabbitMQMessageDTO)]
Bean [com.example.AddressBookManagement.services.RabbitMQConsumer@5d4caccb]
	at org.springframework.amqp.rabbit.listener.adapter.MessagingMessageListenerAdapter.invokeHandler(MessagingMessageListenerAdapter.java:274) ~[spring-rabbit-3.2.3.jar:3.2.3]
	at org.springframework.amqp.rabbit.listener.adapter.MessagingMessageListenerAdapter.invokeHandlerAndProcessResult(MessagingMessageListenerAdapter.java:217) ~[spring-rabbit-3.2.3.jar:3.2.3]
	at org.springframework.amqp.rabbit.listener.adapter.MessagingMessageListenerAdapter.onMessage(MessagingMessageListenerAdapter.java:148) ~[spring-rabbit-3.2.3.jar:3.2.3]
	at org.springframework.amqp.rabbit.listener.AbstractMessageListenerContainer.doInvokeListener(AbstractMessageListenerContainer.java:1694) ~[spring-rabbit-3.2.3.jar:3.2.3]
	at org.springframework.amqp.rabbit.listener.AbstractMessageListenerContainer.actualInvokeListener(AbstractMessageListenerContainer.java:1616) ~[spring-rabbit-3.2.3.jar:3.2.3]
	at org.springframework.amqp.rabbit.listener.AbstractMessageListenerContainer.invokeListener(AbstractMessageListenerContainer.java:1604) ~[spring-rabbit-3.2.3.jar:3.2.3]
	at org.springframework.amqp.rabbit.listener.AbstractMessageListenerContainer.doExecuteListener(AbstractMessageListenerContainer.java:1595) ~[spring-rabbit-3.2.3.jar:3.2.3]
	at org.springframework.amqp.rabbit.listener.AbstractMessageListenerContainer.executeListenerAndHandleException(AbstractMessageListenerContainer.java:1540) ~[spring-rabbit-3.2.3.jar:3.2.3]
	at org.springframework.amqp.rabbit.listener.AbstractMessageListenerContainer.lambda$executeListener$8(AbstractMessageListenerContainer.java:1518) ~[spring-rabbit-3.2.3.jar:3.2.3]
	at io.micrometer.observation.Observation.observe(Observation.java:498) ~[micrometer-observation-1.14.4.jar:1.14.4]
	at org.springframework.amqp.rabbit.listener.AbstractMessageListenerContainer.executeListener(AbstractMessageListenerContainer.java:1518) ~[spring-rabbit-3.2.3.jar:3.2.3]
	at org.springframework.amqp.rabbit.listener.SimpleMessageListenerContainer.doReceiveAndExecute(SimpleMessageListenerContainer.java:1086) ~[spring-rabbit-3.2.3.jar:3.2.3]
	at org.springframework.amqp.rabbit.listener.SimpleMessageListenerContainer.receiveAndExecute(SimpleMessageListenerContainer.java:1022) ~[spring-rabbit-3.2.3.jar:3.2.3]
	at org.springframework.amqp.rabbit.listener.SimpleMessageListenerContainer$AsyncMessageProcessingConsumer.mainLoop(SimpleMessageListenerContainer.java:1425) ~[spring-rabbit-3.2.3.jar:3.2.3]
	at org.springframework.amqp.rabbit.listener.SimpleMessageListenerContainer$AsyncMessageProcessingConsumer.run(SimpleMessageListenerContainer.java:1326) ~[spring-rabbit-3.2.3.jar:3.2.3]
	at java.base/java.lang.Thread.run(Thread.java:1570) ~[na:na]
Caused by: org.springframework.messaging.converter.MessageConversionException: Cannot convert from [[B] to [com.example.AddressBookManagement.DTO.RabbitMQMessageDTO] for GenericMessage [payload=byte[159], headers={amqp_receivedDeliveryMode=PERSISTENT, amqp_receivedRoutingKey=address_routing, amqp_receivedExchange=address_exchange, amqp_deliveryTag=1, amqp_consumerQueue=address_queue, amqp_redelivered=true, amqp_retryCount=0, id=12021e00-3931-4734-1a58-ceb5b0f44a97, amqp_consumerTag=amq.ctag-fYDxRnIDYYUOfV7-slf_NQ, amqp_lastInBatch=false, contentType=application/x-java-serialized-object, timestamp=1742275371837}]
	at org.springframework.messaging.handler.annotation.support.PayloadMethodArgumentResolver.resolveArgument(PayloadMethodArgumentResolver.java:151) ~[spring-messaging-6.2.3.jar:6.2.3]
	at org.springframework.amqp.rabbit.listener.adapter.AmqpMessageHandlerMethodFactory$OptionalEmptyAwarePayloadArgumentResolver.resolveArgument(AmqpMessageHandlerMethodFactory.java:99) ~[spring-rabbit-3.2.3.jar:3.2.3]
	at org.springframework.messaging.handler.invocation.HandlerMethodArgumentResolverComposite.resolveArgument(HandlerMethodArgumentResolverComposite.java:118) ~[spring-messaging-6.2.3.jar:6.2.3]
	at org.springframework.messaging.handler.invocation.InvocableHandlerMethod.getMethodArgumentValues(InvocableHandlerMethod.java:147) ~[spring-messaging-6.2.3.jar:6.2.3]
	at org.springframework.messaging.handler.invocation.InvocableHandlerMethod.invoke(InvocableHandlerMethod.java:115) ~[spring-messaging-6.2.3.jar:6.2.3]
	at org.springframework.amqp.rabbit.listener.adapter.HandlerAdapter.invoke(HandlerAdapter.java:75) ~[spring-rabbit-3.2.3.jar:3.2.3]
	at org.springframework.amqp.rabbit.listener.adapter.MessagingMessageListenerAdapter.invokeHandler(MessagingMessageListenerAdapter.java:270) ~[spring-rabbit-3.2.3.jar:3.2.3]
	... 15 common frames omitted

2025-03-18T10:52:51.852+05:30  WARN 20768 --- [org.springframework.amqp.rabbit.RabbitListenerEndpointContainer#0-1] ingErrorHandler$DefaultExceptionStrategy : Fatal message conversion error; message rejected; it will be dropped or routed to a dead letter exchange, if so configured: (Body:'[serialized object]' MessageProperties [headers={}, contentType=application/x-java-serialized-object, contentLength=0, receivedDeliveryMode=PERSISTENT, priority=0, redelivered=true, receivedExchange=address_exchange, receivedRoutingKey=address_routing, deliveryTag=1, consumerTag=amq.ctag-fYDxRnIDYYUOfV7-slf_NQ, consumerQueue=address_queue])
2025-03-18T10:52:51.852+05:30 ERROR 20768 --- [org.springframework.amqp.rabbit.RabbitListenerEndpointContainer#0-1] o.s.a.r.l.SimpleMessageListenerContainer : Execution of Rabbit message listener failed, and the error handler threw an exception

org.springframework.amqp.AmqpRejectAndDontRequeueException: Error Handler converted exception to fatal
	at org.springframework.amqp.rabbit.listener.ConditionalRejectingErrorHandler.handleError(ConditionalRejectingErrorHandler.java:148) ~[spring-rabbit-3.2.3.jar:3.2.3]
	at org.springframework.amqp.rabbit.listener.AbstractMessageListenerContainer.invokeErrorHandler(AbstractMessageListenerContainer.java:1487) ~[spring-rabbit-3.2.3.jar:3.2.3]
	at org.springframework.amqp.rabbit.listener.AbstractMessageListenerContainer.handleListenerException(AbstractMessageListenerContainer.java:1780) ~[spring-rabbit-3.2.3.jar:3.2.3]
	at org.springframework.amqp.rabbit.listener.AbstractMessageListenerContainer.executeListenerAndHandleException(AbstractMessageListenerContainer.java:1561) ~[spring-rabbit-3.2.3.jar:3.2.3]
	at org.springframework.amqp.rabbit.listener.AbstractMessageListenerContainer.lambda$executeListener$8(AbstractMessageListenerContainer.java:1518) ~[spring-rabbit-3.2.3.jar:3.2.3]
	at io.micrometer.observation.Observation.observe(Observation.java:498) ~[micrometer-observation-1.14.4.jar:1.14.4]
	at org.springframework.amqp.rabbit.listener.AbstractMessageListenerContainer.executeListener(AbstractMessageListenerContainer.java:1518) ~[spring-rabbit-3.2.3.jar:3.2.3]
	at org.springframework.amqp.rabbit.listener.SimpleMessageListenerContainer.doReceiveAndExecute(SimpleMessageListenerContainer.java:1086) ~[spring-rabbit-3.2.3.jar:3.2.3]
	at org.springframework.amqp.rabbit.listener.SimpleMessageListenerContainer.receiveAndExecute(SimpleMessageListenerContainer.java:1022) ~[spring-rabbit-3.2.3.jar:3.2.3]
	at org.springframework.amqp.rabbit.listener.SimpleMessageListenerContainer$AsyncMessageProcessingConsumer.mainLoop(SimpleMessageListenerContainer.java:1425) ~[spring-rabbit-3.2.3.jar:3.2.3]
	at org.springframework.amqp.rabbit.listener.SimpleMessageListenerContainer$AsyncMessageProcessingConsumer.run(SimpleMessageListenerContainer.java:1326) ~[spring-rabbit-3.2.3.jar:3.2.3]
	at java.base/java.lang.Thread.run(Thread.java:1570) ~[na:na]
Caused by: org.springframework.amqp.rabbit.support.ListenerExecutionFailedException: Listener method could not be invoked with the incoming message
Endpoint handler details:
Method [public void com.example.AddressBookManagement.services.RabbitMQConsumer.receiveMessage(com.example.AddressBookManagement.DTO.RabbitMQMessageDTO)]
Bean [com.example.AddressBookManagement.services.RabbitMQConsumer@5d4caccb]
	at org.springframework.amqp.rabbit.listener.adapter.MessagingMessageListenerAdapter.invokeHandler(MessagingMessageListenerAdapter.java:274) ~[spring-rabbit-3.2.3.jar:3.2.3]
	at org.springframework.amqp.rabbit.listener.adapter.MessagingMessageListenerAdapter.invokeHandlerAndProcessResult(MessagingMessageListenerAdapter.java:217) ~[spring-rabbit-3.2.3.jar:3.2.3]
	at org.springframework.amqp.rabbit.listener.adapter.MessagingMessageListenerAdapter.onMessage(MessagingMessageListenerAdapter.java:148) ~[spring-rabbit-3.2.3.jar:3.2.3]
	at org.springframework.amqp.rabbit.listener.AbstractMessageListenerContainer.doInvokeListener(AbstractMessageListenerContainer.java:1694) ~[spring-rabbit-3.2.3.jar:3.2.3]
	at org.springframework.amqp.rabbit.listener.AbstractMessageListenerContainer.actualInvokeListener(AbstractMessageListenerContainer.java:1616) ~[spring-rabbit-3.2.3.jar:3.2.3]
	at org.springframework.amqp.rabbit.listener.AbstractMessageListenerContainer.invokeListener(AbstractMessageListenerContainer.java:1604) ~[spring-rabbit-3.2.3.jar:3.2.3]
	at org.springframework.amqp.rabbit.listener.AbstractMessageListenerContainer.doExecuteListener(AbstractMessageListenerContainer.java:1595) ~[spring-rabbit-3.2.3.jar:3.2.3]
	at org.springframework.amqp.rabbit.listener.AbstractMessageListenerContainer.executeListenerAndHandleException(AbstractMessageListenerContainer.java:1540) ~[spring-rabbit-3.2.3.jar:3.2.3]
	... 8 common frames omitted
Caused by: org.springframework.messaging.converter.MessageConversionException: Cannot convert from [[B] to [com.example.AddressBookManagement.DTO.RabbitMQMessageDTO] for GenericMessage [payload=byte[159], headers={amqp_receivedDeliveryMode=PERSISTENT, amqp_receivedRoutingKey=address_routing, amqp_receivedExchange=address_exchange, amqp_deliveryTag=1, amqp_consumerQueue=address_queue, amqp_redelivered=true, amqp_retryCount=0, id=12021e00-3931-4734-1a58-ceb5b0f44a97, amqp_consumerTag=amq.ctag-fYDxRnIDYYUOfV7-slf_NQ, amqp_lastInBatch=false, contentType=application/x-java-serialized-object, timestamp=1742275371837}]
	at org.springframework.messaging.handler.annotation.support.PayloadMethodArgumentResolver.resolveArgument(PayloadMethodArgumentResolver.java:151) ~[spring-messaging-6.2.3.jar:6.2.3]
	at org.springframework.amqp.rabbit.listener.adapter.AmqpMessageHandlerMethodFactory$OptionalEmptyAwarePayloadArgumentResolver.resolveArgument(AmqpMessageHandlerMethodFactory.java:99) ~[spring-rabbit-3.2.3.jar:3.2.3]
	at org.springframework.messaging.handler.invocation.HandlerMethodArgumentResolverComposite.resolveArgument(HandlerMethodArgumentResolverComposite.java:118) ~[spring-messaging-6.2.3.jar:6.2.3]
	at org.springframework.messaging.handler.invocation.InvocableHandlerMethod.getMethodArgumentValues(InvocableHandlerMethod.java:147) ~[spring-messaging-6.2.3.jar:6.2.3]
	at org.springframework.messaging.handler.invocation.InvocableHandlerMethod.invoke(InvocableHandlerMethod.java:115) ~[spring-messaging-6.2.3.jar:6.2.3]
	at org.springframework.amqp.rabbit.listener.adapter.HandlerAdapter.invoke(HandlerAdapter.java:75) ~[spring-rabbit-3.2.3.jar:3.2.3]
	at org.springframework.amqp.rabbit.listener.adapter.MessagingMessageListenerAdapter.invokeHandler(MessagingMessageListenerAdapter.java:270) ~[spring-rabbit-3.2.3.jar:3.2.3]
	... 15 common frames omitted

2025-03-18T10:54:36.704+05:30  INFO 20768 --- [http-nio-8080-exec-2] o.a.c.c.C.[Tomcat].[localhost].[/]       : Initializing Spring DispatcherServlet 'dispatcherServlet'
2025-03-18T10:54:36.712+05:30  INFO 20768 --- [http-nio-8080-exec-2] o.s.web.servlet.DispatcherServlet        : Initializing Servlet 'dispatcherServlet'
2025-03-18T10:54:36.756+05:30  INFO 20768 --- [http-nio-8080-exec-2] o.s.web.servlet.DispatcherServlet        : Completed initialization in 43 ms
2025-03-18T10:55:09.727+05:30  INFO 20768 --- [http-nio-8080-exec-3] c.e.A.controller.AddressController       : Received request to fetch all addresses
2025-03-18T10:55:10.470+05:30  INFO 20768 --- [http-nio-8080-exec-3] c.e.A.services.AddressServiceImpl        : Fetching all addresses from DB
2025-03-18T10:55:10.506+05:30 ERROR 20768 --- [http-nio-8080-exec-3] c.e.A.controller.AddressController       : Error fetching all addresses

org.springframework.data.redis.serializer.SerializationException: Cannot serialize
	at org.springframework.data.redis.serializer.JdkSerializationRedisSerializer.serialize(JdkSerializationRedisSerializer.java:98) ~[spring-data-redis-3.4.3.jar:3.4.3]
	at org.springframework.data.redis.serializer.DefaultRedisElementWriter.write(DefaultRedisElementWriter.java:42) ~[spring-data-redis-3.4.3.jar:3.4.3]
	at org.springframework.data.redis.serializer.RedisSerializationContext$SerializationPair.write(RedisSerializationContext.java:292) ~[spring-data-redis-3.4.3.jar:3.4.3]
	at org.springframework.data.redis.cache.RedisCache.serializeCacheValue(RedisCache.java:343) ~[spring-data-redis-3.4.3.jar:3.4.3]
	at org.springframework.data.redis.cache.RedisCache.put(RedisCache.java:204) ~[spring-data-redis-3.4.3.jar:3.4.3]
	at org.springframework.cache.interceptor.AbstractCacheInvoker.doPut(AbstractCacheInvoker.java:164) ~[spring-context-6.2.3.jar:6.2.3]
	at org.springframework.cache.interceptor.CacheAspectSupport$CachePutRequest.performCachePut(CacheAspectSupport.java:1051) ~[spring-context-6.2.3.jar:6.2.3]
	at org.springframework.cache.interceptor.CacheAspectSupport$CachePutRequest.apply(CacheAspectSupport.java:1036) ~[spring-context-6.2.3.jar:6.2.3]
	at org.springframework.cache.interceptor.CacheAspectSupport.evaluate(CacheAspectSupport.java:580) ~[spring-context-6.2.3.jar:6.2.3]
	at org.springframework.cache.interceptor.CacheAspectSupport.execute(CacheAspectSupport.java:447) ~[spring-context-6.2.3.jar:6.2.3]
	at org.springframework.cache.interceptor.CacheAspectSupport.execute(CacheAspectSupport.java:409) ~[spring-context-6.2.3.jar:6.2.3]
	at org.springframework.cache.interceptor.CacheInterceptor.invoke(CacheInterceptor.java:65) ~[spring-context-6.2.3.jar:6.2.3]
	at org.springframework.aop.framework.ReflectiveMethodInvocation.proceed(ReflectiveMethodInvocation.java:184) ~[spring-aop-6.2.3.jar:6.2.3]
	at org.springframework.aop.framework.CglibAopProxy$DynamicAdvisedInterceptor.intercept(CglibAopProxy.java:727) ~[spring-aop-6.2.3.jar:6.2.3]
	at com.example.AddressBookManagement.services.AddressServiceImpl$$SpringCGLIB$$0.getAllAddresses(<generated>) ~[classes/:na]
	at com.example.AddressBookManagement.controller.AddressController.getAllAddresses(AddressController.java:53) ~[classes/:na]
	at java.base/jdk.internal.reflect.DirectMethodHandleAccessor.invoke(DirectMethodHandleAccessor.java:103) ~[na:na]
	at java.base/java.lang.reflect.Method.invoke(Method.java:580) ~[na:na]
	at org.springframework.web.method.support.InvocableHandlerMethod.doInvoke(InvocableHandlerMethod.java:257) ~[spring-web-6.2.3.jar:6.2.3]
	at org.springframework.web.method.support.InvocableHandlerMethod.invokeForRequest(InvocableHandlerMethod.java:190) ~[spring-web-6.2.3.jar:6.2.3]
	at org.springframework.web.servlet.mvc.method.annotation.ServletInvocableHandlerMethod.invokeAndHandle(ServletInvocableHandlerMethod.java:118) ~[spring-webmvc-6.2.3.jar:6.2.3]
	at org.springframework.web.servlet.mvc.method.annotation.RequestMappingHandlerAdapter.invokeHandlerMethod(RequestMappingHandlerAdapter.java:986) ~[spring-webmvc-6.2.3.jar:6.2.3]
	at org.springframework.web.servlet.mvc.method.annotation.RequestMappingHandlerAdapter.handleInternal(RequestMappingHandlerAdapter.java:891) ~[spring-webmvc-6.2.3.jar:6.2.3]
	at org.springframework.web.servlet.mvc.method.AbstractHandlerMethodAdapter.handle(AbstractHandlerMethodAdapter.java:87) ~[spring-webmvc-6.2.3.jar:6.2.3]
	at org.springframework.web.servlet.DispatcherServlet.doDispatch(DispatcherServlet.java:1088) ~[spring-webmvc-6.2.3.jar:6.2.3]
	at org.springframework.web.servlet.DispatcherServlet.doService(DispatcherServlet.java:978) ~[spring-webmvc-6.2.3.jar:6.2.3]
	at org.springframework.web.servlet.FrameworkServlet.processRequest(FrameworkServlet.java:1014) ~[spring-webmvc-6.2.3.jar:6.2.3]
	at org.springframework.web.servlet.FrameworkServlet.doGet(FrameworkServlet.java:903) ~[spring-webmvc-6.2.3.jar:6.2.3]
	at jakarta.servlet.http.HttpServlet.service(HttpServlet.java:564) ~[tomcat-embed-core-10.1.36.jar:6.0]
	at org.springframework.web.servlet.FrameworkServlet.service(FrameworkServlet.java:885) ~[spring-webmvc-6.2.3.jar:6.2.3]
	at jakarta.servlet.http.HttpServlet.service(HttpServlet.java:658) ~[tomcat-embed-core-10.1.36.jar:6.0]
	at org.apache.catalina.core.ApplicationFilterChain.internalDoFilter(ApplicationFilterChain.java:195) ~[tomcat-embed-core-10.1.36.jar:10.1.36]
	at org.apache.catalina.core.ApplicationFilterChain.doFilter(ApplicationFilterChain.java:140) ~[tomcat-embed-core-10.1.36.jar:10.1.36]
	at org.apache.tomcat.websocket.server.WsFilter.doFilter(WsFilter.java:51) ~[tomcat-embed-websocket-10.1.36.jar:10.1.36]
	at org.apache.catalina.core.ApplicationFilterChain.internalDoFilter(ApplicationFilterChain.java:164) ~[tomcat-embed-core-10.1.36.jar:10.1.36]
	at org.apache.catalina.core.ApplicationFilterChain.doFilter(ApplicationFilterChain.java:140) ~[tomcat-embed-core-10.1.36.jar:10.1.36]
	at com.example.AddressBookManagement.security.JwtRequestFilter.doFilterInternal(JwtRequestFilter.java:70) ~[classes/:na]
	at org.springframework.web.filter.OncePerRequestFilter.doFilter(OncePerRequestFilter.java:116) ~[spring-web-6.2.3.jar:6.2.3]
	at org.apache.catalina.core.ApplicationFilterChain.internalDoFilter(ApplicationFilterChain.java:164) ~[tomcat-embed-core-10.1.36.jar:10.1.36]
	at org.apache.catalina.core.ApplicationFilterChain.doFilter(ApplicationFilterChain.java:140) ~[tomcat-embed-core-10.1.36.jar:10.1.36]
	at org.springframework.web.filter.CompositeFilter$VirtualFilterChain.doFilter(CompositeFilter.java:108) ~[spring-web-6.2.3.jar:6.2.3]
	at org.springframework.security.web.FilterChainProxy.lambda$doFilterInternal$3(FilterChainProxy.java:231) ~[spring-security-web-6.4.3.jar:6.4.3]
	at org.springframework.security.web.FilterChainProxy$VirtualFilterChain.doFilter(FilterChainProxy.java:365) ~[spring-security-web-6.4.3.jar:6.4.3]
	at org.springframework.security.web.access.intercept.AuthorizationFilter.doFilter(AuthorizationFilter.java:101) ~[spring-security-web-6.4.3.jar:6.4.3]
	at org.springframework.security.web.FilterChainProxy$VirtualFilterChain.doFilter(FilterChainProxy.java:374) ~[spring-security-web-6.4.3.jar:6.4.3]
	at org.springframework.security.web.access.ExceptionTranslationFilter.doFilter(ExceptionTranslationFilter.java:126) ~[spring-security-web-6.4.3.jar:6.4.3]
	at org.springframework.security.web.access.ExceptionTranslationFilter.doFilter(ExceptionTranslationFilter.java:120) ~[spring-security-web-6.4.3.jar:6.4.3]
	at org.springframework.security.web.FilterChainProxy$VirtualFilterChain.doFilter(FilterChainProxy.java:374) ~[spring-security-web-6.4.3.jar:6.4.3]
	at org.springframework.security.web.authentication.AnonymousAuthenticationFilter.doFilter(AnonymousAuthenticationFilter.java:100) ~[spring-security-web-6.4.3.jar:6.4.3]
	at org.springframework.security.web.FilterChainProxy$VirtualFilterChain.doFilter(FilterChainProxy.java:374) ~[spring-security-web-6.4.3.jar:6.4.3]
	at org.springframework.security.web.servletapi.SecurityContextHolderAwareRequestFilter.doFilter(SecurityContextHolderAwareRequestFilter.java:179) ~[spring-security-web-6.4.3.jar:6.4.3]
	at org.springframework.security.web.FilterChainProxy$VirtualFilterChain.doFilter(FilterChainProxy.java:374) ~[spring-security-web-6.4.3.jar:6.4.3]
	at org.springframework.security.web.savedrequest.RequestCacheAwareFilter.doFilter(RequestCacheAwareFilter.java:63) ~[spring-security-web-6.4.3.jar:6.4.3]
	at org.springframework.security.web.FilterChainProxy$VirtualFilterChain.doFilter(FilterChainProxy.java:374) ~[spring-security-web-6.4.3.jar:6.4.3]
	at org.springframework.security.web.authentication.logout.LogoutFilter.doFilter(LogoutFilter.java:107) ~[spring-security-web-6.4.3.jar:6.4.3]
	at org.springframework.security.web.authentication.logout.LogoutFilter.doFilter(LogoutFilter.java:93) ~[spring-security-web-6.4.3.jar:6.4.3]
	at org.springframework.security.web.FilterChainProxy$VirtualFilterChain.doFilter(FilterChainProxy.java:374) ~[spring-security-web-6.4.3.jar:6.4.3]
	at org.springframework.security.web.header.HeaderWriterFilter.doHeadersAfter(HeaderWriterFilter.java:90) ~[spring-security-web-6.4.3.jar:6.4.3]
	at org.springframework.security.web.header.HeaderWriterFilter.doFilterInternal(HeaderWriterFilter.java:75) ~[spring-security-web-6.4.3.jar:6.4.3]
	at org.springframework.web.filter.OncePerRequestFilter.doFilter(OncePerRequestFilter.java:116) ~[spring-web-6.2.3.jar:6.2.3]
	at org.springframework.security.web.FilterChainProxy$VirtualFilterChain.doFilter(FilterChainProxy.java:374) ~[spring-security-web-6.4.3.jar:6.4.3]
	at org.springframework.security.web.context.SecurityContextHolderFilter.doFilter(SecurityContextHolderFilter.java:82) ~[spring-security-web-6.4.3.jar:6.4.3]
	at org.springframework.security.web.context.SecurityContextHolderFilter.doFilter(SecurityContextHolderFilter.java:69) ~[spring-security-web-6.4.3.jar:6.4.3]
	at org.springframework.security.web.FilterChainProxy$VirtualFilterChain.doFilter(FilterChainProxy.java:374) ~[spring-security-web-6.4.3.jar:6.4.3]
	at org.springframework.security.web.context.request.async.WebAsyncManagerIntegrationFilter.doFilterInternal(WebAsyncManagerIntegrationFilter.java:62) ~[spring-security-web-6.4.3.jar:6.4.3]
	at org.springframework.web.filter.OncePerRequestFilter.doFilter(OncePerRequestFilter.java:116) ~[spring-web-6.2.3.jar:6.2.3]
	at org.springframework.security.web.FilterChainProxy$VirtualFilterChain.doFilter(FilterChainProxy.java:374) ~[spring-security-web-6.4.3.jar:6.4.3]
	at org.springframework.security.web.session.DisableEncodeUrlFilter.doFilterInternal(DisableEncodeUrlFilter.java:42) ~[spring-security-web-6.4.3.jar:6.4.3]
	at org.springframework.web.filter.OncePerRequestFilter.doFilter(OncePerRequestFilter.java:116) ~[spring-web-6.2.3.jar:6.2.3]
	at org.springframework.security.web.FilterChainProxy$VirtualFilterChain.doFilter(FilterChainProxy.java:374) ~[spring-security-web-6.4.3.jar:6.4.3]
	at org.springframework.security.web.FilterChainProxy.doFilterInternal(FilterChainProxy.java:233) ~[spring-security-web-6.4.3.jar:6.4.3]
	at org.springframework.security.web.FilterChainProxy.doFilter(FilterChainProxy.java:191) ~[spring-security-web-6.4.3.jar:6.4.3]
	at org.springframework.web.filter.CompositeFilter$VirtualFilterChain.doFilter(CompositeFilter.java:113) ~[spring-web-6.2.3.jar:6.2.3]
	at org.springframework.web.servlet.handler.HandlerMappingIntrospector.lambda$createCacheFilter$3(HandlerMappingIntrospector.java:243) ~[spring-webmvc-6.2.3.jar:6.2.3]
	at org.springframework.web.filter.CompositeFilter$VirtualFilterChain.doFilter(CompositeFilter.java:113) ~[spring-web-6.2.3.jar:6.2.3]
	at org.springframework.web.filter.CompositeFilter.doFilter(CompositeFilter.java:74) ~[spring-web-6.2.3.jar:6.2.3]
	at org.springframework.security.config.annotation.web.configuration.WebMvcSecurityConfiguration$CompositeFilterChainProxy.doFilter(WebMvcSecurityConfiguration.java:238) ~[spring-security-config-6.4.3.jar:6.4.3]
	at org.springframework.web.filter.DelegatingFilterProxy.invokeDelegate(DelegatingFilterProxy.java:362) ~[spring-web-6.2.3.jar:6.2.3]
	at org.springframework.web.filter.DelegatingFilterProxy.doFilter(DelegatingFilterProxy.java:278) ~[spring-web-6.2.3.jar:6.2.3]
	at org.apache.catalina.core.ApplicationFilterChain.internalDoFilter(ApplicationFilterChain.java:164) ~[tomcat-embed-core-10.1.36.jar:10.1.36]
	at org.apache.catalina.core.ApplicationFilterChain.doFilter(ApplicationFilterChain.java:140) ~[tomcat-embed-core-10.1.36.jar:10.1.36]
	at org.springframework.web.filter.RequestContextFilter.doFilterInternal(RequestContextFilter.java:100) ~[spring-web-6.2.3.jar:6.2.3]
	at org.springframework.web.filter.OncePerRequestFilter.doFilter(OncePerRequestFilter.java:116) ~[spring-web-6.2.3.jar:6.2.3]
	at org.apache.catalina.core.ApplicationFilterChain.internalDoFilter(ApplicationFilterChain.java:164) ~[tomcat-embed-core-10.1.36.jar:10.1.36]
	at org.apache.catalina.core.ApplicationFilterChain.doFilter(ApplicationFilterChain.java:140) ~[tomcat-embed-core-10.1.36.jar:10.1.36]
	at org.springframework.web.filter.FormContentFilter.doFilterInternal(FormContentFilter.java:93) ~[spring-web-6.2.3.jar:6.2.3]
	at org.springframework.web.filter.OncePerRequestFilter.doFilter(OncePerRequestFilter.java:116) ~[spring-web-6.2.3.jar:6.2.3]
	at org.apache.catalina.core.ApplicationFilterChain.internalDoFilter(ApplicationFilterChain.java:164) ~[tomcat-embed-core-10.1.36.jar:10.1.36]
	at org.apache.catalina.core.ApplicationFilterChain.doFilter(ApplicationFilterChain.java:140) ~[tomcat-embed-core-10.1.36.jar:10.1.36]
	at org.springframework.web.filter.CharacterEncodingFilter.doFilterInternal(CharacterEncodingFilter.java:201) ~[spring-web-6.2.3.jar:6.2.3]
	at org.springframework.web.filter.OncePerRequestFilter.doFilter(OncePerRequestFilter.java:116) ~[spring-web-6.2.3.jar:6.2.3]
	at org.apache.catalina.core.ApplicationFilterChain.internalDoFilter(ApplicationFilterChain.java:164) ~[tomcat-embed-core-10.1.36.jar:10.1.36]
	at org.apache.catalina.core.ApplicationFilterChain.doFilter(ApplicationFilterChain.java:140) ~[tomcat-embed-core-10.1.36.jar:10.1.36]
	at org.apache.catalina.core.StandardWrapperValve.invoke(StandardWrapperValve.java:167) ~[tomcat-embed-core-10.1.36.jar:10.1.36]
	at org.apache.catalina.core.StandardContextValve.invoke(StandardContextValve.java:90) ~[tomcat-embed-core-10.1.36.jar:10.1.36]
	at org.apache.catalina.authenticator.AuthenticatorBase.invoke(AuthenticatorBase.java:483) ~[tomcat-embed-core-10.1.36.jar:10.1.36]
	at org.apache.catalina.core.StandardHostValve.invoke(StandardHostValve.java:115) ~[tomcat-embed-core-10.1.36.jar:10.1.36]
	at org.apache.catalina.valves.ErrorReportValve.invoke(ErrorReportValve.java:93) ~[tomcat-embed-core-10.1.36.jar:10.1.36]
	at org.apache.catalina.core.StandardEngineValve.invoke(StandardEngineValve.java:74) ~[tomcat-embed-core-10.1.36.jar:10.1.36]
	at org.apache.catalina.connector.CoyoteAdapter.service(CoyoteAdapter.java:344) ~[tomcat-embed-core-10.1.36.jar:10.1.36]
	at org.apache.coyote.http11.Http11Processor.service(Http11Processor.java:397) ~[tomcat-embed-core-10.1.36.jar:10.1.36]
	at org.apache.coyote.AbstractProcessorLight.process(AbstractProcessorLight.java:63) ~[tomcat-embed-core-10.1.36.jar:10.1.36]
	at org.apache.coyote.AbstractProtocol$ConnectionHandler.process(AbstractProtocol.java:905) ~[tomcat-embed-core-10.1.36.jar:10.1.36]
	at org.apache.tomcat.util.net.NioEndpoint$SocketProcessor.doRun(NioEndpoint.java:1743) ~[tomcat-embed-core-10.1.36.jar:10.1.36]
	at org.apache.tomcat.util.net.SocketProcessorBase.run(SocketProcessorBase.java:52) ~[tomcat-embed-core-10.1.36.jar:10.1.36]
	at org.apache.tomcat.util.threads.ThreadPoolExecutor.runWorker(ThreadPoolExecutor.java:1190) ~[tomcat-embed-core-10.1.36.jar:10.1.36]
	at org.apache.tomcat.util.threads.ThreadPoolExecutor$Worker.run(ThreadPoolExecutor.java:659) ~[tomcat-embed-core-10.1.36.jar:10.1.36]
	at org.apache.tomcat.util.threads.TaskThread$WrappingRunnable.run(TaskThread.java:63) ~[tomcat-embed-core-10.1.36.jar:10.1.36]
	at java.base/java.lang.Thread.run(Thread.java:1570) ~[na:na]
Caused by: org.springframework.core.serializer.support.SerializationFailedException: Failed to serialize object using DefaultSerializer
	at org.springframework.core.serializer.support.SerializingConverter.convert(SerializingConverter.java:64) ~[spring-core-6.2.3.jar:6.2.3]
	at org.springframework.core.serializer.support.SerializingConverter.convert(SerializingConverter.java:33) ~[spring-core-6.2.3.jar:6.2.3]
	at org.springframework.data.redis.serializer.JdkSerializationRedisSerializer.serialize(JdkSerializationRedisSerializer.java:96) ~[spring-data-redis-3.4.3.jar:3.4.3]
	... 108 common frames omitted
Caused by: java.io.NotSerializableException: com.example.AddressBookManagement.model.Address
	at java.base/java.io.ObjectOutputStream.writeObject0(ObjectOutputStream.java:1200) ~[na:na]
	at java.base/java.io.ObjectOutputStream.writeObject(ObjectOutputStream.java:358) ~[na:na]
	at java.base/java.util.ArrayList.writeObject(ArrayList.java:949) ~[na:na]
	at java.base/jdk.internal.reflect.DirectMethodHandleAccessor.invoke(DirectMethodHandleAccessor.java:103) ~[na:na]
	at java.base/java.lang.reflect.Method.invoke(Method.java:580) ~[na:na]
	at java.base/java.io.ObjectStreamClass.invokeWriteObject(ObjectStreamClass.java:1078) ~[na:na]
	at java.base/java.io.ObjectOutputStream.writeSerialData(ObjectOutputStream.java:1529) ~[na:na]
	at java.base/java.io.ObjectOutputStream.writeOrdinaryObject(ObjectOutputStream.java:1451) ~[na:na]
	at java.base/java.io.ObjectOutputStream.writeObject0(ObjectOutputStream.java:1194) ~[na:na]
	at java.base/java.io.ObjectOutputStream.writeObject(ObjectOutputStream.java:358) ~[na:na]
	at org.springframework.core.serializer.DefaultSerializer.serialize(DefaultSerializer.java:46) ~[spring-core-6.2.3.jar:6.2.3]
	at org.springframework.core.serializer.Serializer.serializeToByteArray(Serializer.java:56) ~[spring-core-6.2.3.jar:6.2.3]
	at org.springframework.core.serializer.support.SerializingConverter.convert(SerializingConverter.java:60) ~[spring-core-6.2.3.jar:6.2.3]
	... 110 common frames omitted

2025-03-18T10:59:06.316+05:30  INFO 20768 --- [org.springframework.amqp.rabbit.RabbitListenerEndpointContainer#0-2] o.s.a.r.l.SimpleMessageListenerContainer : Waiting for workers to finish.
2025-03-18T10:59:06.371+05:30  INFO 20768 --- [org.springframework.amqp.rabbit.RabbitListenerEndpointContainer#0-2] o.s.a.r.l.SimpleMessageListenerContainer : Successfully waited for workers to finish.
2025-03-18T10:59:06.383+05:30  INFO 20768 --- [SpringApplicationShutdownHook] o.s.b.w.e.tomcat.GracefulShutdown        : Commencing graceful shutdown. Waiting for active requests to complete
2025-03-18T10:59:06.408+05:30  INFO 20768 --- [tomcat-shutdown] o.s.b.w.e.tomcat.GracefulShutdown        : Graceful shutdown complete
2025-03-18T10:59:06.481+05:30  INFO 20768 --- [SpringApplicationShutdownHook] j.LocalContainerEntityManagerFactoryBean : Closing JPA EntityManagerFactory for persistence unit 'default'
2025-03-18T10:59:06.508+05:30  INFO 20768 --- [SpringApplicationShutdownHook] com.zaxxer.hikari.HikariDataSource       : HikariPool-1 - Shutdown initiated...
2025-03-18T10:59:06.532+05:30  INFO 20768 --- [SpringApplicationShutdownHook] com.zaxxer.hikari.HikariDataSource       : HikariPool-1 - Shutdown completed.
2025-03-18T10:59:13.808+05:30  INFO 22128 --- [restartedMain] c.e.A.AddressBookManagementApplication   : Starting AddressBookManagementApplication using Java 22 with PID 22128 (C:\Users\SHIVA SHUKLA\Desktop\SpringBoot BridgeLabz\AddressBookManagement-main\target\classes started by root in C:\Users\SHIVA SHUKLA\Desktop\SpringBoot BridgeLabz\AddressBookManagement-main)
2025-03-18T10:59:13.811+05:30 DEBUG 22128 --- [restartedMain] c.e.A.AddressBookManagementApplication   : Running with Spring Boot v3.4.3, Spring v6.2.3
2025-03-18T10:59:13.812+05:30  INFO 22128 --- [restartedMain] c.e.A.AddressBookManagementApplication   : No active profile set, falling back to 1 default profile: "default"
2025-03-18T10:59:13.914+05:30  INFO 22128 --- [restartedMain] .e.DevToolsPropertyDefaultsPostProcessor : Devtools property defaults active! Set 'spring.devtools.add-properties' to 'false' to disable
2025-03-18T10:59:13.915+05:30  INFO 22128 --- [restartedMain] .e.DevToolsPropertyDefaultsPostProcessor : For additional web related logging consider setting the 'logging.level.web' property to 'DEBUG'
2025-03-18T10:59:16.144+05:30  INFO 22128 --- [restartedMain] .s.d.r.c.RepositoryConfigurationDelegate : Multiple Spring Data modules found, entering strict repository configuration mode
2025-03-18T10:59:16.147+05:30  INFO 22128 --- [restartedMain] .s.d.r.c.RepositoryConfigurationDelegate : Bootstrapping Spring Data JPA repositories in DEFAULT mode.
2025-03-18T10:59:16.412+05:30  INFO 22128 --- [restartedMain] .s.d.r.c.RepositoryConfigurationDelegate : Finished Spring Data repository scanning in 249 ms. Found 2 JPA repository interfaces.
2025-03-18T10:59:16.444+05:30  INFO 22128 --- [restartedMain] .s.d.r.c.RepositoryConfigurationDelegate : Multiple Spring Data modules found, entering strict repository configuration mode
2025-03-18T10:59:16.446+05:30  INFO 22128 --- [restartedMain] .s.d.r.c.RepositoryConfigurationDelegate : Bootstrapping Spring Data Redis repositories in DEFAULT mode.
2025-03-18T10:59:16.473+05:30  INFO 22128 --- [restartedMain] .RepositoryConfigurationExtensionSupport : Spring Data Redis - Could not safely identify store assignment for repository candidate interface com.example.AddressBookManagement.repository.AddressRepository; If you want this repository to be a Redis repository, consider annotating your entities with one of these annotations: org.springframework.data.redis.core.RedisHash (preferred), or consider extending one of the following types with your repository: org.springframework.data.keyvalue.repository.KeyValueRepository
2025-03-18T10:59:16.474+05:30  INFO 22128 --- [restartedMain] .RepositoryConfigurationExtensionSupport : Spring Data Redis - Could not safely identify store assignment for repository candidate interface com.example.AddressBookManagement.repository.AuthUserRepository; If you want this repository to be a Redis repository, consider annotating your entities with one of these annotations: org.springframework.data.redis.core.RedisHash (preferred), or consider extending one of the following types with your repository: org.springframework.data.keyvalue.repository.KeyValueRepository
2025-03-18T10:59:16.475+05:30  INFO 22128 --- [restartedMain] .s.d.r.c.RepositoryConfigurationDelegate : Finished Spring Data repository scanning in 11 ms. Found 0 Redis repository interfaces.
2025-03-18T10:59:17.944+05:30  INFO 22128 --- [restartedMain] o.s.b.w.embedded.tomcat.TomcatWebServer  : Tomcat initialized with port 8080 (http)
2025-03-18T10:59:17.972+05:30  INFO 22128 --- [restartedMain] o.apache.catalina.core.StandardService   : Starting service [Tomcat]
2025-03-18T10:59:17.973+05:30  INFO 22128 --- [restartedMain] o.apache.catalina.core.StandardEngine    : Starting Servlet engine: [Apache Tomcat/10.1.36]
2025-03-18T10:59:18.061+05:30  INFO 22128 --- [restartedMain] o.a.c.c.C.[Tomcat].[localhost].[/]       : Initializing Spring embedded WebApplicationContext
2025-03-18T10:59:18.062+05:30  INFO 22128 --- [restartedMain] w.s.c.ServletWebServerApplicationContext : Root WebApplicationContext: initialization completed in 4146 ms
2025-03-18T10:59:18.784+05:30  INFO 22128 --- [restartedMain] o.hibernate.jpa.internal.util.LogHelper  : HHH000204: Processing PersistenceUnitInfo [name: default]
2025-03-18T10:59:18.901+05:30  INFO 22128 --- [restartedMain] org.hibernate.Version                    : HHH000412: Hibernate ORM core version 6.6.8.Final
2025-03-18T10:59:18.977+05:30  INFO 22128 --- [restartedMain] o.h.c.internal.RegionFactoryInitiator    : HHH000026: Second-level cache disabled
2025-03-18T10:59:19.435+05:30  INFO 22128 --- [restartedMain] o.s.o.j.p.SpringPersistenceUnitInfo      : No LoadTimeWeaver setup: ignoring JPA class transformer
2025-03-18T10:59:19.492+05:30  INFO 22128 --- [restartedMain] com.zaxxer.hikari.HikariDataSource       : HikariPool-1 - Starting...
2025-03-18T10:59:19.700+05:30  INFO 22128 --- [restartedMain] com.zaxxer.hikari.pool.HikariPool        : HikariPool-1 - Added connection com.mysql.cj.jdbc.ConnectionImpl@21c8ef5e
2025-03-18T10:59:19.702+05:30  INFO 22128 --- [restartedMain] com.zaxxer.hikari.HikariDataSource       : HikariPool-1 - Start completed.
2025-03-18T10:59:19.750+05:30  WARN 22128 --- [restartedMain] org.hibernate.orm.deprecation            : HHH90000025: MySQL8Dialect does not need to be specified explicitly using 'hibernate.dialect' (remove the property setting and it will be selected by default)
2025-03-18T10:59:19.751+05:30  WARN 22128 --- [restartedMain] org.hibernate.orm.deprecation            : HHH90000026: MySQL8Dialect has been deprecated; use org.hibernate.dialect.MySQLDialect instead
2025-03-18T10:59:19.771+05:30  INFO 22128 --- [restartedMain] org.hibernate.orm.connections.pooling    : HHH10001005: Database info:
	Database JDBC URL [Connecting through datasource 'HikariDataSource (HikariPool-1)']
	Database driver: undefined/unknown
	Database version: 8.0
	Autocommit mode: undefined/unknown
	Isolation level: undefined/unknown
	Minimum pool size: undefined/unknown
	Maximum pool size: undefined/unknown
2025-03-18T10:59:20.897+05:30  INFO 22128 --- [restartedMain] o.h.e.t.j.p.i.JtaPlatformInitiator       : HHH000489: No JTA platform available (set 'hibernate.transaction.jta.platform' to enable JTA platform integration)
2025-03-18T10:59:20.966+05:30  INFO 22128 --- [restartedMain] j.LocalContainerEntityManagerFactoryBean : Initialized JPA EntityManagerFactory for persistence unit 'default'
2025-03-18T10:59:21.352+05:30  WARN 22128 --- [restartedMain] .s.s.UserDetailsServiceAutoConfiguration : 

Using generated security password: d5a20470-090d-4e54-9bb0-2b1fe9be9598

This generated password is for development use only. Your security configuration must be updated before running your application in production.

2025-03-18T10:59:21.427+05:30 DEBUG 22128 --- [restartedMain] c.e.A.security.JwtRequestFilter          : Filter 'jwtRequestFilter' configured for use
2025-03-18T10:59:22.300+05:30  WARN 22128 --- [restartedMain] JpaBaseConfiguration$JpaWebConfiguration : spring.jpa.open-in-view is enabled by default. Therefore, database queries may be performed during view rendering. Explicitly configure spring.jpa.open-in-view to disable this warning
2025-03-18T10:59:22.366+05:30  INFO 22128 --- [restartedMain] r$InitializeUserDetailsManagerConfigurer : Global AuthenticationManager configured with UserDetailsService bean with name inMemoryUserDetailsManager
2025-03-18T10:59:23.740+05:30  INFO 22128 --- [restartedMain] o.s.b.d.a.OptionalLiveReloadServer       : LiveReload server is running on port 35729
2025-03-18T10:59:23.813+05:30  INFO 22128 --- [restartedMain] o.s.b.w.embedded.tomcat.TomcatWebServer  : Tomcat started on port 8080 (http) with context path '/'
2025-03-18T10:59:23.819+05:30  INFO 22128 --- [restartedMain] o.s.a.r.c.CachingConnectionFactory       : Attempting to connect to: [localhost:5672]
2025-03-18T10:59:23.905+05:30  INFO 22128 --- [restartedMain] o.s.a.r.c.CachingConnectionFactory       : Created new connection: rabbitConnectionFactory#350b92d1:0/SimpleConnection@329b7eb2 [delegate=amqp://guest@127.0.0.1:5672/, localPort=54301]
2025-03-18T10:59:24.099+05:30  INFO 22128 --- [restartedMain] c.e.A.AddressBookManagementApplication   : Started AddressBookManagementApplication in 11.295 seconds (process running for 12.224)
2025-03-18T10:59:34.078+05:30  INFO 22128 --- [http-nio-8080-exec-2] o.a.c.c.C.[Tomcat].[localhost].[/]       : Initializing Spring DispatcherServlet 'dispatcherServlet'
2025-03-18T10:59:34.079+05:30  INFO 22128 --- [http-nio-8080-exec-2] o.s.web.servlet.DispatcherServlet        : Initializing Servlet 'dispatcherServlet'
2025-03-18T10:59:34.082+05:30  INFO 22128 --- [http-nio-8080-exec-2] o.s.web.servlet.DispatcherServlet        : Completed initialization in 3 ms
2025-03-18T10:59:34.298+05:30  INFO 22128 --- [http-nio-8080-exec-2] c.e.A.controller.AddressController       : Received request to fetch all addresses
2025-03-18T10:59:35.441+05:30  INFO 22128 --- [http-nio-8080-exec-2] c.e.A.services.AddressServiceImpl        : Fetching all addresses from DB
2025-03-18T10:59:35.864+05:30 ERROR 22128 --- [http-nio-8080-exec-2] c.e.A.controller.AddressController       : Error fetching all addresses

org.springframework.data.redis.serializer.SerializationException: Cannot serialize
	at org.springframework.data.redis.serializer.JdkSerializationRedisSerializer.serialize(JdkSerializationRedisSerializer.java:98) ~[spring-data-redis-3.4.3.jar:3.4.3]
	at org.springframework.data.redis.serializer.DefaultRedisElementWriter.write(DefaultRedisElementWriter.java:42) ~[spring-data-redis-3.4.3.jar:3.4.3]
	at org.springframework.data.redis.serializer.RedisSerializationContext$SerializationPair.write(RedisSerializationContext.java:292) ~[spring-data-redis-3.4.3.jar:3.4.3]
	at org.springframework.data.redis.cache.RedisCache.serializeCacheValue(RedisCache.java:343) ~[spring-data-redis-3.4.3.jar:3.4.3]
	at org.springframework.data.redis.cache.RedisCache.put(RedisCache.java:204) ~[spring-data-redis-3.4.3.jar:3.4.3]
	at org.springframework.cache.interceptor.AbstractCacheInvoker.doPut(AbstractCacheInvoker.java:164) ~[spring-context-6.2.3.jar:6.2.3]
	at org.springframework.cache.interceptor.CacheAspectSupport$CachePutRequest.performCachePut(CacheAspectSupport.java:1051) ~[spring-context-6.2.3.jar:6.2.3]
	at org.springframework.cache.interceptor.CacheAspectSupport$CachePutRequest.apply(CacheAspectSupport.java:1036) ~[spring-context-6.2.3.jar:6.2.3]
	at org.springframework.cache.interceptor.CacheAspectSupport.evaluate(CacheAspectSupport.java:580) ~[spring-context-6.2.3.jar:6.2.3]
	at org.springframework.cache.interceptor.CacheAspectSupport.execute(CacheAspectSupport.java:447) ~[spring-context-6.2.3.jar:6.2.3]
	at org.springframework.cache.interceptor.CacheAspectSupport.execute(CacheAspectSupport.java:409) ~[spring-context-6.2.3.jar:6.2.3]
	at org.springframework.cache.interceptor.CacheInterceptor.invoke(CacheInterceptor.java:65) ~[spring-context-6.2.3.jar:6.2.3]
	at org.springframework.aop.framework.ReflectiveMethodInvocation.proceed(ReflectiveMethodInvocation.java:184) ~[spring-aop-6.2.3.jar:6.2.3]
	at org.springframework.aop.framework.CglibAopProxy$DynamicAdvisedInterceptor.intercept(CglibAopProxy.java:727) ~[spring-aop-6.2.3.jar:6.2.3]
	at com.example.AddressBookManagement.services.AddressServiceImpl$$SpringCGLIB$$0.getAllAddresses(<generated>) ~[classes/:na]
	at com.example.AddressBookManagement.controller.AddressController.getAllAddresses(AddressController.java:53) ~[classes/:na]
	at java.base/jdk.internal.reflect.DirectMethodHandleAccessor.invoke(DirectMethodHandleAccessor.java:103) ~[na:na]
	at java.base/java.lang.reflect.Method.invoke(Method.java:580) ~[na:na]
	at org.springframework.web.method.support.InvocableHandlerMethod.doInvoke(InvocableHandlerMethod.java:257) ~[spring-web-6.2.3.jar:6.2.3]
	at org.springframework.web.method.support.InvocableHandlerMethod.invokeForRequest(InvocableHandlerMethod.java:190) ~[spring-web-6.2.3.jar:6.2.3]
	at org.springframework.web.servlet.mvc.method.annotation.ServletInvocableHandlerMethod.invokeAndHandle(ServletInvocableHandlerMethod.java:118) ~[spring-webmvc-6.2.3.jar:6.2.3]
	at org.springframework.web.servlet.mvc.method.annotation.RequestMappingHandlerAdapter.invokeHandlerMethod(RequestMappingHandlerAdapter.java:986) ~[spring-webmvc-6.2.3.jar:6.2.3]
	at org.springframework.web.servlet.mvc.method.annotation.RequestMappingHandlerAdapter.handleInternal(RequestMappingHandlerAdapter.java:891) ~[spring-webmvc-6.2.3.jar:6.2.3]
	at org.springframework.web.servlet.mvc.method.AbstractHandlerMethodAdapter.handle(AbstractHandlerMethodAdapter.java:87) ~[spring-webmvc-6.2.3.jar:6.2.3]
	at org.springframework.web.servlet.DispatcherServlet.doDispatch(DispatcherServlet.java:1088) ~[spring-webmvc-6.2.3.jar:6.2.3]
	at org.springframework.web.servlet.DispatcherServlet.doService(DispatcherServlet.java:978) ~[spring-webmvc-6.2.3.jar:6.2.3]
	at org.springframework.web.servlet.FrameworkServlet.processRequest(FrameworkServlet.java:1014) ~[spring-webmvc-6.2.3.jar:6.2.3]
	at org.springframework.web.servlet.FrameworkServlet.doGet(FrameworkServlet.java:903) ~[spring-webmvc-6.2.3.jar:6.2.3]
	at jakarta.servlet.http.HttpServlet.service(HttpServlet.java:564) ~[tomcat-embed-core-10.1.36.jar:6.0]
	at org.springframework.web.servlet.FrameworkServlet.service(FrameworkServlet.java:885) ~[spring-webmvc-6.2.3.jar:6.2.3]
	at jakarta.servlet.http.HttpServlet.service(HttpServlet.java:658) ~[tomcat-embed-core-10.1.36.jar:6.0]
	at org.apache.catalina.core.ApplicationFilterChain.internalDoFilter(ApplicationFilterChain.java:195) ~[tomcat-embed-core-10.1.36.jar:10.1.36]
	at org.apache.catalina.core.ApplicationFilterChain.doFilter(ApplicationFilterChain.java:140) ~[tomcat-embed-core-10.1.36.jar:10.1.36]
	at org.apache.tomcat.websocket.server.WsFilter.doFilter(WsFilter.java:51) ~[tomcat-embed-websocket-10.1.36.jar:10.1.36]
	at org.apache.catalina.core.ApplicationFilterChain.internalDoFilter(ApplicationFilterChain.java:164) ~[tomcat-embed-core-10.1.36.jar:10.1.36]
	at org.apache.catalina.core.ApplicationFilterChain.doFilter(ApplicationFilterChain.java:140) ~[tomcat-embed-core-10.1.36.jar:10.1.36]
	at com.example.AddressBookManagement.security.JwtRequestFilter.doFilterInternal(JwtRequestFilter.java:70) ~[classes/:na]
	at org.springframework.web.filter.OncePerRequestFilter.doFilter(OncePerRequestFilter.java:116) ~[spring-web-6.2.3.jar:6.2.3]
	at org.apache.catalina.core.ApplicationFilterChain.internalDoFilter(ApplicationFilterChain.java:164) ~[tomcat-embed-core-10.1.36.jar:10.1.36]
	at org.apache.catalina.core.ApplicationFilterChain.doFilter(ApplicationFilterChain.java:140) ~[tomcat-embed-core-10.1.36.jar:10.1.36]
	at org.springframework.web.filter.CompositeFilter$VirtualFilterChain.doFilter(CompositeFilter.java:108) ~[spring-web-6.2.3.jar:6.2.3]
	at org.springframework.security.web.FilterChainProxy.lambda$doFilterInternal$3(FilterChainProxy.java:231) ~[spring-security-web-6.4.3.jar:6.4.3]
	at org.springframework.security.web.FilterChainProxy$VirtualFilterChain.doFilter(FilterChainProxy.java:365) ~[spring-security-web-6.4.3.jar:6.4.3]
	at org.springframework.security.web.access.intercept.AuthorizationFilter.doFilter(AuthorizationFilter.java:101) ~[spring-security-web-6.4.3.jar:6.4.3]
	at org.springframework.security.web.FilterChainProxy$VirtualFilterChain.doFilter(FilterChainProxy.java:374) ~[spring-security-web-6.4.3.jar:6.4.3]
	at org.springframework.security.web.access.ExceptionTranslationFilter.doFilter(ExceptionTranslationFilter.java:126) ~[spring-security-web-6.4.3.jar:6.4.3]
	at org.springframework.security.web.access.ExceptionTranslationFilter.doFilter(ExceptionTranslationFilter.java:120) ~[spring-security-web-6.4.3.jar:6.4.3]
	at org.springframework.security.web.FilterChainProxy$VirtualFilterChain.doFilter(FilterChainProxy.java:374) ~[spring-security-web-6.4.3.jar:6.4.3]
	at org.springframework.security.web.authentication.AnonymousAuthenticationFilter.doFilter(AnonymousAuthenticationFilter.java:100) ~[spring-security-web-6.4.3.jar:6.4.3]
	at org.springframework.security.web.FilterChainProxy$VirtualFilterChain.doFilter(FilterChainProxy.java:374) ~[spring-security-web-6.4.3.jar:6.4.3]
	at org.springframework.security.web.servletapi.SecurityContextHolderAwareRequestFilter.doFilter(SecurityContextHolderAwareRequestFilter.java:179) ~[spring-security-web-6.4.3.jar:6.4.3]
	at org.springframework.security.web.FilterChainProxy$VirtualFilterChain.doFilter(FilterChainProxy.java:374) ~[spring-security-web-6.4.3.jar:6.4.3]
	at org.springframework.security.web.savedrequest.RequestCacheAwareFilter.doFilter(RequestCacheAwareFilter.java:63) ~[spring-security-web-6.4.3.jar:6.4.3]
	at org.springframework.security.web.FilterChainProxy$VirtualFilterChain.doFilter(FilterChainProxy.java:374) ~[spring-security-web-6.4.3.jar:6.4.3]
	at org.springframework.security.web.authentication.logout.LogoutFilter.doFilter(LogoutFilter.java:107) ~[spring-security-web-6.4.3.jar:6.4.3]
	at org.springframework.security.web.authentication.logout.LogoutFilter.doFilter(LogoutFilter.java:93) ~[spring-security-web-6.4.3.jar:6.4.3]
	at org.springframework.security.web.FilterChainProxy$VirtualFilterChain.doFilter(FilterChainProxy.java:374) ~[spring-security-web-6.4.3.jar:6.4.3]
	at org.springframework.security.web.header.HeaderWriterFilter.doHeadersAfter(HeaderWriterFilter.java:90) ~[spring-security-web-6.4.3.jar:6.4.3]
	at org.springframework.security.web.header.HeaderWriterFilter.doFilterInternal(HeaderWriterFilter.java:75) ~[spring-security-web-6.4.3.jar:6.4.3]
	at org.springframework.web.filter.OncePerRequestFilter.doFilter(OncePerRequestFilter.java:116) ~[spring-web-6.2.3.jar:6.2.3]
	at org.springframework.security.web.FilterChainProxy$VirtualFilterChain.doFilter(FilterChainProxy.java:374) ~[spring-security-web-6.4.3.jar:6.4.3]
	at org.springframework.security.web.context.SecurityContextHolderFilter.doFilter(SecurityContextHolderFilter.java:82) ~[spring-security-web-6.4.3.jar:6.4.3]
	at org.springframework.security.web.context.SecurityContextHolderFilter.doFilter(SecurityContextHolderFilter.java:69) ~[spring-security-web-6.4.3.jar:6.4.3]
	at org.springframework.security.web.FilterChainProxy$VirtualFilterChain.doFilter(FilterChainProxy.java:374) ~[spring-security-web-6.4.3.jar:6.4.3]
	at org.springframework.security.web.context.request.async.WebAsyncManagerIntegrationFilter.doFilterInternal(WebAsyncManagerIntegrationFilter.java:62) ~[spring-security-web-6.4.3.jar:6.4.3]
	at org.springframework.web.filter.OncePerRequestFilter.doFilter(OncePerRequestFilter.java:116) ~[spring-web-6.2.3.jar:6.2.3]
	at org.springframework.security.web.FilterChainProxy$VirtualFilterChain.doFilter(FilterChainProxy.java:374) ~[spring-security-web-6.4.3.jar:6.4.3]
	at org.springframework.security.web.session.DisableEncodeUrlFilter.doFilterInternal(DisableEncodeUrlFilter.java:42) ~[spring-security-web-6.4.3.jar:6.4.3]
	at org.springframework.web.filter.OncePerRequestFilter.doFilter(OncePerRequestFilter.java:116) ~[spring-web-6.2.3.jar:6.2.3]
	at org.springframework.security.web.FilterChainProxy$VirtualFilterChain.doFilter(FilterChainProxy.java:374) ~[spring-security-web-6.4.3.jar:6.4.3]
	at org.springframework.security.web.FilterChainProxy.doFilterInternal(FilterChainProxy.java:233) ~[spring-security-web-6.4.3.jar:6.4.3]
	at org.springframework.security.web.FilterChainProxy.doFilter(FilterChainProxy.java:191) ~[spring-security-web-6.4.3.jar:6.4.3]
	at org.springframework.web.filter.CompositeFilter$VirtualFilterChain.doFilter(CompositeFilter.java:113) ~[spring-web-6.2.3.jar:6.2.3]
	at org.springframework.web.servlet.handler.HandlerMappingIntrospector.lambda$createCacheFilter$3(HandlerMappingIntrospector.java:243) ~[spring-webmvc-6.2.3.jar:6.2.3]
	at org.springframework.web.filter.CompositeFilter$VirtualFilterChain.doFilter(CompositeFilter.java:113) ~[spring-web-6.2.3.jar:6.2.3]
	at org.springframework.web.filter.CompositeFilter.doFilter(CompositeFilter.java:74) ~[spring-web-6.2.3.jar:6.2.3]
	at org.springframework.security.config.annotation.web.configuration.WebMvcSecurityConfiguration$CompositeFilterChainProxy.doFilter(WebMvcSecurityConfiguration.java:238) ~[spring-security-config-6.4.3.jar:6.4.3]
	at org.springframework.web.filter.DelegatingFilterProxy.invokeDelegate(DelegatingFilterProxy.java:362) ~[spring-web-6.2.3.jar:6.2.3]
	at org.springframework.web.filter.DelegatingFilterProxy.doFilter(DelegatingFilterProxy.java:278) ~[spring-web-6.2.3.jar:6.2.3]
	at org.apache.catalina.core.ApplicationFilterChain.internalDoFilter(ApplicationFilterChain.java:164) ~[tomcat-embed-core-10.1.36.jar:10.1.36]
	at org.apache.catalina.core.ApplicationFilterChain.doFilter(ApplicationFilterChain.java:140) ~[tomcat-embed-core-10.1.36.jar:10.1.36]
	at org.springframework.web.filter.RequestContextFilter.doFilterInternal(RequestContextFilter.java:100) ~[spring-web-6.2.3.jar:6.2.3]
	at org.springframework.web.filter.OncePerRequestFilter.doFilter(OncePerRequestFilter.java:116) ~[spring-web-6.2.3.jar:6.2.3]
	at org.apache.catalina.core.ApplicationFilterChain.internalDoFilter(ApplicationFilterChain.java:164) ~[tomcat-embed-core-10.1.36.jar:10.1.36]
	at org.apache.catalina.core.ApplicationFilterChain.doFilter(ApplicationFilterChain.java:140) ~[tomcat-embed-core-10.1.36.jar:10.1.36]
	at org.springframework.web.filter.FormContentFilter.doFilterInternal(FormContentFilter.java:93) ~[spring-web-6.2.3.jar:6.2.3]
	at org.springframework.web.filter.OncePerRequestFilter.doFilter(OncePerRequestFilter.java:116) ~[spring-web-6.2.3.jar:6.2.3]
	at org.apache.catalina.core.ApplicationFilterChain.internalDoFilter(ApplicationFilterChain.java:164) ~[tomcat-embed-core-10.1.36.jar:10.1.36]
	at org.apache.catalina.core.ApplicationFilterChain.doFilter(ApplicationFilterChain.java:140) ~[tomcat-embed-core-10.1.36.jar:10.1.36]
	at org.springframework.web.filter.CharacterEncodingFilter.doFilterInternal(CharacterEncodingFilter.java:201) ~[spring-web-6.2.3.jar:6.2.3]
	at org.springframework.web.filter.OncePerRequestFilter.doFilter(OncePerRequestFilter.java:116) ~[spring-web-6.2.3.jar:6.2.3]
	at org.apache.catalina.core.ApplicationFilterChain.internalDoFilter(ApplicationFilterChain.java:164) ~[tomcat-embed-core-10.1.36.jar:10.1.36]
	at org.apache.catalina.core.ApplicationFilterChain.doFilter(ApplicationFilterChain.java:140) ~[tomcat-embed-core-10.1.36.jar:10.1.36]
	at org.apache.catalina.core.StandardWrapperValve.invoke(StandardWrapperValve.java:167) ~[tomcat-embed-core-10.1.36.jar:10.1.36]
	at org.apache.catalina.core.StandardContextValve.invoke(StandardContextValve.java:90) ~[tomcat-embed-core-10.1.36.jar:10.1.36]
	at org.apache.catalina.authenticator.AuthenticatorBase.invoke(AuthenticatorBase.java:483) ~[tomcat-embed-core-10.1.36.jar:10.1.36]
	at org.apache.catalina.core.StandardHostValve.invoke(StandardHostValve.java:115) ~[tomcat-embed-core-10.1.36.jar:10.1.36]
	at org.apache.catalina.valves.ErrorReportValve.invoke(ErrorReportValve.java:93) ~[tomcat-embed-core-10.1.36.jar:10.1.36]
	at org.apache.catalina.core.StandardEngineValve.invoke(StandardEngineValve.java:74) ~[tomcat-embed-core-10.1.36.jar:10.1.36]
	at org.apache.catalina.connector.CoyoteAdapter.service(CoyoteAdapter.java:344) ~[tomcat-embed-core-10.1.36.jar:10.1.36]
	at org.apache.coyote.http11.Http11Processor.service(Http11Processor.java:397) ~[tomcat-embed-core-10.1.36.jar:10.1.36]
	at org.apache.coyote.AbstractProcessorLight.process(AbstractProcessorLight.java:63) ~[tomcat-embed-core-10.1.36.jar:10.1.36]
	at org.apache.coyote.AbstractProtocol$ConnectionHandler.process(AbstractProtocol.java:905) ~[tomcat-embed-core-10.1.36.jar:10.1.36]
	at org.apache.tomcat.util.net.NioEndpoint$SocketProcessor.doRun(NioEndpoint.java:1743) ~[tomcat-embed-core-10.1.36.jar:10.1.36]
	at org.apache.tomcat.util.net.SocketProcessorBase.run(SocketProcessorBase.java:52) ~[tomcat-embed-core-10.1.36.jar:10.1.36]
	at org.apache.tomcat.util.threads.ThreadPoolExecutor.runWorker(ThreadPoolExecutor.java:1190) ~[tomcat-embed-core-10.1.36.jar:10.1.36]
	at org.apache.tomcat.util.threads.ThreadPoolExecutor$Worker.run(ThreadPoolExecutor.java:659) ~[tomcat-embed-core-10.1.36.jar:10.1.36]
	at org.apache.tomcat.util.threads.TaskThread$WrappingRunnable.run(TaskThread.java:63) ~[tomcat-embed-core-10.1.36.jar:10.1.36]
	at java.base/java.lang.Thread.run(Thread.java:1570) ~[na:na]
Caused by: org.springframework.core.serializer.support.SerializationFailedException: Failed to serialize object using DefaultSerializer
	at org.springframework.core.serializer.support.SerializingConverter.convert(SerializingConverter.java:64) ~[spring-core-6.2.3.jar:6.2.3]
	at org.springframework.core.serializer.support.SerializingConverter.convert(SerializingConverter.java:33) ~[spring-core-6.2.3.jar:6.2.3]
	at org.springframework.data.redis.serializer.JdkSerializationRedisSerializer.serialize(JdkSerializationRedisSerializer.java:96) ~[spring-data-redis-3.4.3.jar:3.4.3]
	... 108 common frames omitted
Caused by: java.io.NotSerializableException: com.example.AddressBookManagement.model.Address
	at java.base/java.io.ObjectOutputStream.writeObject0(ObjectOutputStream.java:1200) ~[na:na]
	at java.base/java.io.ObjectOutputStream.writeObject(ObjectOutputStream.java:358) ~[na:na]
	at java.base/java.util.ArrayList.writeObject(ArrayList.java:949) ~[na:na]
	at java.base/jdk.internal.reflect.DirectMethodHandleAccessor.invoke(DirectMethodHandleAccessor.java:103) ~[na:na]
	at java.base/java.lang.reflect.Method.invoke(Method.java:580) ~[na:na]
	at java.base/java.io.ObjectStreamClass.invokeWriteObject(ObjectStreamClass.java:1078) ~[na:na]
	at java.base/java.io.ObjectOutputStream.writeSerialData(ObjectOutputStream.java:1529) ~[na:na]
	at java.base/java.io.ObjectOutputStream.writeOrdinaryObject(ObjectOutputStream.java:1451) ~[na:na]
	at java.base/java.io.ObjectOutputStream.writeObject0(ObjectOutputStream.java:1194) ~[na:na]
	at java.base/java.io.ObjectOutputStream.writeObject(ObjectOutputStream.java:358) ~[na:na]
	at org.springframework.core.serializer.DefaultSerializer.serialize(DefaultSerializer.java:46) ~[spring-core-6.2.3.jar:6.2.3]
	at org.springframework.core.serializer.Serializer.serializeToByteArray(Serializer.java:56) ~[spring-core-6.2.3.jar:6.2.3]
	at org.springframework.core.serializer.support.SerializingConverter.convert(SerializingConverter.java:60) ~[spring-core-6.2.3.jar:6.2.3]
	... 110 common frames omitted

2025-03-18T10:59:38.436+05:30  INFO 22128 --- [http-nio-8080-exec-4] c.e.A.controller.AddressController       : Received request to fetch all addresses
2025-03-18T10:59:38.445+05:30  INFO 22128 --- [http-nio-8080-exec-4] c.e.A.services.AddressServiceImpl        : Fetching all addresses from DB
2025-03-18T10:59:38.467+05:30 ERROR 22128 --- [http-nio-8080-exec-4] c.e.A.controller.AddressController       : Error fetching all addresses

org.springframework.data.redis.serializer.SerializationException: Cannot serialize
	at org.springframework.data.redis.serializer.JdkSerializationRedisSerializer.serialize(JdkSerializationRedisSerializer.java:98) ~[spring-data-redis-3.4.3.jar:3.4.3]
	at org.springframework.data.redis.serializer.DefaultRedisElementWriter.write(DefaultRedisElementWriter.java:42) ~[spring-data-redis-3.4.3.jar:3.4.3]
	at org.springframework.data.redis.serializer.RedisSerializationContext$SerializationPair.write(RedisSerializationContext.java:292) ~[spring-data-redis-3.4.3.jar:3.4.3]
	at org.springframework.data.redis.cache.RedisCache.serializeCacheValue(RedisCache.java:343) ~[spring-data-redis-3.4.3.jar:3.4.3]
	at org.springframework.data.redis.cache.RedisCache.put(RedisCache.java:204) ~[spring-data-redis-3.4.3.jar:3.4.3]
	at org.springframework.cache.interceptor.AbstractCacheInvoker.doPut(AbstractCacheInvoker.java:164) ~[spring-context-6.2.3.jar:6.2.3]
	at org.springframework.cache.interceptor.CacheAspectSupport$CachePutRequest.performCachePut(CacheAspectSupport.java:1051) ~[spring-context-6.2.3.jar:6.2.3]
	at org.springframework.cache.interceptor.CacheAspectSupport$CachePutRequest.apply(CacheAspectSupport.java:1036) ~[spring-context-6.2.3.jar:6.2.3]
	at org.springframework.cache.interceptor.CacheAspectSupport.evaluate(CacheAspectSupport.java:580) ~[spring-context-6.2.3.jar:6.2.3]
	at org.springframework.cache.interceptor.CacheAspectSupport.execute(CacheAspectSupport.java:447) ~[spring-context-6.2.3.jar:6.2.3]
	at org.springframework.cache.interceptor.CacheAspectSupport.execute(CacheAspectSupport.java:409) ~[spring-context-6.2.3.jar:6.2.3]
	at org.springframework.cache.interceptor.CacheInterceptor.invoke(CacheInterceptor.java:65) ~[spring-context-6.2.3.jar:6.2.3]
	at org.springframework.aop.framework.ReflectiveMethodInvocation.proceed(ReflectiveMethodInvocation.java:184) ~[spring-aop-6.2.3.jar:6.2.3]
	at org.springframework.aop.framework.CglibAopProxy$DynamicAdvisedInterceptor.intercept(CglibAopProxy.java:727) ~[spring-aop-6.2.3.jar:6.2.3]
	at com.example.AddressBookManagement.services.AddressServiceImpl$$SpringCGLIB$$0.getAllAddresses(<generated>) ~[classes/:na]
	at com.example.AddressBookManagement.controller.AddressController.getAllAddresses(AddressController.java:53) ~[classes/:na]
	at java.base/jdk.internal.reflect.DirectMethodHandleAccessor.invoke(DirectMethodHandleAccessor.java:103) ~[na:na]
	at java.base/java.lang.reflect.Method.invoke(Method.java:580) ~[na:na]
	at org.springframework.web.method.support.InvocableHandlerMethod.doInvoke(InvocableHandlerMethod.java:257) ~[spring-web-6.2.3.jar:6.2.3]
	at org.springframework.web.method.support.InvocableHandlerMethod.invokeForRequest(InvocableHandlerMethod.java:190) ~[spring-web-6.2.3.jar:6.2.3]
	at org.springframework.web.servlet.mvc.method.annotation.ServletInvocableHandlerMethod.invokeAndHandle(ServletInvocableHandlerMethod.java:118) ~[spring-webmvc-6.2.3.jar:6.2.3]
	at org.springframework.web.servlet.mvc.method.annotation.RequestMappingHandlerAdapter.invokeHandlerMethod(RequestMappingHandlerAdapter.java:986) ~[spring-webmvc-6.2.3.jar:6.2.3]
	at org.springframework.web.servlet.mvc.method.annotation.RequestMappingHandlerAdapter.handleInternal(RequestMappingHandlerAdapter.java:891) ~[spring-webmvc-6.2.3.jar:6.2.3]
	at org.springframework.web.servlet.mvc.method.AbstractHandlerMethodAdapter.handle(AbstractHandlerMethodAdapter.java:87) ~[spring-webmvc-6.2.3.jar:6.2.3]
	at org.springframework.web.servlet.DispatcherServlet.doDispatch(DispatcherServlet.java:1088) ~[spring-webmvc-6.2.3.jar:6.2.3]
	at org.springframework.web.servlet.DispatcherServlet.doService(DispatcherServlet.java:978) ~[spring-webmvc-6.2.3.jar:6.2.3]
	at org.springframework.web.servlet.FrameworkServlet.processRequest(FrameworkServlet.java:1014) ~[spring-webmvc-6.2.3.jar:6.2.3]
	at org.springframework.web.servlet.FrameworkServlet.doGet(FrameworkServlet.java:903) ~[spring-webmvc-6.2.3.jar:6.2.3]
	at jakarta.servlet.http.HttpServlet.service(HttpServlet.java:564) ~[tomcat-embed-core-10.1.36.jar:6.0]
	at org.springframework.web.servlet.FrameworkServlet.service(FrameworkServlet.java:885) ~[spring-webmvc-6.2.3.jar:6.2.3]
	at jakarta.servlet.http.HttpServlet.service(HttpServlet.java:658) ~[tomcat-embed-core-10.1.36.jar:6.0]
	at org.apache.catalina.core.ApplicationFilterChain.internalDoFilter(ApplicationFilterChain.java:195) ~[tomcat-embed-core-10.1.36.jar:10.1.36]
	at org.apache.catalina.core.ApplicationFilterChain.doFilter(ApplicationFilterChain.java:140) ~[tomcat-embed-core-10.1.36.jar:10.1.36]
	at org.apache.tomcat.websocket.server.WsFilter.doFilter(WsFilter.java:51) ~[tomcat-embed-websocket-10.1.36.jar:10.1.36]
	at org.apache.catalina.core.ApplicationFilterChain.internalDoFilter(ApplicationFilterChain.java:164) ~[tomcat-embed-core-10.1.36.jar:10.1.36]
	at org.apache.catalina.core.ApplicationFilterChain.doFilter(ApplicationFilterChain.java:140) ~[tomcat-embed-core-10.1.36.jar:10.1.36]
	at com.example.AddressBookManagement.security.JwtRequestFilter.doFilterInternal(JwtRequestFilter.java:70) ~[classes/:na]
	at org.springframework.web.filter.OncePerRequestFilter.doFilter(OncePerRequestFilter.java:116) ~[spring-web-6.2.3.jar:6.2.3]
	at org.apache.catalina.core.ApplicationFilterChain.internalDoFilter(ApplicationFilterChain.java:164) ~[tomcat-embed-core-10.1.36.jar:10.1.36]
	at org.apache.catalina.core.ApplicationFilterChain.doFilter(ApplicationFilterChain.java:140) ~[tomcat-embed-core-10.1.36.jar:10.1.36]
	at org.springframework.web.filter.CompositeFilter$VirtualFilterChain.doFilter(CompositeFilter.java:108) ~[spring-web-6.2.3.jar:6.2.3]
	at org.springframework.security.web.FilterChainProxy.lambda$doFilterInternal$3(FilterChainProxy.java:231) ~[spring-security-web-6.4.3.jar:6.4.3]
	at org.springframework.security.web.FilterChainProxy$VirtualFilterChain.doFilter(FilterChainProxy.java:365) ~[spring-security-web-6.4.3.jar:6.4.3]
	at org.springframework.security.web.access.intercept.AuthorizationFilter.doFilter(AuthorizationFilter.java:101) ~[spring-security-web-6.4.3.jar:6.4.3]
	at org.springframework.security.web.FilterChainProxy$VirtualFilterChain.doFilter(FilterChainProxy.java:374) ~[spring-security-web-6.4.3.jar:6.4.3]
	at org.springframework.security.web.access.ExceptionTranslationFilter.doFilter(ExceptionTranslationFilter.java:126) ~[spring-security-web-6.4.3.jar:6.4.3]
	at org.springframework.security.web.access.ExceptionTranslationFilter.doFilter(ExceptionTranslationFilter.java:120) ~[spring-security-web-6.4.3.jar:6.4.3]
	at org.springframework.security.web.FilterChainProxy$VirtualFilterChain.doFilter(FilterChainProxy.java:374) ~[spring-security-web-6.4.3.jar:6.4.3]
	at org.springframework.security.web.authentication.AnonymousAuthenticationFilter.doFilter(AnonymousAuthenticationFilter.java:100) ~[spring-security-web-6.4.3.jar:6.4.3]
	at org.springframework.security.web.FilterChainProxy$VirtualFilterChain.doFilter(FilterChainProxy.java:374) ~[spring-security-web-6.4.3.jar:6.4.3]
	at org.springframework.security.web.servletapi.SecurityContextHolderAwareRequestFilter.doFilter(SecurityContextHolderAwareRequestFilter.java:179) ~[spring-security-web-6.4.3.jar:6.4.3]
	at org.springframework.security.web.FilterChainProxy$VirtualFilterChain.doFilter(FilterChainProxy.java:374) ~[spring-security-web-6.4.3.jar:6.4.3]
	at org.springframework.security.web.savedrequest.RequestCacheAwareFilter.doFilter(RequestCacheAwareFilter.java:63) ~[spring-security-web-6.4.3.jar:6.4.3]
	at org.springframework.security.web.FilterChainProxy$VirtualFilterChain.doFilter(FilterChainProxy.java:374) ~[spring-security-web-6.4.3.jar:6.4.3]
	at org.springframework.security.web.authentication.logout.LogoutFilter.doFilter(LogoutFilter.java:107) ~[spring-security-web-6.4.3.jar:6.4.3]
	at org.springframework.security.web.authentication.logout.LogoutFilter.doFilter(LogoutFilter.java:93) ~[spring-security-web-6.4.3.jar:6.4.3]
	at org.springframework.security.web.FilterChainProxy$VirtualFilterChain.doFilter(FilterChainProxy.java:374) ~[spring-security-web-6.4.3.jar:6.4.3]
	at org.springframework.security.web.header.HeaderWriterFilter.doHeadersAfter(HeaderWriterFilter.java:90) ~[spring-security-web-6.4.3.jar:6.4.3]
	at org.springframework.security.web.header.HeaderWriterFilter.doFilterInternal(HeaderWriterFilter.java:75) ~[spring-security-web-6.4.3.jar:6.4.3]
	at org.springframework.web.filter.OncePerRequestFilter.doFilter(OncePerRequestFilter.java:116) ~[spring-web-6.2.3.jar:6.2.3]
	at org.springframework.security.web.FilterChainProxy$VirtualFilterChain.doFilter(FilterChainProxy.java:374) ~[spring-security-web-6.4.3.jar:6.4.3]
	at org.springframework.security.web.context.SecurityContextHolderFilter.doFilter(SecurityContextHolderFilter.java:82) ~[spring-security-web-6.4.3.jar:6.4.3]
	at org.springframework.security.web.context.SecurityContextHolderFilter.doFilter(SecurityContextHolderFilter.java:69) ~[spring-security-web-6.4.3.jar:6.4.3]
	at org.springframework.security.web.FilterChainProxy$VirtualFilterChain.doFilter(FilterChainProxy.java:374) ~[spring-security-web-6.4.3.jar:6.4.3]
	at org.springframework.security.web.context.request.async.WebAsyncManagerIntegrationFilter.doFilterInternal(WebAsyncManagerIntegrationFilter.java:62) ~[spring-security-web-6.4.3.jar:6.4.3]
	at org.springframework.web.filter.OncePerRequestFilter.doFilter(OncePerRequestFilter.java:116) ~[spring-web-6.2.3.jar:6.2.3]
	at org.springframework.security.web.FilterChainProxy$VirtualFilterChain.doFilter(FilterChainProxy.java:374) ~[spring-security-web-6.4.3.jar:6.4.3]
	at org.springframework.security.web.session.DisableEncodeUrlFilter.doFilterInternal(DisableEncodeUrlFilter.java:42) ~[spring-security-web-6.4.3.jar:6.4.3]
	at org.springframework.web.filter.OncePerRequestFilter.doFilter(OncePerRequestFilter.java:116) ~[spring-web-6.2.3.jar:6.2.3]
	at org.springframework.security.web.FilterChainProxy$VirtualFilterChain.doFilter(FilterChainProxy.java:374) ~[spring-security-web-6.4.3.jar:6.4.3]
	at org.springframework.security.web.FilterChainProxy.doFilterInternal(FilterChainProxy.java:233) ~[spring-security-web-6.4.3.jar:6.4.3]
	at org.springframework.security.web.FilterChainProxy.doFilter(FilterChainProxy.java:191) ~[spring-security-web-6.4.3.jar:6.4.3]
	at org.springframework.web.filter.CompositeFilter$VirtualFilterChain.doFilter(CompositeFilter.java:113) ~[spring-web-6.2.3.jar:6.2.3]
	at org.springframework.web.servlet.handler.HandlerMappingIntrospector.lambda$createCacheFilter$3(HandlerMappingIntrospector.java:243) ~[spring-webmvc-6.2.3.jar:6.2.3]
	at org.springframework.web.filter.CompositeFilter$VirtualFilterChain.doFilter(CompositeFilter.java:113) ~[spring-web-6.2.3.jar:6.2.3]
	at org.springframework.web.filter.CompositeFilter.doFilter(CompositeFilter.java:74) ~[spring-web-6.2.3.jar:6.2.3]
	at org.springframework.security.config.annotation.web.configuration.WebMvcSecurityConfiguration$CompositeFilterChainProxy.doFilter(WebMvcSecurityConfiguration.java:238) ~[spring-security-config-6.4.3.jar:6.4.3]
	at org.springframework.web.filter.DelegatingFilterProxy.invokeDelegate(DelegatingFilterProxy.java:362) ~[spring-web-6.2.3.jar:6.2.3]
	at org.springframework.web.filter.DelegatingFilterProxy.doFilter(DelegatingFilterProxy.java:278) ~[spring-web-6.2.3.jar:6.2.3]
	at org.apache.catalina.core.ApplicationFilterChain.internalDoFilter(ApplicationFilterChain.java:164) ~[tomcat-embed-core-10.1.36.jar:10.1.36]
	at org.apache.catalina.core.ApplicationFilterChain.doFilter(ApplicationFilterChain.java:140) ~[tomcat-embed-core-10.1.36.jar:10.1.36]
	at org.springframework.web.filter.RequestContextFilter.doFilterInternal(RequestContextFilter.java:100) ~[spring-web-6.2.3.jar:6.2.3]
	at org.springframework.web.filter.OncePerRequestFilter.doFilter(OncePerRequestFilter.java:116) ~[spring-web-6.2.3.jar:6.2.3]
	at org.apache.catalina.core.ApplicationFilterChain.internalDoFilter(ApplicationFilterChain.java:164) ~[tomcat-embed-core-10.1.36.jar:10.1.36]
	at org.apache.catalina.core.ApplicationFilterChain.doFilter(ApplicationFilterChain.java:140) ~[tomcat-embed-core-10.1.36.jar:10.1.36]
	at org.springframework.web.filter.FormContentFilter.doFilterInternal(FormContentFilter.java:93) ~[spring-web-6.2.3.jar:6.2.3]
	at org.springframework.web.filter.OncePerRequestFilter.doFilter(OncePerRequestFilter.java:116) ~[spring-web-6.2.3.jar:6.2.3]
	at org.apache.catalina.core.ApplicationFilterChain.internalDoFilter(ApplicationFilterChain.java:164) ~[tomcat-embed-core-10.1.36.jar:10.1.36]
	at org.apache.catalina.core.ApplicationFilterChain.doFilter(ApplicationFilterChain.java:140) ~[tomcat-embed-core-10.1.36.jar:10.1.36]
	at org.springframework.web.filter.CharacterEncodingFilter.doFilterInternal(CharacterEncodingFilter.java:201) ~[spring-web-6.2.3.jar:6.2.3]
	at org.springframework.web.filter.OncePerRequestFilter.doFilter(OncePerRequestFilter.java:116) ~[spring-web-6.2.3.jar:6.2.3]
	at org.apache.catalina.core.ApplicationFilterChain.internalDoFilter(ApplicationFilterChain.java:164) ~[tomcat-embed-core-10.1.36.jar:10.1.36]
	at org.apache.catalina.core.ApplicationFilterChain.doFilter(ApplicationFilterChain.java:140) ~[tomcat-embed-core-10.1.36.jar:10.1.36]
	at org.apache.catalina.core.StandardWrapperValve.invoke(StandardWrapperValve.java:167) ~[tomcat-embed-core-10.1.36.jar:10.1.36]
	at org.apache.catalina.core.StandardContextValve.invoke(StandardContextValve.java:90) ~[tomcat-embed-core-10.1.36.jar:10.1.36]
	at org.apache.catalina.authenticator.AuthenticatorBase.invoke(AuthenticatorBase.java:483) ~[tomcat-embed-core-10.1.36.jar:10.1.36]
	at org.apache.catalina.core.StandardHostValve.invoke(StandardHostValve.java:115) ~[tomcat-embed-core-10.1.36.jar:10.1.36]
	at org.apache.catalina.valves.ErrorReportValve.invoke(ErrorReportValve.java:93) ~[tomcat-embed-core-10.1.36.jar:10.1.36]
	at org.apache.catalina.core.StandardEngineValve.invoke(StandardEngineValve.java:74) ~[tomcat-embed-core-10.1.36.jar:10.1.36]
	at org.apache.catalina.connector.CoyoteAdapter.service(CoyoteAdapter.java:344) ~[tomcat-embed-core-10.1.36.jar:10.1.36]
	at org.apache.coyote.http11.Http11Processor.service(Http11Processor.java:397) ~[tomcat-embed-core-10.1.36.jar:10.1.36]
	at org.apache.coyote.AbstractProcessorLight.process(AbstractProcessorLight.java:63) ~[tomcat-embed-core-10.1.36.jar:10.1.36]
	at org.apache.coyote.AbstractProtocol$ConnectionHandler.process(AbstractProtocol.java:905) ~[tomcat-embed-core-10.1.36.jar:10.1.36]
	at org.apache.tomcat.util.net.NioEndpoint$SocketProcessor.doRun(NioEndpoint.java:1743) ~[tomcat-embed-core-10.1.36.jar:10.1.36]
	at org.apache.tomcat.util.net.SocketProcessorBase.run(SocketProcessorBase.java:52) ~[tomcat-embed-core-10.1.36.jar:10.1.36]
	at org.apache.tomcat.util.threads.ThreadPoolExecutor.runWorker(ThreadPoolExecutor.java:1190) ~[tomcat-embed-core-10.1.36.jar:10.1.36]
	at org.apache.tomcat.util.threads.ThreadPoolExecutor$Worker.run(ThreadPoolExecutor.java:659) ~[tomcat-embed-core-10.1.36.jar:10.1.36]
	at org.apache.tomcat.util.threads.TaskThread$WrappingRunnable.run(TaskThread.java:63) ~[tomcat-embed-core-10.1.36.jar:10.1.36]
	at java.base/java.lang.Thread.run(Thread.java:1570) ~[na:na]
Caused by: org.springframework.core.serializer.support.SerializationFailedException: Failed to serialize object using DefaultSerializer
	at org.springframework.core.serializer.support.SerializingConverter.convert(SerializingConverter.java:64) ~[spring-core-6.2.3.jar:6.2.3]
	at org.springframework.core.serializer.support.SerializingConverter.convert(SerializingConverter.java:33) ~[spring-core-6.2.3.jar:6.2.3]
	at org.springframework.data.redis.serializer.JdkSerializationRedisSerializer.serialize(JdkSerializationRedisSerializer.java:96) ~[spring-data-redis-3.4.3.jar:3.4.3]
	... 108 common frames omitted
Caused by: java.io.NotSerializableException: com.example.AddressBookManagement.model.Address
	at java.base/java.io.ObjectOutputStream.writeObject0(ObjectOutputStream.java:1200) ~[na:na]
	at java.base/java.io.ObjectOutputStream.writeObject(ObjectOutputStream.java:358) ~[na:na]
	at java.base/java.util.ArrayList.writeObject(ArrayList.java:949) ~[na:na]
	at java.base/jdk.internal.reflect.DirectMethodHandleAccessor.invoke(DirectMethodHandleAccessor.java:103) ~[na:na]
	at java.base/java.lang.reflect.Method.invoke(Method.java:580) ~[na:na]
	at java.base/java.io.ObjectStreamClass.invokeWriteObject(ObjectStreamClass.java:1078) ~[na:na]
	at java.base/java.io.ObjectOutputStream.writeSerialData(ObjectOutputStream.java:1529) ~[na:na]
	at java.base/java.io.ObjectOutputStream.writeOrdinaryObject(ObjectOutputStream.java:1451) ~[na:na]
	at java.base/java.io.ObjectOutputStream.writeObject0(ObjectOutputStream.java:1194) ~[na:na]
	at java.base/java.io.ObjectOutputStream.writeObject(ObjectOutputStream.java:358) ~[na:na]
	at org.springframework.core.serializer.DefaultSerializer.serialize(DefaultSerializer.java:46) ~[spring-core-6.2.3.jar:6.2.3]
	at org.springframework.core.serializer.Serializer.serializeToByteArray(Serializer.java:56) ~[spring-core-6.2.3.jar:6.2.3]
	at org.springframework.core.serializer.support.SerializingConverter.convert(SerializingConverter.java:60) ~[spring-core-6.2.3.jar:6.2.3]
	... 110 common frames omitted

2025-03-18T11:05:07.135+05:30  INFO 22128 --- [org.springframework.amqp.rabbit.RabbitListenerEndpointContainer#0-2] o.s.a.r.l.SimpleMessageListenerContainer : Waiting for workers to finish.
2025-03-18T11:05:07.990+05:30  INFO 22128 --- [org.springframework.amqp.rabbit.RabbitListenerEndpointContainer#0-2] o.s.a.r.l.SimpleMessageListenerContainer : Successfully waited for workers to finish.
2025-03-18T11:05:08.023+05:30  INFO 22128 --- [SpringApplicationShutdownHook] o.s.b.w.e.tomcat.GracefulShutdown        : Commencing graceful shutdown. Waiting for active requests to complete
2025-03-18T11:05:08.041+05:30  INFO 22128 --- [tomcat-shutdown] o.s.b.w.e.tomcat.GracefulShutdown        : Graceful shutdown complete
2025-03-18T11:05:08.181+05:30  INFO 22128 --- [SpringApplicationShutdownHook] j.LocalContainerEntityManagerFactoryBean : Closing JPA EntityManagerFactory for persistence unit 'default'
2025-03-18T11:05:08.211+05:30  INFO 22128 --- [SpringApplicationShutdownHook] com.zaxxer.hikari.HikariDataSource       : HikariPool-1 - Shutdown initiated...
2025-03-18T11:05:08.231+05:30  INFO 22128 --- [SpringApplicationShutdownHook] com.zaxxer.hikari.HikariDataSource       : HikariPool-1 - Shutdown completed.
2025-03-18T11:05:17.131+05:30  INFO 21588 --- [restartedMain] c.e.A.AddressBookManagementApplication   : Starting AddressBookManagementApplication using Java 22 with PID 21588 (C:\Users\SHIVA SHUKLA\Desktop\SpringBoot BridgeLabz\AddressBookManagement-main\target\classes started by root in C:\Users\SHIVA SHUKLA\Desktop\SpringBoot BridgeLabz\AddressBookManagement-main)
2025-03-18T11:05:17.138+05:30 DEBUG 21588 --- [restartedMain] c.e.A.AddressBookManagementApplication   : Running with Spring Boot v3.4.3, Spring v6.2.3
2025-03-18T11:05:17.139+05:30  INFO 21588 --- [restartedMain] c.e.A.AddressBookManagementApplication   : No active profile set, falling back to 1 default profile: "default"
2025-03-18T11:05:17.248+05:30  INFO 21588 --- [restartedMain] .e.DevToolsPropertyDefaultsPostProcessor : Devtools property defaults active! Set 'spring.devtools.add-properties' to 'false' to disable
2025-03-18T11:05:17.249+05:30  INFO 21588 --- [restartedMain] .e.DevToolsPropertyDefaultsPostProcessor : For additional web related logging consider setting the 'logging.level.web' property to 'DEBUG'
2025-03-18T11:05:19.416+05:30  INFO 21588 --- [restartedMain] .s.d.r.c.RepositoryConfigurationDelegate : Multiple Spring Data modules found, entering strict repository configuration mode
2025-03-18T11:05:19.420+05:30  INFO 21588 --- [restartedMain] .s.d.r.c.RepositoryConfigurationDelegate : Bootstrapping Spring Data JPA repositories in DEFAULT mode.
2025-03-18T11:05:19.690+05:30  INFO 21588 --- [restartedMain] .s.d.r.c.RepositoryConfigurationDelegate : Finished Spring Data repository scanning in 255 ms. Found 2 JPA repository interfaces.
2025-03-18T11:05:19.724+05:30  INFO 21588 --- [restartedMain] .s.d.r.c.RepositoryConfigurationDelegate : Multiple Spring Data modules found, entering strict repository configuration mode
2025-03-18T11:05:19.726+05:30  INFO 21588 --- [restartedMain] .s.d.r.c.RepositoryConfigurationDelegate : Bootstrapping Spring Data Redis repositories in DEFAULT mode.
2025-03-18T11:05:19.751+05:30  INFO 21588 --- [restartedMain] .RepositoryConfigurationExtensionSupport : Spring Data Redis - Could not safely identify store assignment for repository candidate interface com.example.AddressBookManagement.repository.AddressRepository; If you want this repository to be a Redis repository, consider annotating your entities with one of these annotations: org.springframework.data.redis.core.RedisHash (preferred), or consider extending one of the following types with your repository: org.springframework.data.keyvalue.repository.KeyValueRepository
2025-03-18T11:05:19.754+05:30  INFO 21588 --- [restartedMain] .RepositoryConfigurationExtensionSupport : Spring Data Redis - Could not safely identify store assignment for repository candidate interface com.example.AddressBookManagement.repository.AuthUserRepository; If you want this repository to be a Redis repository, consider annotating your entities with one of these annotations: org.springframework.data.redis.core.RedisHash (preferred), or consider extending one of the following types with your repository: org.springframework.data.keyvalue.repository.KeyValueRepository
2025-03-18T11:05:19.754+05:30  INFO 21588 --- [restartedMain] .s.d.r.c.RepositoryConfigurationDelegate : Finished Spring Data repository scanning in 15 ms. Found 0 Redis repository interfaces.
2025-03-18T11:05:21.115+05:30  INFO 21588 --- [restartedMain] o.s.b.w.embedded.tomcat.TomcatWebServer  : Tomcat initialized with port 8080 (http)
2025-03-18T11:05:21.140+05:30  INFO 21588 --- [restartedMain] o.apache.catalina.core.StandardService   : Starting service [Tomcat]
2025-03-18T11:05:21.142+05:30  INFO 21588 --- [restartedMain] o.apache.catalina.core.StandardEngine    : Starting Servlet engine: [Apache Tomcat/10.1.36]
2025-03-18T11:05:21.224+05:30  INFO 21588 --- [restartedMain] o.a.c.c.C.[Tomcat].[localhost].[/]       : Initializing Spring embedded WebApplicationContext
2025-03-18T11:05:21.225+05:30  INFO 21588 --- [restartedMain] w.s.c.ServletWebServerApplicationContext : Root WebApplicationContext: initialization completed in 3974 ms
2025-03-18T11:05:21.920+05:30  INFO 21588 --- [restartedMain] o.hibernate.jpa.internal.util.LogHelper  : HHH000204: Processing PersistenceUnitInfo [name: default]
2025-03-18T11:05:22.067+05:30  INFO 21588 --- [restartedMain] org.hibernate.Version                    : HHH000412: Hibernate ORM core version 6.6.8.Final
2025-03-18T11:05:22.164+05:30  INFO 21588 --- [restartedMain] o.h.c.internal.RegionFactoryInitiator    : HHH000026: Second-level cache disabled
2025-03-18T11:05:22.703+05:30  INFO 21588 --- [restartedMain] o.s.o.j.p.SpringPersistenceUnitInfo      : No LoadTimeWeaver setup: ignoring JPA class transformer
2025-03-18T11:05:22.763+05:30  INFO 21588 --- [restartedMain] com.zaxxer.hikari.HikariDataSource       : HikariPool-1 - Starting...
2025-03-18T11:05:22.997+05:30  INFO 21588 --- [restartedMain] com.zaxxer.hikari.pool.HikariPool        : HikariPool-1 - Added connection com.mysql.cj.jdbc.ConnectionImpl@f5c4769
2025-03-18T11:05:22.999+05:30  INFO 21588 --- [restartedMain] com.zaxxer.hikari.HikariDataSource       : HikariPool-1 - Start completed.
2025-03-18T11:05:23.053+05:30  WARN 21588 --- [restartedMain] org.hibernate.orm.deprecation            : HHH90000025: MySQL8Dialect does not need to be specified explicitly using 'hibernate.dialect' (remove the property setting and it will be selected by default)
2025-03-18T11:05:23.055+05:30  WARN 21588 --- [restartedMain] org.hibernate.orm.deprecation            : HHH90000026: MySQL8Dialect has been deprecated; use org.hibernate.dialect.MySQLDialect instead
2025-03-18T11:05:23.077+05:30  INFO 21588 --- [restartedMain] org.hibernate.orm.connections.pooling    : HHH10001005: Database info:
	Database JDBC URL [Connecting through datasource 'HikariDataSource (HikariPool-1)']
	Database driver: undefined/unknown
	Database version: 8.0
	Autocommit mode: undefined/unknown
	Isolation level: undefined/unknown
	Minimum pool size: undefined/unknown
	Maximum pool size: undefined/unknown
2025-03-18T11:05:24.311+05:30  INFO 21588 --- [restartedMain] o.h.e.t.j.p.i.JtaPlatformInitiator       : HHH000489: No JTA platform available (set 'hibernate.transaction.jta.platform' to enable JTA platform integration)
2025-03-18T11:05:24.380+05:30  INFO 21588 --- [restartedMain] j.LocalContainerEntityManagerFactoryBean : Initialized JPA EntityManagerFactory for persistence unit 'default'
2025-03-18T11:05:24.862+05:30  WARN 21588 --- [restartedMain] .s.s.UserDetailsServiceAutoConfiguration : 

Using generated security password: fa888536-6837-4b14-bb59-60e733facadc

This generated password is for development use only. Your security configuration must be updated before running your application in production.

2025-03-18T11:05:24.928+05:30 DEBUG 21588 --- [restartedMain] c.e.A.security.JwtRequestFilter          : Filter 'jwtRequestFilter' configured for use
2025-03-18T11:05:25.860+05:30  WARN 21588 --- [restartedMain] JpaBaseConfiguration$JpaWebConfiguration : spring.jpa.open-in-view is enabled by default. Therefore, database queries may be performed during view rendering. Explicitly configure spring.jpa.open-in-view to disable this warning
2025-03-18T11:05:25.924+05:30  INFO 21588 --- [restartedMain] r$InitializeUserDetailsManagerConfigurer : Global AuthenticationManager configured with UserDetailsService bean with name inMemoryUserDetailsManager
2025-03-18T11:05:27.216+05:30  INFO 21588 --- [restartedMain] o.s.b.d.a.OptionalLiveReloadServer       : LiveReload server is running on port 35729
2025-03-18T11:05:27.323+05:30  INFO 21588 --- [restartedMain] o.s.b.w.embedded.tomcat.TomcatWebServer  : Tomcat started on port 8080 (http) with context path '/'
2025-03-18T11:05:27.336+05:30  INFO 21588 --- [restartedMain] o.s.a.r.c.CachingConnectionFactory       : Attempting to connect to: [localhost:5672]
2025-03-18T11:05:27.424+05:30  INFO 21588 --- [restartedMain] o.s.a.r.c.CachingConnectionFactory       : Created new connection: rabbitConnectionFactory#2b1cc3bc:0/SimpleConnection@4dbb3a87 [delegate=amqp://guest@127.0.0.1:5672/, localPort=54442]
2025-03-18T11:05:27.541+05:30  INFO 21588 --- [restartedMain] c.e.A.AddressBookManagementApplication   : Started AddressBookManagementApplication in 11.425 seconds (process running for 12.349)
2025-03-18T11:05:56.880+05:30  INFO 21588 --- [http-nio-8080-exec-1] o.a.c.c.C.[Tomcat].[localhost].[/]       : Initializing Spring DispatcherServlet 'dispatcherServlet'
2025-03-18T11:05:56.884+05:30  INFO 21588 --- [http-nio-8080-exec-1] o.s.web.servlet.DispatcherServlet        : Initializing Servlet 'dispatcherServlet'
2025-03-18T11:05:56.889+05:30  INFO 21588 --- [http-nio-8080-exec-1] o.s.web.servlet.DispatcherServlet        : Completed initialization in 3 ms
2025-03-18T11:05:57.263+05:30  INFO 21588 --- [http-nio-8080-exec-1] c.e.A.controller.AddressController       : Received request to fetch all addresses
2025-03-18T11:05:58.480+05:30  INFO 21588 --- [http-nio-8080-exec-1] c.e.A.services.AddressServiceImpl        : Fetching all addresses from DB
2025-03-18T11:06:14.988+05:30  INFO 21588 --- [http-nio-8080-exec-3] c.e.A.controller.AddressController       : Received request to fetch all addresses
2025-03-18T11:06:30.849+05:30  INFO 21588 --- [http-nio-8080-exec-4] c.e.A.controller.AddressController       : Received request to fetch all addresses
2025-03-18T11:08:52.775+05:30  INFO 21588 --- [http-nio-8080-exec-6] c.e.A.controller.AddressController       : Received request to fetch address with ID: 1
2025-03-18T11:08:52.790+05:30  INFO 21588 --- [http-nio-8080-exec-6] c.e.A.services.AddressServiceImpl        : Fetching address with ID: 1 from DB
2025-03-18T11:15:50.465+05:30  INFO 21588 --- [org.springframework.amqp.rabbit.RabbitListenerEndpointContainer#0-2] o.s.a.r.l.SimpleMessageListenerContainer : Waiting for workers to finish.
2025-03-18T11:15:51.005+05:30  INFO 21588 --- [org.springframework.amqp.rabbit.RabbitListenerEndpointContainer#0-2] o.s.a.r.l.SimpleMessageListenerContainer : Successfully waited for workers to finish.
2025-03-18T11:15:51.010+05:30  INFO 21588 --- [SpringApplicationShutdownHook] o.s.b.w.e.tomcat.GracefulShutdown        : Commencing graceful shutdown. Waiting for active requests to complete
2025-03-18T11:15:51.029+05:30  INFO 21588 --- [tomcat-shutdown] o.s.b.w.e.tomcat.GracefulShutdown        : Graceful shutdown complete
2025-03-18T11:15:51.134+05:30  INFO 21588 --- [SpringApplicationShutdownHook] j.LocalContainerEntityManagerFactoryBean : Closing JPA EntityManagerFactory for persistence unit 'default'
2025-03-18T11:15:51.172+05:30  INFO 21588 --- [SpringApplicationShutdownHook] com.zaxxer.hikari.HikariDataSource       : HikariPool-1 - Shutdown initiated...
2025-03-18T11:15:51.270+05:30  INFO 21588 --- [SpringApplicationShutdownHook] com.zaxxer.hikari.HikariDataSource       : HikariPool-1 - Shutdown completed.
2025-03-18T11:15:59.714+05:30  INFO 20048 --- [restartedMain] c.e.A.AddressBookManagementApplication   : Starting AddressBookManagementApplication using Java 22 with PID 20048 (C:\Users\SHIVA SHUKLA\Desktop\SpringBoot BridgeLabz\AddressBookManagement-main\target\classes started by root in C:\Users\SHIVA SHUKLA\Desktop\SpringBoot BridgeLabz\AddressBookManagement-main)
2025-03-18T11:15:59.718+05:30 DEBUG 20048 --- [restartedMain] c.e.A.AddressBookManagementApplication   : Running with Spring Boot v3.4.3, Spring v6.2.3
2025-03-18T11:15:59.721+05:30  INFO 20048 --- [restartedMain] c.e.A.AddressBookManagementApplication   : No active profile set, falling back to 1 default profile: "default"
2025-03-18T11:15:59.844+05:30  INFO 20048 --- [restartedMain] .e.DevToolsPropertyDefaultsPostProcessor : Devtools property defaults active! Set 'spring.devtools.add-properties' to 'false' to disable
2025-03-18T11:15:59.845+05:30  INFO 20048 --- [restartedMain] .e.DevToolsPropertyDefaultsPostProcessor : For additional web related logging consider setting the 'logging.level.web' property to 'DEBUG'
2025-03-18T11:16:02.139+05:30  INFO 20048 --- [restartedMain] .s.d.r.c.RepositoryConfigurationDelegate : Multiple Spring Data modules found, entering strict repository configuration mode
2025-03-18T11:16:02.142+05:30  INFO 20048 --- [restartedMain] .s.d.r.c.RepositoryConfigurationDelegate : Bootstrapping Spring Data JPA repositories in DEFAULT mode.
2025-03-18T11:16:02.505+05:30  INFO 20048 --- [restartedMain] .s.d.r.c.RepositoryConfigurationDelegate : Finished Spring Data repository scanning in 348 ms. Found 2 JPA repository interfaces.
2025-03-18T11:16:02.553+05:30  INFO 20048 --- [restartedMain] .s.d.r.c.RepositoryConfigurationDelegate : Multiple Spring Data modules found, entering strict repository configuration mode
2025-03-18T11:16:02.556+05:30  INFO 20048 --- [restartedMain] .s.d.r.c.RepositoryConfigurationDelegate : Bootstrapping Spring Data Redis repositories in DEFAULT mode.
2025-03-18T11:16:02.589+05:30  INFO 20048 --- [restartedMain] .RepositoryConfigurationExtensionSupport : Spring Data Redis - Could not safely identify store assignment for repository candidate interface com.example.AddressBookManagement.repository.AddressRepository; If you want this repository to be a Redis repository, consider annotating your entities with one of these annotations: org.springframework.data.redis.core.RedisHash (preferred), or consider extending one of the following types with your repository: org.springframework.data.keyvalue.repository.KeyValueRepository
2025-03-18T11:16:02.591+05:30  INFO 20048 --- [restartedMain] .RepositoryConfigurationExtensionSupport : Spring Data Redis - Could not safely identify store assignment for repository candidate interface com.example.AddressBookManagement.repository.AuthUserRepository; If you want this repository to be a Redis repository, consider annotating your entities with one of these annotations: org.springframework.data.redis.core.RedisHash (preferred), or consider extending one of the following types with your repository: org.springframework.data.keyvalue.repository.KeyValueRepository
2025-03-18T11:16:02.592+05:30  INFO 20048 --- [restartedMain] .s.d.r.c.RepositoryConfigurationDelegate : Finished Spring Data repository scanning in 15 ms. Found 0 Redis repository interfaces.
2025-03-18T11:16:04.783+05:30  INFO 20048 --- [restartedMain] o.s.b.w.embedded.tomcat.TomcatWebServer  : Tomcat initialized with port 8080 (http)
2025-03-18T11:16:04.814+05:30  INFO 20048 --- [restartedMain] o.apache.catalina.core.StandardService   : Starting service [Tomcat]
2025-03-18T11:16:04.814+05:30  INFO 20048 --- [restartedMain] o.apache.catalina.core.StandardEngine    : Starting Servlet engine: [Apache Tomcat/10.1.36]
2025-03-18T11:16:04.938+05:30  INFO 20048 --- [restartedMain] o.a.c.c.C.[Tomcat].[localhost].[/]       : Initializing Spring embedded WebApplicationContext
2025-03-18T11:16:04.939+05:30  INFO 20048 --- [restartedMain] w.s.c.ServletWebServerApplicationContext : Root WebApplicationContext: initialization completed in 5093 ms
2025-03-18T11:16:05.779+05:30  INFO 20048 --- [restartedMain] o.hibernate.jpa.internal.util.LogHelper  : HHH000204: Processing PersistenceUnitInfo [name: default]
2025-03-18T11:16:05.909+05:30  INFO 20048 --- [restartedMain] org.hibernate.Version                    : HHH000412: Hibernate ORM core version 6.6.8.Final
2025-03-18T11:16:05.996+05:30  INFO 20048 --- [restartedMain] o.h.c.internal.RegionFactoryInitiator    : HHH000026: Second-level cache disabled
2025-03-18T11:16:06.818+05:30  INFO 20048 --- [restartedMain] o.s.o.j.p.SpringPersistenceUnitInfo      : No LoadTimeWeaver setup: ignoring JPA class transformer
2025-03-18T11:16:06.855+05:30  INFO 20048 --- [restartedMain] com.zaxxer.hikari.HikariDataSource       : HikariPool-1 - Starting...
2025-03-18T11:16:07.076+05:30  INFO 20048 --- [restartedMain] com.zaxxer.hikari.pool.HikariPool        : HikariPool-1 - Added connection com.mysql.cj.jdbc.ConnectionImpl@7bb32f58
2025-03-18T11:16:07.079+05:30  INFO 20048 --- [restartedMain] com.zaxxer.hikari.HikariDataSource       : HikariPool-1 - Start completed.
2025-03-18T11:16:07.136+05:30  WARN 20048 --- [restartedMain] org.hibernate.orm.deprecation            : HHH90000025: MySQL8Dialect does not need to be specified explicitly using 'hibernate.dialect' (remove the property setting and it will be selected by default)
2025-03-18T11:16:07.137+05:30  WARN 20048 --- [restartedMain] org.hibernate.orm.deprecation            : HHH90000026: MySQL8Dialect has been deprecated; use org.hibernate.dialect.MySQLDialect instead
2025-03-18T11:16:07.163+05:30  INFO 20048 --- [restartedMain] org.hibernate.orm.connections.pooling    : HHH10001005: Database info:
	Database JDBC URL [Connecting through datasource 'HikariDataSource (HikariPool-1)']
	Database driver: undefined/unknown
	Database version: 8.0
	Autocommit mode: undefined/unknown
	Isolation level: undefined/unknown
	Minimum pool size: undefined/unknown
	Maximum pool size: undefined/unknown
2025-03-18T11:16:09.629+05:30  INFO 20048 --- [restartedMain] o.h.e.t.j.p.i.JtaPlatformInitiator       : HHH000489: No JTA platform available (set 'hibernate.transaction.jta.platform' to enable JTA platform integration)
2025-03-18T11:16:09.755+05:30  INFO 20048 --- [restartedMain] j.LocalContainerEntityManagerFactoryBean : Initialized JPA EntityManagerFactory for persistence unit 'default'
2025-03-18T11:16:10.739+05:30  WARN 20048 --- [restartedMain] .s.s.UserDetailsServiceAutoConfiguration : 

Using generated security password: b66aff18-c638-4219-87f0-0f3047d0aca1

This generated password is for development use only. Your security configuration must be updated before running your application in production.

2025-03-18T11:16:10.869+05:30 DEBUG 20048 --- [restartedMain] c.e.A.security.JwtRequestFilter          : Filter 'jwtRequestFilter' configured for use
2025-03-18T11:16:12.629+05:30  WARN 20048 --- [restartedMain] JpaBaseConfiguration$JpaWebConfiguration : spring.jpa.open-in-view is enabled by default. Therefore, database queries may be performed during view rendering. Explicitly configure spring.jpa.open-in-view to disable this warning
2025-03-18T11:16:12.742+05:30  INFO 20048 --- [restartedMain] r$InitializeUserDetailsManagerConfigurer : Global AuthenticationManager configured with UserDetailsService bean with name inMemoryUserDetailsManager
2025-03-18T11:16:15.125+05:30  INFO 20048 --- [restartedMain] o.s.b.d.a.OptionalLiveReloadServer       : LiveReload server is running on port 35729
2025-03-18T11:16:15.342+05:30  INFO 20048 --- [restartedMain] o.s.b.w.embedded.tomcat.TomcatWebServer  : Tomcat started on port 8080 (http) with context path '/'
2025-03-18T11:16:15.356+05:30  INFO 20048 --- [restartedMain] o.s.a.r.c.CachingConnectionFactory       : Attempting to connect to: [localhost:5672]
2025-03-18T11:16:15.525+05:30  INFO 20048 --- [restartedMain] o.s.a.r.c.CachingConnectionFactory       : Created new connection: rabbitConnectionFactory#11e64dd2:0/SimpleConnection@46afbe29 [delegate=amqp://guest@127.0.0.1:5672/, localPort=59392]
2025-03-18T11:16:15.741+05:30  INFO 20048 --- [restartedMain] c.e.A.AddressBookManagementApplication   : Started AddressBookManagementApplication in 17.152 seconds (process running for 18.145)
2025-03-18T11:16:23.078+05:30  INFO 20048 --- [http-nio-8080-exec-2] o.a.c.c.C.[Tomcat].[localhost].[/]       : Initializing Spring DispatcherServlet 'dispatcherServlet'
2025-03-18T11:16:23.079+05:30  INFO 20048 --- [http-nio-8080-exec-2] o.s.web.servlet.DispatcherServlet        : Initializing Servlet 'dispatcherServlet'
2025-03-18T11:16:23.084+05:30  INFO 20048 --- [http-nio-8080-exec-2] o.s.web.servlet.DispatcherServlet        : Completed initialization in 5 ms
2025-03-18T11:16:23.487+05:30  INFO 20048 --- [http-nio-8080-exec-2] c.e.A.controller.AddressController       : Received request to fetch all addresses
2025-03-18T11:16:39.164+05:30  INFO 20048 --- [org.springframework.amqp.rabbit.RabbitListenerEndpointContainer#0-2] o.s.a.r.l.SimpleMessageListenerContainer : Waiting for workers to finish.
2025-03-18T11:16:39.957+05:30  INFO 20048 --- [org.springframework.amqp.rabbit.RabbitListenerEndpointContainer#0-2] o.s.a.r.l.SimpleMessageListenerContainer : Successfully waited for workers to finish.
2025-03-18T11:16:39.958+05:30  INFO 20048 --- [SpringApplicationShutdownHook] o.s.b.w.e.tomcat.GracefulShutdown        : Commencing graceful shutdown. Waiting for active requests to complete
2025-03-18T11:16:39.972+05:30  INFO 20048 --- [tomcat-shutdown] o.s.b.w.e.tomcat.GracefulShutdown        : Graceful shutdown complete
2025-03-18T11:16:40.011+05:30  INFO 20048 --- [SpringApplicationShutdownHook] j.LocalContainerEntityManagerFactoryBean : Closing JPA EntityManagerFactory for persistence unit 'default'
2025-03-18T11:16:40.017+05:30  INFO 20048 --- [SpringApplicationShutdownHook] com.zaxxer.hikari.HikariDataSource       : HikariPool-1 - Shutdown initiated...
2025-03-18T11:16:40.030+05:30  INFO 20048 --- [SpringApplicationShutdownHook] com.zaxxer.hikari.HikariDataSource       : HikariPool-1 - Shutdown completed.
2025-03-18T11:16:47.019+05:30  INFO 6572 --- [restartedMain] c.e.A.AddressBookManagementApplication   : Starting AddressBookManagementApplication using Java 22 with PID 6572 (C:\Users\SHIVA SHUKLA\Desktop\SpringBoot BridgeLabz\AddressBookManagement-main\target\classes started by root in C:\Users\SHIVA SHUKLA\Desktop\SpringBoot BridgeLabz\AddressBookManagement-main)
2025-03-18T11:16:47.032+05:30 DEBUG 6572 --- [restartedMain] c.e.A.AddressBookManagementApplication   : Running with Spring Boot v3.4.3, Spring v6.2.3
2025-03-18T11:16:47.035+05:30  INFO 6572 --- [restartedMain] c.e.A.AddressBookManagementApplication   : No active profile set, falling back to 1 default profile: "default"
2025-03-18T11:16:47.134+05:30  INFO 6572 --- [restartedMain] .e.DevToolsPropertyDefaultsPostProcessor : Devtools property defaults active! Set 'spring.devtools.add-properties' to 'false' to disable
2025-03-18T11:16:47.134+05:30  INFO 6572 --- [restartedMain] .e.DevToolsPropertyDefaultsPostProcessor : For additional web related logging consider setting the 'logging.level.web' property to 'DEBUG'
2025-03-18T11:16:49.309+05:30  INFO 6572 --- [restartedMain] .s.d.r.c.RepositoryConfigurationDelegate : Multiple Spring Data modules found, entering strict repository configuration mode
2025-03-18T11:16:49.311+05:30  INFO 6572 --- [restartedMain] .s.d.r.c.RepositoryConfigurationDelegate : Bootstrapping Spring Data JPA repositories in DEFAULT mode.
2025-03-18T11:16:49.557+05:30  INFO 6572 --- [restartedMain] .s.d.r.c.RepositoryConfigurationDelegate : Finished Spring Data repository scanning in 231 ms. Found 2 JPA repository interfaces.
2025-03-18T11:16:49.590+05:30  INFO 6572 --- [restartedMain] .s.d.r.c.RepositoryConfigurationDelegate : Multiple Spring Data modules found, entering strict repository configuration mode
2025-03-18T11:16:49.592+05:30  INFO 6572 --- [restartedMain] .s.d.r.c.RepositoryConfigurationDelegate : Bootstrapping Spring Data Redis repositories in DEFAULT mode.
2025-03-18T11:16:49.619+05:30  INFO 6572 --- [restartedMain] .RepositoryConfigurationExtensionSupport : Spring Data Redis - Could not safely identify store assignment for repository candidate interface com.example.AddressBookManagement.repository.AddressRepository; If you want this repository to be a Redis repository, consider annotating your entities with one of these annotations: org.springframework.data.redis.core.RedisHash (preferred), or consider extending one of the following types with your repository: org.springframework.data.keyvalue.repository.KeyValueRepository
2025-03-18T11:16:49.621+05:30  INFO 6572 --- [restartedMain] .RepositoryConfigurationExtensionSupport : Spring Data Redis - Could not safely identify store assignment for repository candidate interface com.example.AddressBookManagement.repository.AuthUserRepository; If you want this repository to be a Redis repository, consider annotating your entities with one of these annotations: org.springframework.data.redis.core.RedisHash (preferred), or consider extending one of the following types with your repository: org.springframework.data.keyvalue.repository.KeyValueRepository
2025-03-18T11:16:49.622+05:30  INFO 6572 --- [restartedMain] .s.d.r.c.RepositoryConfigurationDelegate : Finished Spring Data repository scanning in 13 ms. Found 0 Redis repository interfaces.
2025-03-18T11:16:50.996+05:30  INFO 6572 --- [restartedMain] o.s.b.w.embedded.tomcat.TomcatWebServer  : Tomcat initialized with port 8080 (http)
2025-03-18T11:16:51.021+05:30  INFO 6572 --- [restartedMain] o.apache.catalina.core.StandardService   : Starting service [Tomcat]
2025-03-18T11:16:51.022+05:30  INFO 6572 --- [restartedMain] o.apache.catalina.core.StandardEngine    : Starting Servlet engine: [Apache Tomcat/10.1.36]
2025-03-18T11:16:51.100+05:30  INFO 6572 --- [restartedMain] o.a.c.c.C.[Tomcat].[localhost].[/]       : Initializing Spring embedded WebApplicationContext
2025-03-18T11:16:51.101+05:30  INFO 6572 --- [restartedMain] w.s.c.ServletWebServerApplicationContext : Root WebApplicationContext: initialization completed in 3964 ms
2025-03-18T11:16:51.835+05:30  INFO 6572 --- [restartedMain] o.hibernate.jpa.internal.util.LogHelper  : HHH000204: Processing PersistenceUnitInfo [name: default]
2025-03-18T11:16:51.941+05:30  INFO 6572 --- [restartedMain] org.hibernate.Version                    : HHH000412: Hibernate ORM core version 6.6.8.Final
2025-03-18T11:16:51.996+05:30  INFO 6572 --- [restartedMain] o.h.c.internal.RegionFactoryInitiator    : HHH000026: Second-level cache disabled
2025-03-18T11:16:52.773+05:30  INFO 6572 --- [restartedMain] o.s.o.j.p.SpringPersistenceUnitInfo      : No LoadTimeWeaver setup: ignoring JPA class transformer
2025-03-18T11:16:52.837+05:30  INFO 6572 --- [restartedMain] com.zaxxer.hikari.HikariDataSource       : HikariPool-1 - Starting...
2025-03-18T11:16:53.139+05:30  INFO 6572 --- [restartedMain] com.zaxxer.hikari.pool.HikariPool        : HikariPool-1 - Added connection com.mysql.cj.jdbc.ConnectionImpl@5ff5167a
2025-03-18T11:16:53.146+05:30  INFO 6572 --- [restartedMain] com.zaxxer.hikari.HikariDataSource       : HikariPool-1 - Start completed.
2025-03-18T11:16:53.212+05:30  WARN 6572 --- [restartedMain] org.hibernate.orm.deprecation            : HHH90000025: MySQL8Dialect does not need to be specified explicitly using 'hibernate.dialect' (remove the property setting and it will be selected by default)
2025-03-18T11:16:53.215+05:30  WARN 6572 --- [restartedMain] org.hibernate.orm.deprecation            : HHH90000026: MySQL8Dialect has been deprecated; use org.hibernate.dialect.MySQLDialect instead
2025-03-18T11:16:53.243+05:30  INFO 6572 --- [restartedMain] org.hibernate.orm.connections.pooling    : HHH10001005: Database info:
	Database JDBC URL [Connecting through datasource 'HikariDataSource (HikariPool-1)']
	Database driver: undefined/unknown
	Database version: 8.0
	Autocommit mode: undefined/unknown
	Isolation level: undefined/unknown
	Minimum pool size: undefined/unknown
	Maximum pool size: undefined/unknown
2025-03-18T11:16:54.602+05:30  INFO 6572 --- [restartedMain] o.h.e.t.j.p.i.JtaPlatformInitiator       : HHH000489: No JTA platform available (set 'hibernate.transaction.jta.platform' to enable JTA platform integration)
2025-03-18T11:16:54.675+05:30  INFO 6572 --- [restartedMain] j.LocalContainerEntityManagerFactoryBean : Initialized JPA EntityManagerFactory for persistence unit 'default'
2025-03-18T11:16:55.203+05:30  WARN 6572 --- [restartedMain] .s.s.UserDetailsServiceAutoConfiguration : 

Using generated security password: 9fc35c55-4913-4bef-91e3-e72a2d5ad46d

This generated password is for development use only. Your security configuration must be updated before running your application in production.

2025-03-18T11:16:55.301+05:30 DEBUG 6572 --- [restartedMain] c.e.A.security.JwtRequestFilter          : Filter 'jwtRequestFilter' configured for use
2025-03-18T11:16:56.553+05:30  WARN 6572 --- [restartedMain] JpaBaseConfiguration$JpaWebConfiguration : spring.jpa.open-in-view is enabled by default. Therefore, database queries may be performed during view rendering. Explicitly configure spring.jpa.open-in-view to disable this warning
2025-03-18T11:16:56.735+05:30  INFO 6572 --- [restartedMain] r$InitializeUserDetailsManagerConfigurer : Global AuthenticationManager configured with UserDetailsService bean with name inMemoryUserDetailsManager
2025-03-18T11:16:59.803+05:30  INFO 6572 --- [restartedMain] o.s.b.d.a.OptionalLiveReloadServer       : LiveReload server is running on port 35729
2025-03-18T11:16:59.977+05:30  INFO 6572 --- [restartedMain] o.s.b.w.embedded.tomcat.TomcatWebServer  : Tomcat started on port 8080 (http) with context path '/'
2025-03-18T11:16:59.989+05:30  INFO 6572 --- [restartedMain] o.s.a.r.c.CachingConnectionFactory       : Attempting to connect to: [localhost:5672]
2025-03-18T11:17:00.142+05:30  INFO 6572 --- [restartedMain] o.s.a.r.c.CachingConnectionFactory       : Created new connection: rabbitConnectionFactory#40c48f5d:0/SimpleConnection@55df1d32 [delegate=amqp://guest@127.0.0.1:5672/, localPort=59431]
2025-03-18T11:17:00.330+05:30  INFO 6572 --- [restartedMain] c.e.A.AddressBookManagementApplication   : Started AddressBookManagementApplication in 14.259 seconds (process running for 15.166)
2025-03-18T11:17:08.820+05:30  INFO 6572 --- [http-nio-8080-exec-2] o.a.c.c.C.[Tomcat].[localhost].[/]       : Initializing Spring DispatcherServlet 'dispatcherServlet'
2025-03-18T11:17:08.821+05:30  INFO 6572 --- [http-nio-8080-exec-2] o.s.web.servlet.DispatcherServlet        : Initializing Servlet 'dispatcherServlet'
2025-03-18T11:17:08.827+05:30  INFO 6572 --- [http-nio-8080-exec-2] o.s.web.servlet.DispatcherServlet        : Completed initialization in 6 ms
2025-03-18T11:17:38.298+05:30  INFO 6572 --- [http-nio-8080-exec-3] c.e.A.controller.AddressController       : Received request to fetch all addresses
2025-03-18T11:18:22.866+05:30 ERROR 6572 --- [http-nio-8080-exec-4] o.a.c.c.C.[.[.[/].[dispatcherServlet]    : Servlet.service() for servlet [dispatcherServlet] in context with path [] threw exception

io.jsonwebtoken.ExpiredJwtException: JWT expired at 2025-03-18T05:48:10Z. Current time: 2025-03-18T05:48:22Z, a difference of 12860 milliseconds.  Allowed clock skew: 0 milliseconds.
	at io.jsonwebtoken.impl.DefaultJwtParser.parse(DefaultJwtParser.java:427) ~[jjwt-impl-0.11.5.jar:0.11.5]
	at io.jsonwebtoken.impl.DefaultJwtParser.parse(DefaultJwtParser.java:529) ~[jjwt-impl-0.11.5.jar:0.11.5]
	at io.jsonwebtoken.impl.DefaultJwtParser.parseClaimsJws(DefaultJwtParser.java:589) ~[jjwt-impl-0.11.5.jar:0.11.5]
	at io.jsonwebtoken.impl.ImmutableJwtParser.parseClaimsJws(ImmutableJwtParser.java:173) ~[jjwt-impl-0.11.5.jar:0.11.5]
	at com.example.AddressBookManagement.Utils.JwtUtil.extractEmail(JwtUtil.java:37) ~[classes/:na]
	at com.example.AddressBookManagement.security.JwtRequestFilter.doFilterInternal(JwtRequestFilter.java:44) ~[classes/:na]
	at org.springframework.web.filter.OncePerRequestFilter.doFilter(OncePerRequestFilter.java:116) ~[spring-web-6.2.3.jar:6.2.3]
	at org.apache.catalina.core.ApplicationFilterChain.internalDoFilter(ApplicationFilterChain.java:164) ~[tomcat-embed-core-10.1.36.jar:10.1.36]
	at org.apache.catalina.core.ApplicationFilterChain.doFilter(ApplicationFilterChain.java:140) ~[tomcat-embed-core-10.1.36.jar:10.1.36]
	at org.springframework.web.filter.CompositeFilter$VirtualFilterChain.doFilter(CompositeFilter.java:108) ~[spring-web-6.2.3.jar:6.2.3]
	at org.springframework.security.web.FilterChainProxy.lambda$doFilterInternal$3(FilterChainProxy.java:231) ~[spring-security-web-6.4.3.jar:6.4.3]
	at org.springframework.security.web.FilterChainProxy$VirtualFilterChain.doFilter(FilterChainProxy.java:365) ~[spring-security-web-6.4.3.jar:6.4.3]
	at org.springframework.security.web.access.intercept.AuthorizationFilter.doFilter(AuthorizationFilter.java:101) ~[spring-security-web-6.4.3.jar:6.4.3]
	at org.springframework.security.web.FilterChainProxy$VirtualFilterChain.doFilter(FilterChainProxy.java:374) ~[spring-security-web-6.4.3.jar:6.4.3]
	at org.springframework.security.web.access.ExceptionTranslationFilter.doFilter(ExceptionTranslationFilter.java:126) ~[spring-security-web-6.4.3.jar:6.4.3]
	at org.springframework.security.web.access.ExceptionTranslationFilter.doFilter(ExceptionTranslationFilter.java:120) ~[spring-security-web-6.4.3.jar:6.4.3]
	at org.springframework.security.web.FilterChainProxy$VirtualFilterChain.doFilter(FilterChainProxy.java:374) ~[spring-security-web-6.4.3.jar:6.4.3]
	at org.springframework.security.web.authentication.AnonymousAuthenticationFilter.doFilter(AnonymousAuthenticationFilter.java:100) ~[spring-security-web-6.4.3.jar:6.4.3]
	at org.springframework.security.web.FilterChainProxy$VirtualFilterChain.doFilter(FilterChainProxy.java:374) ~[spring-security-web-6.4.3.jar:6.4.3]
	at org.springframework.security.web.servletapi.SecurityContextHolderAwareRequestFilter.doFilter(SecurityContextHolderAwareRequestFilter.java:179) ~[spring-security-web-6.4.3.jar:6.4.3]
	at org.springframework.security.web.FilterChainProxy$VirtualFilterChain.doFilter(FilterChainProxy.java:374) ~[spring-security-web-6.4.3.jar:6.4.3]
	at org.springframework.security.web.savedrequest.RequestCacheAwareFilter.doFilter(RequestCacheAwareFilter.java:63) ~[spring-security-web-6.4.3.jar:6.4.3]
	at org.springframework.security.web.FilterChainProxy$VirtualFilterChain.doFilter(FilterChainProxy.java:374) ~[spring-security-web-6.4.3.jar:6.4.3]
	at org.springframework.security.web.authentication.logout.LogoutFilter.doFilter(LogoutFilter.java:107) ~[spring-security-web-6.4.3.jar:6.4.3]
	at org.springframework.security.web.authentication.logout.LogoutFilter.doFilter(LogoutFilter.java:93) ~[spring-security-web-6.4.3.jar:6.4.3]
	at org.springframework.security.web.FilterChainProxy$VirtualFilterChain.doFilter(FilterChainProxy.java:374) ~[spring-security-web-6.4.3.jar:6.4.3]
	at org.springframework.security.web.header.HeaderWriterFilter.doHeadersAfter(HeaderWriterFilter.java:90) ~[spring-security-web-6.4.3.jar:6.4.3]
	at org.springframework.security.web.header.HeaderWriterFilter.doFilterInternal(HeaderWriterFilter.java:75) ~[spring-security-web-6.4.3.jar:6.4.3]
	at org.springframework.web.filter.OncePerRequestFilter.doFilter(OncePerRequestFilter.java:116) ~[spring-web-6.2.3.jar:6.2.3]
	at org.springframework.security.web.FilterChainProxy$VirtualFilterChain.doFilter(FilterChainProxy.java:374) ~[spring-security-web-6.4.3.jar:6.4.3]
	at org.springframework.security.web.context.SecurityContextHolderFilter.doFilter(SecurityContextHolderFilter.java:82) ~[spring-security-web-6.4.3.jar:6.4.3]
	at org.springframework.security.web.context.SecurityContextHolderFilter.doFilter(SecurityContextHolderFilter.java:69) ~[spring-security-web-6.4.3.jar:6.4.3]
	at org.springframework.security.web.FilterChainProxy$VirtualFilterChain.doFilter(FilterChainProxy.java:374) ~[spring-security-web-6.4.3.jar:6.4.3]
	at org.springframework.security.web.context.request.async.WebAsyncManagerIntegrationFilter.doFilterInternal(WebAsyncManagerIntegrationFilter.java:62) ~[spring-security-web-6.4.3.jar:6.4.3]
	at org.springframework.web.filter.OncePerRequestFilter.doFilter(OncePerRequestFilter.java:116) ~[spring-web-6.2.3.jar:6.2.3]
	at org.springframework.security.web.FilterChainProxy$VirtualFilterChain.doFilter(FilterChainProxy.java:374) ~[spring-security-web-6.4.3.jar:6.4.3]
	at org.springframework.security.web.session.DisableEncodeUrlFilter.doFilterInternal(DisableEncodeUrlFilter.java:42) ~[spring-security-web-6.4.3.jar:6.4.3]
	at org.springframework.web.filter.OncePerRequestFilter.doFilter(OncePerRequestFilter.java:116) ~[spring-web-6.2.3.jar:6.2.3]
	at org.springframework.security.web.FilterChainProxy$VirtualFilterChain.doFilter(FilterChainProxy.java:374) ~[spring-security-web-6.4.3.jar:6.4.3]
	at org.springframework.security.web.FilterChainProxy.doFilterInternal(FilterChainProxy.java:233) ~[spring-security-web-6.4.3.jar:6.4.3]
	at org.springframework.security.web.FilterChainProxy.doFilter(FilterChainProxy.java:191) ~[spring-security-web-6.4.3.jar:6.4.3]
	at org.springframework.web.filter.CompositeFilter$VirtualFilterChain.doFilter(CompositeFilter.java:113) ~[spring-web-6.2.3.jar:6.2.3]
	at org.springframework.web.servlet.handler.HandlerMappingIntrospector.lambda$createCacheFilter$3(HandlerMappingIntrospector.java:243) ~[spring-webmvc-6.2.3.jar:6.2.3]
	at org.springframework.web.filter.CompositeFilter$VirtualFilterChain.doFilter(CompositeFilter.java:113) ~[spring-web-6.2.3.jar:6.2.3]
	at org.springframework.web.filter.CompositeFilter.doFilter(CompositeFilter.java:74) ~[spring-web-6.2.3.jar:6.2.3]
	at org.springframework.security.config.annotation.web.configuration.WebMvcSecurityConfiguration$CompositeFilterChainProxy.doFilter(WebMvcSecurityConfiguration.java:238) ~[spring-security-config-6.4.3.jar:6.4.3]
	at org.springframework.web.filter.DelegatingFilterProxy.invokeDelegate(DelegatingFilterProxy.java:362) ~[spring-web-6.2.3.jar:6.2.3]
	at org.springframework.web.filter.DelegatingFilterProxy.doFilter(DelegatingFilterProxy.java:278) ~[spring-web-6.2.3.jar:6.2.3]
	at org.apache.catalina.core.ApplicationFilterChain.internalDoFilter(ApplicationFilterChain.java:164) ~[tomcat-embed-core-10.1.36.jar:10.1.36]
	at org.apache.catalina.core.ApplicationFilterChain.doFilter(ApplicationFilterChain.java:140) ~[tomcat-embed-core-10.1.36.jar:10.1.36]
	at org.springframework.web.filter.RequestContextFilter.doFilterInternal(RequestContextFilter.java:100) ~[spring-web-6.2.3.jar:6.2.3]
	at org.springframework.web.filter.OncePerRequestFilter.doFilter(OncePerRequestFilter.java:116) ~[spring-web-6.2.3.jar:6.2.3]
	at org.apache.catalina.core.ApplicationFilterChain.internalDoFilter(ApplicationFilterChain.java:164) ~[tomcat-embed-core-10.1.36.jar:10.1.36]
	at org.apache.catalina.core.ApplicationFilterChain.doFilter(ApplicationFilterChain.java:140) ~[tomcat-embed-core-10.1.36.jar:10.1.36]
	at org.springframework.web.filter.FormContentFilter.doFilterInternal(FormContentFilter.java:93) ~[spring-web-6.2.3.jar:6.2.3]
	at org.springframework.web.filter.OncePerRequestFilter.doFilter(OncePerRequestFilter.java:116) ~[spring-web-6.2.3.jar:6.2.3]
	at org.apache.catalina.core.ApplicationFilterChain.internalDoFilter(ApplicationFilterChain.java:164) ~[tomcat-embed-core-10.1.36.jar:10.1.36]
	at org.apache.catalina.core.ApplicationFilterChain.doFilter(ApplicationFilterChain.java:140) ~[tomcat-embed-core-10.1.36.jar:10.1.36]
	at org.springframework.web.filter.CharacterEncodingFilter.doFilterInternal(CharacterEncodingFilter.java:201) ~[spring-web-6.2.3.jar:6.2.3]
	at org.springframework.web.filter.OncePerRequestFilter.doFilter(OncePerRequestFilter.java:116) ~[spring-web-6.2.3.jar:6.2.3]
	at org.apache.catalina.core.ApplicationFilterChain.internalDoFilter(ApplicationFilterChain.java:164) ~[tomcat-embed-core-10.1.36.jar:10.1.36]
	at org.apache.catalina.core.ApplicationFilterChain.doFilter(ApplicationFilterChain.java:140) ~[tomcat-embed-core-10.1.36.jar:10.1.36]
	at org.apache.catalina.core.StandardWrapperValve.invoke(StandardWrapperValve.java:167) ~[tomcat-embed-core-10.1.36.jar:10.1.36]
	at org.apache.catalina.core.StandardContextValve.invoke(StandardContextValve.java:90) ~[tomcat-embed-core-10.1.36.jar:10.1.36]
	at org.apache.catalina.authenticator.AuthenticatorBase.invoke(AuthenticatorBase.java:483) ~[tomcat-embed-core-10.1.36.jar:10.1.36]
	at org.apache.catalina.core.StandardHostValve.invoke(StandardHostValve.java:115) ~[tomcat-embed-core-10.1.36.jar:10.1.36]
	at org.apache.catalina.valves.ErrorReportValve.invoke(ErrorReportValve.java:93) ~[tomcat-embed-core-10.1.36.jar:10.1.36]
	at org.apache.catalina.core.StandardEngineValve.invoke(StandardEngineValve.java:74) ~[tomcat-embed-core-10.1.36.jar:10.1.36]
	at org.apache.catalina.connector.CoyoteAdapter.service(CoyoteAdapter.java:344) ~[tomcat-embed-core-10.1.36.jar:10.1.36]
	at org.apache.coyote.http11.Http11Processor.service(Http11Processor.java:397) ~[tomcat-embed-core-10.1.36.jar:10.1.36]
	at org.apache.coyote.AbstractProcessorLight.process(AbstractProcessorLight.java:63) ~[tomcat-embed-core-10.1.36.jar:10.1.36]
	at org.apache.coyote.AbstractProtocol$ConnectionHandler.process(AbstractProtocol.java:905) ~[tomcat-embed-core-10.1.36.jar:10.1.36]
	at org.apache.tomcat.util.net.NioEndpoint$SocketProcessor.doRun(NioEndpoint.java:1743) ~[tomcat-embed-core-10.1.36.jar:10.1.36]
	at org.apache.tomcat.util.net.SocketProcessorBase.run(SocketProcessorBase.java:52) ~[tomcat-embed-core-10.1.36.jar:10.1.36]
	at org.apache.tomcat.util.threads.ThreadPoolExecutor.runWorker(ThreadPoolExecutor.java:1190) ~[tomcat-embed-core-10.1.36.jar:10.1.36]
	at org.apache.tomcat.util.threads.ThreadPoolExecutor$Worker.run(ThreadPoolExecutor.java:659) ~[tomcat-embed-core-10.1.36.jar:10.1.36]
	at org.apache.tomcat.util.threads.TaskThread$WrappingRunnable.run(TaskThread.java:63) ~[tomcat-embed-core-10.1.36.jar:10.1.36]
	at java.base/java.lang.Thread.run(Thread.java:1570) ~[na:na]

2025-03-18T11:55:22.710+05:30  INFO 6572 --- [File Watcher] rtingClassPathChangeChangedEventListener : Restarting due to 27 class path changes (0 additions, 24 deletions, 3 modifications)
2025-03-18T11:55:22.873+05:30  INFO 6572 --- [org.springframework.amqp.rabbit.RabbitListenerEndpointContainer#0-2] o.s.a.r.l.SimpleMessageListenerContainer : Waiting for workers to finish.
2025-03-18T11:55:23.266+05:30  INFO 6572 --- [org.springframework.amqp.rabbit.RabbitListenerEndpointContainer#0-2] o.s.a.r.l.SimpleMessageListenerContainer : Successfully waited for workers to finish.
2025-03-18T11:55:23.294+05:30  INFO 6572 --- [Thread-5] o.s.b.w.e.tomcat.GracefulShutdown        : Commencing graceful shutdown. Waiting for active requests to complete
2025-03-18T11:55:23.343+05:30  INFO 6572 --- [tomcat-shutdown] o.s.b.w.e.tomcat.GracefulShutdown        : Graceful shutdown complete
2025-03-18T11:55:23.522+05:30  INFO 6572 --- [Thread-5] j.LocalContainerEntityManagerFactoryBean : Closing JPA EntityManagerFactory for persistence unit 'default'
2025-03-18T11:55:23.571+05:30  INFO 6572 --- [Thread-5] com.zaxxer.hikari.HikariDataSource       : HikariPool-1 - Shutdown initiated...
2025-03-18T11:55:23.599+05:30  INFO 6572 --- [Thread-5] com.zaxxer.hikari.HikariDataSource       : HikariPool-1 - Shutdown completed.
2025-03-18T11:55:24.017+05:30  INFO 6572 --- [restartedMain] c.e.A.AddressBookManagementApplication   : Starting AddressBookManagementApplication using Java 22 with PID 6572 (C:\Users\SHIVA SHUKLA\Desktop\SpringBoot BridgeLabz\AddressBookManagement-main\target\classes started by root in C:\Users\SHIVA SHUKLA\Desktop\SpringBoot BridgeLabz\AddressBookManagement-main)
2025-03-18T11:55:24.017+05:30 DEBUG 6572 --- [restartedMain] c.e.A.AddressBookManagementApplication   : Running with Spring Boot v3.4.3, Spring v6.2.3
2025-03-18T11:55:24.019+05:30  INFO 6572 --- [restartedMain] c.e.A.AddressBookManagementApplication   : No active profile set, falling back to 1 default profile: "default"
2025-03-18T11:55:25.172+05:30  INFO 6572 --- [restartedMain] .s.d.r.c.RepositoryConfigurationDelegate : Multiple Spring Data modules found, entering strict repository configuration mode
2025-03-18T11:55:25.172+05:30  INFO 6572 --- [restartedMain] .s.d.r.c.RepositoryConfigurationDelegate : Bootstrapping Spring Data JPA repositories in DEFAULT mode.
2025-03-18T11:55:25.175+05:30  INFO 6572 --- [restartedMain] .s.d.r.c.RepositoryConfigurationDelegate : Finished Spring Data repository scanning in 1 ms. Found 0 JPA repository interfaces.
2025-03-18T11:55:25.184+05:30  INFO 6572 --- [restartedMain] .s.d.r.c.RepositoryConfigurationDelegate : Multiple Spring Data modules found, entering strict repository configuration mode
2025-03-18T11:55:25.185+05:30  INFO 6572 --- [restartedMain] .s.d.r.c.RepositoryConfigurationDelegate : Bootstrapping Spring Data Redis repositories in DEFAULT mode.
2025-03-18T11:55:25.190+05:30  INFO 6572 --- [restartedMain] .s.d.r.c.RepositoryConfigurationDelegate : Finished Spring Data repository scanning in 0 ms. Found 0 Redis repository interfaces.
2025-03-18T11:55:26.382+05:30  INFO 6572 --- [restartedMain] o.s.b.w.embedded.tomcat.TomcatWebServer  : Tomcat initialized with port 8080 (http)
2025-03-18T11:55:26.406+05:30  INFO 6572 --- [restartedMain] o.apache.catalina.core.StandardService   : Starting service [Tomcat]
2025-03-18T11:55:26.408+05:30  INFO 6572 --- [restartedMain] o.apache.catalina.core.StandardEngine    : Starting Servlet engine: [Apache Tomcat/10.1.36]
2025-03-18T11:55:26.637+05:30  INFO 6572 --- [restartedMain] o.a.c.c.C.[Tomcat].[localhost].[/]       : Initializing Spring embedded WebApplicationContext
2025-03-18T11:55:26.638+05:30  INFO 6572 --- [restartedMain] w.s.c.ServletWebServerApplicationContext : Root WebApplicationContext: initialization completed in 2607 ms
2025-03-18T11:55:26.782+05:30  INFO 6572 --- [restartedMain] o.hibernate.jpa.internal.util.LogHelper  : HHH000204: Processing PersistenceUnitInfo [name: default]
2025-03-18T11:55:26.791+05:30  INFO 6572 --- [restartedMain] o.h.c.internal.RegionFactoryInitiator    : HHH000026: Second-level cache disabled
2025-03-18T11:55:26.825+05:30  INFO 6572 --- [restartedMain] o.s.o.j.p.SpringPersistenceUnitInfo      : No LoadTimeWeaver setup: ignoring JPA class transformer
2025-03-18T11:55:26.827+05:30  INFO 6572 --- [restartedMain] com.zaxxer.hikari.HikariDataSource       : HikariPool-2 - Starting...
2025-03-18T11:55:26.895+05:30  INFO 6572 --- [restartedMain] com.zaxxer.hikari.pool.HikariPool        : HikariPool-2 - Added connection com.mysql.cj.jdbc.ConnectionImpl@1d132f2b
2025-03-18T11:55:26.897+05:30  INFO 6572 --- [restartedMain] com.zaxxer.hikari.HikariDataSource       : HikariPool-2 - Start completed.
2025-03-18T11:55:26.902+05:30  WARN 6572 --- [restartedMain] org.hibernate.orm.deprecation            : HHH90000025: MySQL8Dialect does not need to be specified explicitly using 'hibernate.dialect' (remove the property setting and it will be selected by default)
2025-03-18T11:55:26.903+05:30  WARN 6572 --- [restartedMain] org.hibernate.orm.deprecation            : HHH90000026: MySQL8Dialect has been deprecated; use org.hibernate.dialect.MySQLDialect instead
2025-03-18T11:55:26.904+05:30  INFO 6572 --- [restartedMain] org.hibernate.orm.connections.pooling    : HHH10001005: Database info:
	Database JDBC URL [Connecting through datasource 'HikariDataSource (HikariPool-2)']
	Database driver: undefined/unknown
	Database version: 8.0
	Autocommit mode: undefined/unknown
	Isolation level: undefined/unknown
	Minimum pool size: undefined/unknown
	Maximum pool size: undefined/unknown
2025-03-18T11:55:26.960+05:30  INFO 6572 --- [restartedMain] o.h.e.t.j.p.i.JtaPlatformInitiator       : HHH000489: No JTA platform available (set 'hibernate.transaction.jta.platform' to enable JTA platform integration)
2025-03-18T11:55:26.960+05:30  INFO 6572 --- [restartedMain] j.LocalContainerEntityManagerFactoryBean : Initialized JPA EntityManagerFactory for persistence unit 'default'
2025-03-18T11:55:27.133+05:30  WARN 6572 --- [restartedMain] JpaBaseConfiguration$JpaWebConfiguration : spring.jpa.open-in-view is enabled by default. Therefore, database queries may be performed during view rendering. Explicitly configure spring.jpa.open-in-view to disable this warning
2025-03-18T11:55:27.682+05:30  WARN 6572 --- [restartedMain] .s.s.UserDetailsServiceAutoConfiguration : 

Using generated security password: 6a3a2656-6891-4c23-b7c0-e81610c9426f

This generated password is for development use only. Your security configuration must be updated before running your application in production.

2025-03-18T11:55:27.700+05:30  INFO 6572 --- [restartedMain] r$InitializeUserDetailsManagerConfigurer : Global AuthenticationManager configured with UserDetailsService bean with name inMemoryUserDetailsManager
2025-03-18T11:55:27.795+05:30  INFO 6572 --- [restartedMain] o.s.b.d.a.OptionalLiveReloadServer       : LiveReload server is running on port 35729
2025-03-18T11:55:27.812+05:30  INFO 6572 --- [restartedMain] o.s.b.w.embedded.tomcat.TomcatWebServer  : Tomcat started on port 8080 (http) with context path '/'
2025-03-18T11:55:27.823+05:30  INFO 6572 --- [restartedMain] c.e.A.AddressBookManagementApplication   : Started AddressBookManagementApplication in 3.983 seconds (process running for 2322.659)
2025-03-18T11:55:27.830+05:30  INFO 6572 --- [restartedMain] .ConditionEvaluationDeltaLoggingListener : Condition evaluation delta:


==========================
CONDITION EVALUATION DELTA
==========================


Positive matches:
-----------------

   RabbitAutoConfiguration.RabbitTemplateConfiguration#rabbitTemplate matched:
      - @ConditionalOnSingleCandidate (types: org.springframework.amqp.rabbit.connection.ConnectionFactory; SearchStrategy: all) found a single bean 'rabbitConnectionFactory'; @ConditionalOnMissingBean (types: org.springframework.amqp.rabbit.core.RabbitOperations; SearchStrategy: all) did not find any beans (OnBeanCondition)

   RedisAutoConfiguration#redisTemplate matched:
      - @ConditionalOnSingleCandidate (types: org.springframework.data.redis.connection.RedisConnectionFactory; SearchStrategy: all) found a single bean 'redisConnectionFactory'; @ConditionalOnMissingBean (names: redisTemplate; SearchStrategy: all) did not find any beans (OnBeanCondition)

   SpringBootWebSecurityConfiguration.SecurityFilterChainConfiguration matched:
      - AllNestedConditions 2 matched 0 did not; NestedCondition on DefaultWebSecurityCondition.Beans @ConditionalOnMissingBean (types: org.springframework.security.web.SecurityFilterChain; SearchStrategy: all) did not find any beans; NestedCondition on DefaultWebSecurityCondition.Classes @ConditionalOnClass found required classes 'org.springframework.security.web.SecurityFilterChain', 'org.springframework.security.config.annotation.web.builders.HttpSecurity' (DefaultWebSecurityCondition)


Negative matches:
-----------------

    None


Exclusions:
-----------

    None


Unconditional classes:
----------------------

    None



2025-03-18T11:55:33.424+05:30  INFO 6572 --- [File Watcher] rtingClassPathChangeChangedEventListener : Restarting due to 24 class path changes (24 additions, 0 deletions, 0 modifications)
2025-03-18T11:55:33.427+05:30  INFO 6572 --- [Thread-7] o.s.b.w.e.tomcat.GracefulShutdown        : Commencing graceful shutdown. Waiting for active requests to complete
2025-03-18T11:55:33.435+05:30  INFO 6572 --- [tomcat-shutdown] o.s.b.w.e.tomcat.GracefulShutdown        : Graceful shutdown complete
2025-03-18T11:55:33.442+05:30  INFO 6572 --- [Thread-7] j.LocalContainerEntityManagerFactoryBean : Closing JPA EntityManagerFactory for persistence unit 'default'
2025-03-18T11:55:33.443+05:30  INFO 6572 --- [Thread-7] com.zaxxer.hikari.HikariDataSource       : HikariPool-2 - Shutdown initiated...
2025-03-18T11:55:33.448+05:30  INFO 6572 --- [Thread-7] com.zaxxer.hikari.HikariDataSource       : HikariPool-2 - Shutdown completed.
2025-03-18T11:55:33.612+05:30  INFO 6572 --- [restartedMain] c.e.A.AddressBookManagementApplication   : Starting AddressBookManagementApplication using Java 22 with PID 6572 (C:\Users\SHIVA SHUKLA\Desktop\SpringBoot BridgeLabz\AddressBookManagement-main\target\classes started by root in C:\Users\SHIVA SHUKLA\Desktop\SpringBoot BridgeLabz\AddressBookManagement-main)
2025-03-18T11:55:33.613+05:30 DEBUG 6572 --- [restartedMain] c.e.A.AddressBookManagementApplication   : Running with Spring Boot v3.4.3, Spring v6.2.3
2025-03-18T11:55:33.613+05:30  INFO 6572 --- [restartedMain] c.e.A.AddressBookManagementApplication   : No active profile set, falling back to 1 default profile: "default"
2025-03-18T11:55:34.284+05:30  INFO 6572 --- [restartedMain] .s.d.r.c.RepositoryConfigurationDelegate : Multiple Spring Data modules found, entering strict repository configuration mode
2025-03-18T11:55:34.285+05:30  INFO 6572 --- [restartedMain] .s.d.r.c.RepositoryConfigurationDelegate : Bootstrapping Spring Data JPA repositories in DEFAULT mode.
2025-03-18T11:55:34.322+05:30  INFO 6572 --- [restartedMain] .s.d.r.c.RepositoryConfigurationDelegate : Finished Spring Data repository scanning in 34 ms. Found 2 JPA repository interfaces.
2025-03-18T11:55:34.328+05:30  INFO 6572 --- [restartedMain] .s.d.r.c.RepositoryConfigurationDelegate : Multiple Spring Data modules found, entering strict repository configuration mode
2025-03-18T11:55:34.330+05:30  INFO 6572 --- [restartedMain] .s.d.r.c.RepositoryConfigurationDelegate : Bootstrapping Spring Data Redis repositories in DEFAULT mode.
2025-03-18T11:55:34.340+05:30  INFO 6572 --- [restartedMain] .RepositoryConfigurationExtensionSupport : Spring Data Redis - Could not safely identify store assignment for repository candidate interface com.example.AddressBookManagement.repository.AddressRepository; If you want this repository to be a Redis repository, consider annotating your entities with one of these annotations: org.springframework.data.redis.core.RedisHash (preferred), or consider extending one of the following types with your repository: org.springframework.data.keyvalue.repository.KeyValueRepository
2025-03-18T11:55:34.340+05:30  INFO 6572 --- [restartedMain] .RepositoryConfigurationExtensionSupport : Spring Data Redis - Could not safely identify store assignment for repository candidate interface com.example.AddressBookManagement.repository.AuthUserRepository; If you want this repository to be a Redis repository, consider annotating your entities with one of these annotations: org.springframework.data.redis.core.RedisHash (preferred), or consider extending one of the following types with your repository: org.springframework.data.keyvalue.repository.KeyValueRepository
2025-03-18T11:55:34.341+05:30  INFO 6572 --- [restartedMain] .s.d.r.c.RepositoryConfigurationDelegate : Finished Spring Data repository scanning in 9 ms. Found 0 Redis repository interfaces.
2025-03-18T11:55:34.788+05:30  INFO 6572 --- [restartedMain] o.s.b.w.embedded.tomcat.TomcatWebServer  : Tomcat initialized with port 8080 (http)
2025-03-18T11:55:34.790+05:30  INFO 6572 --- [restartedMain] o.apache.catalina.core.StandardService   : Starting service [Tomcat]
2025-03-18T11:55:34.790+05:30  INFO 6572 --- [restartedMain] o.apache.catalina.core.StandardEngine    : Starting Servlet engine: [Apache Tomcat/10.1.36]
2025-03-18T11:55:34.826+05:30  INFO 6572 --- [restartedMain] o.a.c.c.C.[Tomcat].[localhost].[/]       : Initializing Spring embedded WebApplicationContext
2025-03-18T11:55:34.826+05:30  INFO 6572 --- [restartedMain] w.s.c.ServletWebServerApplicationContext : Root WebApplicationContext: initialization completed in 1209 ms
2025-03-18T11:55:34.910+05:30  INFO 6572 --- [restartedMain] o.hibernate.jpa.internal.util.LogHelper  : HHH000204: Processing PersistenceUnitInfo [name: default]
2025-03-18T11:55:34.916+05:30  INFO 6572 --- [restartedMain] o.h.c.internal.RegionFactoryInitiator    : HHH000026: Second-level cache disabled
2025-03-18T11:55:34.935+05:30  INFO 6572 --- [restartedMain] o.s.o.j.p.SpringPersistenceUnitInfo      : No LoadTimeWeaver setup: ignoring JPA class transformer
2025-03-18T11:55:34.936+05:30  INFO 6572 --- [restartedMain] com.zaxxer.hikari.HikariDataSource       : HikariPool-3 - Starting...
2025-03-18T11:55:34.944+05:30  INFO 6572 --- [restartedMain] com.zaxxer.hikari.pool.HikariPool        : HikariPool-3 - Added connection com.mysql.cj.jdbc.ConnectionImpl@2a562ea5
2025-03-18T11:55:34.944+05:30  INFO 6572 --- [restartedMain] com.zaxxer.hikari.HikariDataSource       : HikariPool-3 - Start completed.
2025-03-18T11:55:34.946+05:30  WARN 6572 --- [restartedMain] org.hibernate.orm.deprecation            : HHH90000025: MySQL8Dialect does not need to be specified explicitly using 'hibernate.dialect' (remove the property setting and it will be selected by default)
2025-03-18T11:55:34.946+05:30  WARN 6572 --- [restartedMain] org.hibernate.orm.deprecation            : HHH90000026: MySQL8Dialect has been deprecated; use org.hibernate.dialect.MySQLDialect instead
2025-03-18T11:55:34.946+05:30  INFO 6572 --- [restartedMain] org.hibernate.orm.connections.pooling    : HHH10001005: Database info:
	Database JDBC URL [Connecting through datasource 'HikariDataSource (HikariPool-3)']
	Database driver: undefined/unknown
	Database version: 8.0
	Autocommit mode: undefined/unknown
	Isolation level: undefined/unknown
	Minimum pool size: undefined/unknown
	Maximum pool size: undefined/unknown
2025-03-18T11:55:35.188+05:30  INFO 6572 --- [restartedMain] o.h.e.t.j.p.i.JtaPlatformInitiator       : HHH000489: No JTA platform available (set 'hibernate.transaction.jta.platform' to enable JTA platform integration)
2025-03-18T11:55:35.274+05:30  INFO 6572 --- [restartedMain] j.LocalContainerEntityManagerFactoryBean : Initialized JPA EntityManagerFactory for persistence unit 'default'
2025-03-18T11:55:35.371+05:30  WARN 6572 --- [restartedMain] .s.s.UserDetailsServiceAutoConfiguration : 

Using generated security password: 785ac442-121d-4b57-ab13-198245f5dbec

This generated password is for development use only. Your security configuration must be updated before running your application in production.

2025-03-18T11:55:35.382+05:30 DEBUG 6572 --- [restartedMain] c.e.A.security.JwtRequestFilter          : Filter 'jwtRequestFilter' configured for use
2025-03-18T11:55:35.714+05:30  WARN 6572 --- [restartedMain] JpaBaseConfiguration$JpaWebConfiguration : spring.jpa.open-in-view is enabled by default. Therefore, database queries may be performed during view rendering. Explicitly configure spring.jpa.open-in-view to disable this warning
2025-03-18T11:55:35.734+05:30  INFO 6572 --- [restartedMain] r$InitializeUserDetailsManagerConfigurer : Global AuthenticationManager configured with UserDetailsService bean with name inMemoryUserDetailsManager
2025-03-18T11:55:36.086+05:30  INFO 6572 --- [restartedMain] o.s.b.d.a.OptionalLiveReloadServer       : LiveReload server is running on port 35729
2025-03-18T11:55:36.133+05:30  INFO 6572 --- [restartedMain] o.s.b.w.embedded.tomcat.TomcatWebServer  : Tomcat started on port 8080 (http) with context path '/'
2025-03-18T11:55:36.136+05:30  INFO 6572 --- [restartedMain] o.s.a.r.c.CachingConnectionFactory       : Attempting to connect to: [localhost:5672]
2025-03-18T11:55:36.180+05:30  INFO 6572 --- [restartedMain] o.s.a.r.c.CachingConnectionFactory       : Created new connection: rabbitConnectionFactory#5e00172e:0/SimpleConnection@5e9256e0 [delegate=amqp://guest@127.0.0.1:5672/, localPort=63225]
2025-03-18T11:55:36.240+05:30  INFO 6572 --- [restartedMain] c.e.A.AddressBookManagementApplication   : Started AddressBookManagementApplication in 2.703 seconds (process running for 2331.075)
2025-03-18T11:55:36.243+05:30  INFO 6572 --- [restartedMain] .ConditionEvaluationDeltaLoggingListener : Condition evaluation delta:


==========================
CONDITION EVALUATION DELTA
==========================


Positive matches:
-----------------

    None


Negative matches:
-----------------

   RabbitAutoConfiguration.RabbitTemplateConfiguration#rabbitTemplate:
      Did not match:
         - @ConditionalOnMissingBean (types: org.springframework.amqp.rabbit.core.RabbitOperations; SearchStrategy: all) found beans of type 'org.springframework.amqp.rabbit.core.RabbitOperations' rabbitTemplate (OnBeanCondition)

   RedisAutoConfiguration#redisTemplate:
      Did not match:
         - @ConditionalOnMissingBean (names: redisTemplate; SearchStrategy: all) found beans named redisTemplate (OnBeanCondition)

   SpringBootWebSecurityConfiguration.SecurityFilterChainConfiguration:
      Did not match:
         - AllNestedConditions 1 matched 1 did not; NestedCondition on DefaultWebSecurityCondition.Beans @ConditionalOnMissingBean (types: org.springframework.security.web.SecurityFilterChain; SearchStrategy: all) found beans of type 'org.springframework.security.web.SecurityFilterChain' securityFilterChain; NestedCondition on DefaultWebSecurityCondition.Classes @ConditionalOnClass found required classes 'org.springframework.security.web.SecurityFilterChain', 'org.springframework.security.config.annotation.web.builders.HttpSecurity' (DefaultWebSecurityCondition)


Exclusions:
-----------

    None


Unconditional classes:
----------------------

    None



2025-03-18T12:02:40.923+05:30  INFO 6572 --- [org.springframework.amqp.rabbit.RabbitListenerEndpointContainer#0-2] o.s.a.r.l.SimpleMessageListenerContainer : Waiting for workers to finish.
2025-03-18T12:02:41.819+05:30  INFO 6572 --- [org.springframework.amqp.rabbit.RabbitListenerEndpointContainer#0-2] o.s.a.r.l.SimpleMessageListenerContainer : Successfully waited for workers to finish.
2025-03-18T12:02:41.821+05:30  INFO 6572 --- [SpringApplicationShutdownHook] o.s.b.w.e.tomcat.GracefulShutdown        : Commencing graceful shutdown. Waiting for active requests to complete
2025-03-18T12:02:41.868+05:30  INFO 6572 --- [tomcat-shutdown] o.s.b.w.e.tomcat.GracefulShutdown        : Graceful shutdown complete
2025-03-18T12:02:41.974+05:30  INFO 6572 --- [SpringApplicationShutdownHook] j.LocalContainerEntityManagerFactoryBean : Closing JPA EntityManagerFactory for persistence unit 'default'
2025-03-18T12:02:41.993+05:30  INFO 6572 --- [SpringApplicationShutdownHook] com.zaxxer.hikari.HikariDataSource       : HikariPool-3 - Shutdown initiated...
2025-03-18T12:02:42.009+05:30  INFO 6572 --- [SpringApplicationShutdownHook] com.zaxxer.hikari.HikariDataSource       : HikariPool-3 - Shutdown completed.
2025-03-18T12:02:45.681+05:30  INFO 19204 --- [restartedMain] c.e.A.AddressBookManagementApplication   : Starting AddressBookManagementApplication using Java 22 with PID 19204 (C:\Users\SHIVA SHUKLA\Desktop\SpringBoot BridgeLabz\AddressBookManagement-main\target\classes started by root in C:\Users\SHIVA SHUKLA\Desktop\SpringBoot BridgeLabz\AddressBookManagement-main)
2025-03-18T12:02:45.686+05:30 DEBUG 19204 --- [restartedMain] c.e.A.AddressBookManagementApplication   : Running with Spring Boot v3.4.3, Spring v6.2.3
2025-03-18T12:02:45.688+05:30  INFO 19204 --- [restartedMain] c.e.A.AddressBookManagementApplication   : No active profile set, falling back to 1 default profile: "default"
2025-03-18T12:02:45.808+05:30  INFO 19204 --- [restartedMain] .e.DevToolsPropertyDefaultsPostProcessor : Devtools property defaults active! Set 'spring.devtools.add-properties' to 'false' to disable
2025-03-18T12:02:45.809+05:30  INFO 19204 --- [restartedMain] .e.DevToolsPropertyDefaultsPostProcessor : For additional web related logging consider setting the 'logging.level.web' property to 'DEBUG'
2025-03-18T12:02:48.106+05:30  INFO 19204 --- [restartedMain] .s.d.r.c.RepositoryConfigurationDelegate : Multiple Spring Data modules found, entering strict repository configuration mode
2025-03-18T12:02:48.110+05:30  INFO 19204 --- [restartedMain] .s.d.r.c.RepositoryConfigurationDelegate : Bootstrapping Spring Data JPA repositories in DEFAULT mode.
2025-03-18T12:02:48.448+05:30  INFO 19204 --- [restartedMain] .s.d.r.c.RepositoryConfigurationDelegate : Finished Spring Data repository scanning in 302 ms. Found 2 JPA repository interfaces.
2025-03-18T12:02:48.487+05:30  INFO 19204 --- [restartedMain] .s.d.r.c.RepositoryConfigurationDelegate : Multiple Spring Data modules found, entering strict repository configuration mode
2025-03-18T12:02:48.490+05:30  INFO 19204 --- [restartedMain] .s.d.r.c.RepositoryConfigurationDelegate : Bootstrapping Spring Data Redis repositories in DEFAULT mode.
2025-03-18T12:02:48.519+05:30  INFO 19204 --- [restartedMain] .RepositoryConfigurationExtensionSupport : Spring Data Redis - Could not safely identify store assignment for repository candidate interface com.example.AddressBookManagement.repository.AddressRepository; If you want this repository to be a Redis repository, consider annotating your entities with one of these annotations: org.springframework.data.redis.core.RedisHash (preferred), or consider extending one of the following types with your repository: org.springframework.data.keyvalue.repository.KeyValueRepository
2025-03-18T12:02:48.523+05:30  INFO 19204 --- [restartedMain] .RepositoryConfigurationExtensionSupport : Spring Data Redis - Could not safely identify store assignment for repository candidate interface com.example.AddressBookManagement.repository.AuthUserRepository; If you want this repository to be a Redis repository, consider annotating your entities with one of these annotations: org.springframework.data.redis.core.RedisHash (preferred), or consider extending one of the following types with your repository: org.springframework.data.keyvalue.repository.KeyValueRepository
2025-03-18T12:02:48.524+05:30  INFO 19204 --- [restartedMain] .s.d.r.c.RepositoryConfigurationDelegate : Finished Spring Data repository scanning in 16 ms. Found 0 Redis repository interfaces.
2025-03-18T12:02:50.187+05:30  INFO 19204 --- [restartedMain] o.s.b.w.embedded.tomcat.TomcatWebServer  : Tomcat initialized with port 8080 (http)
2025-03-18T12:02:50.220+05:30  INFO 19204 --- [restartedMain] o.apache.catalina.core.StandardService   : Starting service [Tomcat]
2025-03-18T12:02:50.221+05:30  INFO 19204 --- [restartedMain] o.apache.catalina.core.StandardEngine    : Starting Servlet engine: [Apache Tomcat/10.1.36]
2025-03-18T12:02:50.299+05:30  INFO 19204 --- [restartedMain] o.a.c.c.C.[Tomcat].[localhost].[/]       : Initializing Spring embedded WebApplicationContext
2025-03-18T12:02:50.300+05:30  INFO 19204 --- [restartedMain] w.s.c.ServletWebServerApplicationContext : Root WebApplicationContext: initialization completed in 4488 ms
2025-03-18T12:02:51.023+05:30  INFO 19204 --- [restartedMain] o.hibernate.jpa.internal.util.LogHelper  : HHH000204: Processing PersistenceUnitInfo [name: default]
2025-03-18T12:02:51.126+05:30  INFO 19204 --- [restartedMain] org.hibernate.Version                    : HHH000412: Hibernate ORM core version 6.6.8.Final
2025-03-18T12:02:51.191+05:30  INFO 19204 --- [restartedMain] o.h.c.internal.RegionFactoryInitiator    : HHH000026: Second-level cache disabled
2025-03-18T12:02:51.798+05:30  INFO 19204 --- [restartedMain] o.s.o.j.p.SpringPersistenceUnitInfo      : No LoadTimeWeaver setup: ignoring JPA class transformer
2025-03-18T12:02:51.860+05:30  INFO 19204 --- [restartedMain] com.zaxxer.hikari.HikariDataSource       : HikariPool-1 - Starting...
2025-03-18T12:02:52.129+05:30  INFO 19204 --- [restartedMain] com.zaxxer.hikari.pool.HikariPool        : HikariPool-1 - Added connection com.mysql.cj.jdbc.ConnectionImpl@74fb29a7
2025-03-18T12:02:52.132+05:30  INFO 19204 --- [restartedMain] com.zaxxer.hikari.HikariDataSource       : HikariPool-1 - Start completed.
2025-03-18T12:02:52.233+05:30  WARN 19204 --- [restartedMain] org.hibernate.orm.deprecation            : HHH90000025: MySQL8Dialect does not need to be specified explicitly using 'hibernate.dialect' (remove the property setting and it will be selected by default)
2025-03-18T12:02:52.236+05:30  WARN 19204 --- [restartedMain] org.hibernate.orm.deprecation            : HHH90000026: MySQL8Dialect has been deprecated; use org.hibernate.dialect.MySQLDialect instead
2025-03-18T12:02:52.270+05:30  INFO 19204 --- [restartedMain] org.hibernate.orm.connections.pooling    : HHH10001005: Database info:
	Database JDBC URL [Connecting through datasource 'HikariDataSource (HikariPool-1)']
	Database driver: undefined/unknown
	Database version: 8.0
	Autocommit mode: undefined/unknown
	Isolation level: undefined/unknown
	Minimum pool size: undefined/unknown
	Maximum pool size: undefined/unknown
2025-03-18T12:02:54.046+05:30  INFO 19204 --- [restartedMain] o.h.e.t.j.p.i.JtaPlatformInitiator       : HHH000489: No JTA platform available (set 'hibernate.transaction.jta.platform' to enable JTA platform integration)
2025-03-18T12:02:54.149+05:30  INFO 19204 --- [restartedMain] j.LocalContainerEntityManagerFactoryBean : Initialized JPA EntityManagerFactory for persistence unit 'default'
2025-03-18T12:02:54.945+05:30  WARN 19204 --- [restartedMain] .s.s.UserDetailsServiceAutoConfiguration : 

Using generated security password: 8152f9c5-22bf-4764-aba0-ce7919c3832b

This generated password is for development use only. Your security configuration must be updated before running your application in production.

2025-03-18T12:02:55.036+05:30 DEBUG 19204 --- [restartedMain] c.e.A.security.JwtRequestFilter          : Filter 'jwtRequestFilter' configured for use
2025-03-18T12:02:57.260+05:30  WARN 19204 --- [restartedMain] JpaBaseConfiguration$JpaWebConfiguration : spring.jpa.open-in-view is enabled by default. Therefore, database queries may be performed during view rendering. Explicitly configure spring.jpa.open-in-view to disable this warning
2025-03-18T12:02:57.337+05:30  INFO 19204 --- [restartedMain] r$InitializeUserDetailsManagerConfigurer : Global AuthenticationManager configured with UserDetailsService bean with name inMemoryUserDetailsManager
2025-03-18T12:02:59.086+05:30  INFO 19204 --- [restartedMain] o.s.b.d.a.OptionalLiveReloadServer       : LiveReload server is running on port 35729
2025-03-18T12:02:59.196+05:30  INFO 19204 --- [restartedMain] o.s.b.w.embedded.tomcat.TomcatWebServer  : Tomcat started on port 8080 (http) with context path '/'
2025-03-18T12:02:59.202+05:30  INFO 19204 --- [restartedMain] o.s.a.r.c.CachingConnectionFactory       : Attempting to connect to: [localhost:5672]
2025-03-18T12:02:59.323+05:30  INFO 19204 --- [restartedMain] o.s.a.r.c.CachingConnectionFactory       : Created new connection: rabbitConnectionFactory#611fe1b1:0/SimpleConnection@1d2aaaa9 [delegate=amqp://guest@127.0.0.1:5672/, localPort=63458]
2025-03-18T12:02:59.504+05:30  INFO 19204 --- [restartedMain] c.e.A.AddressBookManagementApplication   : Started AddressBookManagementApplication in 14.909 seconds (process running for 15.821)
2025-03-18T12:08:42.741+05:30  INFO 19204 --- [org.springframework.amqp.rabbit.RabbitListenerEndpointContainer#0-2] o.s.a.r.l.SimpleMessageListenerContainer : Waiting for workers to finish.
2025-03-18T12:08:42.848+05:30  INFO 19204 --- [org.springframework.amqp.rabbit.RabbitListenerEndpointContainer#0-2] o.s.a.r.l.SimpleMessageListenerContainer : Successfully waited for workers to finish.
2025-03-18T12:08:42.871+05:30  INFO 19204 --- [SpringApplicationShutdownHook] o.s.b.w.e.tomcat.GracefulShutdown        : Commencing graceful shutdown. Waiting for active requests to complete
2025-03-18T12:08:42.902+05:30  INFO 19204 --- [tomcat-shutdown] o.s.b.w.e.tomcat.GracefulShutdown        : Graceful shutdown complete
2025-03-18T12:08:42.977+05:30  INFO 19204 --- [SpringApplicationShutdownHook] j.LocalContainerEntityManagerFactoryBean : Closing JPA EntityManagerFactory for persistence unit 'default'
2025-03-18T12:08:43.012+05:30  INFO 19204 --- [SpringApplicationShutdownHook] com.zaxxer.hikari.HikariDataSource       : HikariPool-1 - Shutdown initiated...
2025-03-18T12:08:43.038+05:30  INFO 19204 --- [SpringApplicationShutdownHook] com.zaxxer.hikari.HikariDataSource       : HikariPool-1 - Shutdown completed.
2025-03-18T13:01:14.621+05:30  INFO 1864 --- [restartedMain] c.e.A.AddressBookManagementApplication   : Starting AddressBookManagementApplication using Java 22 with PID 1864 (C:\Users\SHIVA SHUKLA\Desktop\SpringBoot BridgeLabz\AddressBookManagement-main\target\classes started by root in C:\Users\SHIVA SHUKLA\Desktop\SpringBoot BridgeLabz\AddressBookManagement-main)
2025-03-18T13:01:14.625+05:30 DEBUG 1864 --- [restartedMain] c.e.A.AddressBookManagementApplication   : Running with Spring Boot v3.4.3, Spring v6.2.3
2025-03-18T13:01:14.627+05:30  INFO 1864 --- [restartedMain] c.e.A.AddressBookManagementApplication   : No active profile set, falling back to 1 default profile: "default"
2025-03-18T13:01:14.752+05:30  INFO 1864 --- [restartedMain] .e.DevToolsPropertyDefaultsPostProcessor : Devtools property defaults active! Set 'spring.devtools.add-properties' to 'false' to disable
2025-03-18T13:01:14.754+05:30  INFO 1864 --- [restartedMain] .e.DevToolsPropertyDefaultsPostProcessor : For additional web related logging consider setting the 'logging.level.web' property to 'DEBUG'
2025-03-18T13:01:17.115+05:30  INFO 1864 --- [restartedMain] .s.d.r.c.RepositoryConfigurationDelegate : Multiple Spring Data modules found, entering strict repository configuration mode
2025-03-18T13:01:17.120+05:30  INFO 1864 --- [restartedMain] .s.d.r.c.RepositoryConfigurationDelegate : Bootstrapping Spring Data JPA repositories in DEFAULT mode.
2025-03-18T13:01:17.506+05:30  INFO 1864 --- [restartedMain] .s.d.r.c.RepositoryConfigurationDelegate : Finished Spring Data repository scanning in 361 ms. Found 2 JPA repository interfaces.
2025-03-18T13:01:17.558+05:30  INFO 1864 --- [restartedMain] .s.d.r.c.RepositoryConfigurationDelegate : Multiple Spring Data modules found, entering strict repository configuration mode
2025-03-18T13:01:17.561+05:30  INFO 1864 --- [restartedMain] .s.d.r.c.RepositoryConfigurationDelegate : Bootstrapping Spring Data Redis repositories in DEFAULT mode.
2025-03-18T13:01:17.587+05:30  INFO 1864 --- [restartedMain] .RepositoryConfigurationExtensionSupport : Spring Data Redis - Could not safely identify store assignment for repository candidate interface com.example.AddressBookManagement.repository.AddressRepository; If you want this repository to be a Redis repository, consider annotating your entities with one of these annotations: org.springframework.data.redis.core.RedisHash (preferred), or consider extending one of the following types with your repository: org.springframework.data.keyvalue.repository.KeyValueRepository
2025-03-18T13:01:17.590+05:30  INFO 1864 --- [restartedMain] .RepositoryConfigurationExtensionSupport : Spring Data Redis - Could not safely identify store assignment for repository candidate interface com.example.AddressBookManagement.repository.AuthUserRepository; If you want this repository to be a Redis repository, consider annotating your entities with one of these annotations: org.springframework.data.redis.core.RedisHash (preferred), or consider extending one of the following types with your repository: org.springframework.data.keyvalue.repository.KeyValueRepository
2025-03-18T13:01:17.590+05:30  INFO 1864 --- [restartedMain] .s.d.r.c.RepositoryConfigurationDelegate : Finished Spring Data repository scanning in 13 ms. Found 0 Redis repository interfaces.
2025-03-18T13:01:19.348+05:30  INFO 1864 --- [restartedMain] o.s.b.w.embedded.tomcat.TomcatWebServer  : Tomcat initialized with port 8080 (http)
2025-03-18T13:01:19.379+05:30  INFO 1864 --- [restartedMain] o.apache.catalina.core.StandardService   : Starting service [Tomcat]
2025-03-18T13:01:19.382+05:30  INFO 1864 --- [restartedMain] o.apache.catalina.core.StandardEngine    : Starting Servlet engine: [Apache Tomcat/10.1.36]
2025-03-18T13:01:19.485+05:30  INFO 1864 --- [restartedMain] o.a.c.c.C.[Tomcat].[localhost].[/]       : Initializing Spring embedded WebApplicationContext
2025-03-18T13:01:19.486+05:30  INFO 1864 --- [restartedMain] w.s.c.ServletWebServerApplicationContext : Root WebApplicationContext: initialization completed in 4730 ms
2025-03-18T13:01:20.551+05:30  INFO 1864 --- [restartedMain] o.hibernate.jpa.internal.util.LogHelper  : HHH000204: Processing PersistenceUnitInfo [name: default]
2025-03-18T13:01:20.669+05:30  INFO 1864 --- [restartedMain] org.hibernate.Version                    : HHH000412: Hibernate ORM core version 6.6.8.Final
2025-03-18T13:01:20.737+05:30  INFO 1864 --- [restartedMain] o.h.c.internal.RegionFactoryInitiator    : HHH000026: Second-level cache disabled
2025-03-18T13:01:21.323+05:30  INFO 1864 --- [restartedMain] o.s.o.j.p.SpringPersistenceUnitInfo      : No LoadTimeWeaver setup: ignoring JPA class transformer
2025-03-18T13:01:21.387+05:30  INFO 1864 --- [restartedMain] com.zaxxer.hikari.HikariDataSource       : HikariPool-1 - Starting...
2025-03-18T13:01:21.706+05:30  INFO 1864 --- [restartedMain] com.zaxxer.hikari.pool.HikariPool        : HikariPool-1 - Added connection com.mysql.cj.jdbc.ConnectionImpl@3e4b5cca
2025-03-18T13:01:21.708+05:30  INFO 1864 --- [restartedMain] com.zaxxer.hikari.HikariDataSource       : HikariPool-1 - Start completed.
2025-03-18T13:01:21.799+05:30  WARN 1864 --- [restartedMain] org.hibernate.orm.deprecation            : HHH90000025: MySQL8Dialect does not need to be specified explicitly using 'hibernate.dialect' (remove the property setting and it will be selected by default)
2025-03-18T13:01:21.801+05:30  WARN 1864 --- [restartedMain] org.hibernate.orm.deprecation            : HHH90000026: MySQL8Dialect has been deprecated; use org.hibernate.dialect.MySQLDialect instead
2025-03-18T13:01:21.833+05:30  INFO 1864 --- [restartedMain] org.hibernate.orm.connections.pooling    : HHH10001005: Database info:
	Database JDBC URL [Connecting through datasource 'HikariDataSource (HikariPool-1)']
	Database driver: undefined/unknown
	Database version: 8.0
	Autocommit mode: undefined/unknown
	Isolation level: undefined/unknown
	Minimum pool size: undefined/unknown
	Maximum pool size: undefined/unknown
2025-03-18T13:01:23.092+05:30  INFO 1864 --- [restartedMain] o.h.e.t.j.p.i.JtaPlatformInitiator       : HHH000489: No JTA platform available (set 'hibernate.transaction.jta.platform' to enable JTA platform integration)
2025-03-18T13:01:23.233+05:30  INFO 1864 --- [restartedMain] j.LocalContainerEntityManagerFactoryBean : Initialized JPA EntityManagerFactory for persistence unit 'default'
2025-03-18T13:01:23.910+05:30  WARN 1864 --- [restartedMain] .s.s.UserDetailsServiceAutoConfiguration : 

Using generated security password: d5c9f3d7-718b-44a7-b9f3-b935754f9e12

This generated password is for development use only. Your security configuration must be updated before running your application in production.

2025-03-18T13:01:23.999+05:30 DEBUG 1864 --- [restartedMain] c.e.A.security.JwtRequestFilter          : Filter 'jwtRequestFilter' configured for use
2025-03-18T13:01:25.282+05:30  WARN 1864 --- [restartedMain] JpaBaseConfiguration$JpaWebConfiguration : spring.jpa.open-in-view is enabled by default. Therefore, database queries may be performed during view rendering. Explicitly configure spring.jpa.open-in-view to disable this warning
2025-03-18T13:01:25.364+05:30  INFO 1864 --- [restartedMain] r$InitializeUserDetailsManagerConfigurer : Global AuthenticationManager configured with UserDetailsService bean with name inMemoryUserDetailsManager
2025-03-18T13:01:27.023+05:30  INFO 1864 --- [restartedMain] o.s.b.d.a.OptionalLiveReloadServer       : LiveReload server is running on port 35729
2025-03-18T13:01:27.149+05:30  INFO 1864 --- [restartedMain] o.s.b.w.embedded.tomcat.TomcatWebServer  : Tomcat started on port 8080 (http) with context path '/'
2025-03-18T13:01:27.157+05:30  INFO 1864 --- [restartedMain] o.s.a.r.c.CachingConnectionFactory       : Attempting to connect to: [localhost:5672]
2025-03-18T13:01:27.444+05:30  INFO 1864 --- [restartedMain] o.s.a.r.c.CachingConnectionFactory       : Created new connection: rabbitConnectionFactory#38547e29:0/SimpleConnection@6bba93cf [delegate=amqp://guest@127.0.0.1:5672/, localPort=59368]
2025-03-18T13:01:27.645+05:30  INFO 1864 --- [restartedMain] c.e.A.AddressBookManagementApplication   : Started AddressBookManagementApplication in 14.538 seconds (process running for 16.208)
2025-03-18T13:04:43.477+05:30  INFO 1864 --- [org.springframework.amqp.rabbit.RabbitListenerEndpointContainer#0-2] o.s.a.r.l.SimpleMessageListenerContainer : Waiting for workers to finish.
2025-03-18T13:04:44.000+05:30  INFO 1864 --- [org.springframework.amqp.rabbit.RabbitListenerEndpointContainer#0-2] o.s.a.r.l.SimpleMessageListenerContainer : Successfully waited for workers to finish.
2025-03-18T13:04:44.002+05:30  INFO 1864 --- [SpringApplicationShutdownHook] o.s.b.w.e.tomcat.GracefulShutdown        : Commencing graceful shutdown. Waiting for active requests to complete
2025-03-18T13:04:44.012+05:30  INFO 1864 --- [tomcat-shutdown] o.s.b.w.e.tomcat.GracefulShutdown        : Graceful shutdown complete
2025-03-18T13:04:44.039+05:30  INFO 1864 --- [SpringApplicationShutdownHook] j.LocalContainerEntityManagerFactoryBean : Closing JPA EntityManagerFactory for persistence unit 'default'
2025-03-18T13:04:44.046+05:30  INFO 1864 --- [SpringApplicationShutdownHook] com.zaxxer.hikari.HikariDataSource       : HikariPool-1 - Shutdown initiated...
2025-03-18T13:04:44.062+05:30  INFO 1864 --- [SpringApplicationShutdownHook] com.zaxxer.hikari.HikariDataSource       : HikariPool-1 - Shutdown completed.
2025-03-18T13:04:49.067+05:30  INFO 18808 --- [restartedMain] c.e.A.AddressBookManagementApplication   : Starting AddressBookManagementApplication using Java 22 with PID 18808 (C:\Users\SHIVA SHUKLA\Desktop\SpringBoot BridgeLabz\AddressBookManagement-main\target\classes started by root in C:\Users\SHIVA SHUKLA\Desktop\SpringBoot BridgeLabz\AddressBookManagement-main)
2025-03-18T13:04:49.069+05:30 DEBUG 18808 --- [restartedMain] c.e.A.AddressBookManagementApplication   : Running with Spring Boot v3.4.3, Spring v6.2.3
2025-03-18T13:04:49.070+05:30  INFO 18808 --- [restartedMain] c.e.A.AddressBookManagementApplication   : No active profile set, falling back to 1 default profile: "default"
2025-03-18T13:04:49.168+05:30  INFO 18808 --- [restartedMain] .e.DevToolsPropertyDefaultsPostProcessor : Devtools property defaults active! Set 'spring.devtools.add-properties' to 'false' to disable
2025-03-18T13:04:49.168+05:30  INFO 18808 --- [restartedMain] .e.DevToolsPropertyDefaultsPostProcessor : For additional web related logging consider setting the 'logging.level.web' property to 'DEBUG'
2025-03-18T13:04:51.411+05:30  INFO 18808 --- [restartedMain] .s.d.r.c.RepositoryConfigurationDelegate : Multiple Spring Data modules found, entering strict repository configuration mode
2025-03-18T13:04:51.416+05:30  INFO 18808 --- [restartedMain] .s.d.r.c.RepositoryConfigurationDelegate : Bootstrapping Spring Data JPA repositories in DEFAULT mode.
2025-03-18T13:04:51.727+05:30  INFO 18808 --- [restartedMain] .s.d.r.c.RepositoryConfigurationDelegate : Finished Spring Data repository scanning in 285 ms. Found 2 JPA repository interfaces.
2025-03-18T13:04:51.775+05:30  INFO 18808 --- [restartedMain] .s.d.r.c.RepositoryConfigurationDelegate : Multiple Spring Data modules found, entering strict repository configuration mode
2025-03-18T13:04:51.777+05:30  INFO 18808 --- [restartedMain] .s.d.r.c.RepositoryConfigurationDelegate : Bootstrapping Spring Data Redis repositories in DEFAULT mode.
2025-03-18T13:04:51.827+05:30  INFO 18808 --- [restartedMain] .RepositoryConfigurationExtensionSupport : Spring Data Redis - Could not safely identify store assignment for repository candidate interface com.example.AddressBookManagement.repository.AddressRepository; If you want this repository to be a Redis repository, consider annotating your entities with one of these annotations: org.springframework.data.redis.core.RedisHash (preferred), or consider extending one of the following types with your repository: org.springframework.data.keyvalue.repository.KeyValueRepository
2025-03-18T13:04:51.831+05:30  INFO 18808 --- [restartedMain] .RepositoryConfigurationExtensionSupport : Spring Data Redis - Could not safely identify store assignment for repository candidate interface com.example.AddressBookManagement.repository.AuthUserRepository; If you want this repository to be a Redis repository, consider annotating your entities with one of these annotations: org.springframework.data.redis.core.RedisHash (preferred), or consider extending one of the following types with your repository: org.springframework.data.keyvalue.repository.KeyValueRepository
2025-03-18T13:04:51.832+05:30  INFO 18808 --- [restartedMain] .s.d.r.c.RepositoryConfigurationDelegate : Finished Spring Data repository scanning in 24 ms. Found 0 Redis repository interfaces.
2025-03-18T13:04:53.393+05:30  INFO 18808 --- [restartedMain] o.s.b.w.embedded.tomcat.TomcatWebServer  : Tomcat initialized with port 8080 (http)
2025-03-18T13:04:53.423+05:30  INFO 18808 --- [restartedMain] o.apache.catalina.core.StandardService   : Starting service [Tomcat]
2025-03-18T13:04:53.424+05:30  INFO 18808 --- [restartedMain] o.apache.catalina.core.StandardEngine    : Starting Servlet engine: [Apache Tomcat/10.1.36]
2025-03-18T13:04:53.513+05:30  INFO 18808 --- [restartedMain] o.a.c.c.C.[Tomcat].[localhost].[/]       : Initializing Spring embedded WebApplicationContext
2025-03-18T13:04:53.514+05:30  INFO 18808 --- [restartedMain] w.s.c.ServletWebServerApplicationContext : Root WebApplicationContext: initialization completed in 4344 ms
2025-03-18T13:04:54.174+05:30  INFO 18808 --- [restartedMain] o.hibernate.jpa.internal.util.LogHelper  : HHH000204: Processing PersistenceUnitInfo [name: default]
2025-03-18T13:04:54.274+05:30  INFO 18808 --- [restartedMain] org.hibernate.Version                    : HHH000412: Hibernate ORM core version 6.6.8.Final
2025-03-18T13:04:54.317+05:30  INFO 18808 --- [restartedMain] o.h.c.internal.RegionFactoryInitiator    : HHH000026: Second-level cache disabled
2025-03-18T13:04:54.875+05:30  INFO 18808 --- [restartedMain] o.s.o.j.p.SpringPersistenceUnitInfo      : No LoadTimeWeaver setup: ignoring JPA class transformer
2025-03-18T13:04:54.909+05:30  INFO 18808 --- [restartedMain] com.zaxxer.hikari.HikariDataSource       : HikariPool-1 - Starting...
2025-03-18T13:04:55.120+05:30  INFO 18808 --- [restartedMain] com.zaxxer.hikari.pool.HikariPool        : HikariPool-1 - Added connection com.mysql.cj.jdbc.ConnectionImpl@1847133a
2025-03-18T13:04:55.122+05:30  INFO 18808 --- [restartedMain] com.zaxxer.hikari.HikariDataSource       : HikariPool-1 - Start completed.
2025-03-18T13:04:55.181+05:30  WARN 18808 --- [restartedMain] org.hibernate.orm.deprecation            : HHH90000025: MySQL8Dialect does not need to be specified explicitly using 'hibernate.dialect' (remove the property setting and it will be selected by default)
2025-03-18T13:04:55.183+05:30  WARN 18808 --- [restartedMain] org.hibernate.orm.deprecation            : HHH90000026: MySQL8Dialect has been deprecated; use org.hibernate.dialect.MySQLDialect instead
2025-03-18T13:04:55.214+05:30  INFO 18808 --- [restartedMain] org.hibernate.orm.connections.pooling    : HHH10001005: Database info:
	Database JDBC URL [Connecting through datasource 'HikariDataSource (HikariPool-1)']
	Database driver: undefined/unknown
	Database version: 8.0
	Autocommit mode: undefined/unknown
	Isolation level: undefined/unknown
	Minimum pool size: undefined/unknown
	Maximum pool size: undefined/unknown
2025-03-18T13:04:56.421+05:30  INFO 18808 --- [restartedMain] o.h.e.t.j.p.i.JtaPlatformInitiator       : HHH000489: No JTA platform available (set 'hibernate.transaction.jta.platform' to enable JTA platform integration)
2025-03-18T13:04:56.509+05:30  INFO 18808 --- [restartedMain] j.LocalContainerEntityManagerFactoryBean : Initialized JPA EntityManagerFactory for persistence unit 'default'
2025-03-18T13:04:57.044+05:30  WARN 18808 --- [restartedMain] .s.s.UserDetailsServiceAutoConfiguration : 

Using generated security password: 247b9ef9-b99c-47cc-b0e6-ed6b91d6d231

This generated password is for development use only. Your security configuration must be updated before running your application in production.

2025-03-18T13:04:57.124+05:30 DEBUG 18808 --- [restartedMain] c.e.A.security.JwtRequestFilter          : Filter 'jwtRequestFilter' configured for use
2025-03-18T13:04:58.180+05:30  WARN 18808 --- [restartedMain] JpaBaseConfiguration$JpaWebConfiguration : spring.jpa.open-in-view is enabled by default. Therefore, database queries may be performed during view rendering. Explicitly configure spring.jpa.open-in-view to disable this warning
2025-03-18T13:04:58.247+05:30  INFO 18808 --- [restartedMain] r$InitializeUserDetailsManagerConfigurer : Global AuthenticationManager configured with UserDetailsService bean with name inMemoryUserDetailsManager
2025-03-18T13:04:59.695+05:30  INFO 18808 --- [restartedMain] o.s.b.d.a.OptionalLiveReloadServer       : LiveReload server is running on port 35729
2025-03-18T13:04:59.796+05:30  INFO 18808 --- [restartedMain] o.s.b.w.embedded.tomcat.TomcatWebServer  : Tomcat started on port 8080 (http) with context path '/'
2025-03-18T13:04:59.802+05:30  INFO 18808 --- [restartedMain] o.s.a.r.c.CachingConnectionFactory       : Attempting to connect to: [localhost:5672]
2025-03-18T13:04:59.871+05:30  INFO 18808 --- [restartedMain] o.s.a.r.c.CachingConnectionFactory       : Created new connection: rabbitConnectionFactory#2f650601:0/SimpleConnection@2362272f [delegate=amqp://guest@127.0.0.1:5672/, localPort=64939]
2025-03-18T13:05:00.116+05:30  INFO 18808 --- [restartedMain] c.e.A.AddressBookManagementApplication   : Started AddressBookManagementApplication in 12.352 seconds (process running for 13.784)
2025-03-18T13:39:19.814+05:30  INFO 18808 --- [http-nio-8080-exec-2] o.a.c.c.C.[Tomcat].[localhost].[/]       : Initializing Spring DispatcherServlet 'dispatcherServlet'
2025-03-18T13:39:19.842+05:30  INFO 18808 --- [http-nio-8080-exec-2] o.s.web.servlet.DispatcherServlet        : Initializing Servlet 'dispatcherServlet'
2025-03-18T13:39:19.967+05:30  INFO 18808 --- [http-nio-8080-exec-2] o.s.web.servlet.DispatcherServlet        : Completed initialization in 106 ms
2025-03-18T13:39:21.221+05:30 ERROR 18808 --- [http-nio-8080-exec-2] o.a.c.c.C.[.[.[/].[dispatcherServlet]    : Servlet.service() for servlet [dispatcherServlet] in context with path [] threw exception

io.jsonwebtoken.ExpiredJwtException: JWT expired at 2025-03-18T05:48:10Z. Current time: 2025-03-18T08:09:21Z, a difference of 8471200 milliseconds.  Allowed clock skew: 0 milliseconds.
	at io.jsonwebtoken.impl.DefaultJwtParser.parse(DefaultJwtParser.java:427) ~[jjwt-impl-0.11.5.jar:0.11.5]
	at io.jsonwebtoken.impl.DefaultJwtParser.parse(DefaultJwtParser.java:529) ~[jjwt-impl-0.11.5.jar:0.11.5]
	at io.jsonwebtoken.impl.DefaultJwtParser.parseClaimsJws(DefaultJwtParser.java:589) ~[jjwt-impl-0.11.5.jar:0.11.5]
	at io.jsonwebtoken.impl.ImmutableJwtParser.parseClaimsJws(ImmutableJwtParser.java:173) ~[jjwt-impl-0.11.5.jar:0.11.5]
	at com.example.AddressBookManagement.Utils.JwtUtil.extractEmail(JwtUtil.java:37) ~[classes/:na]
	at com.example.AddressBookManagement.security.JwtRequestFilter.doFilterInternal(JwtRequestFilter.java:44) ~[classes/:na]
	at org.springframework.web.filter.OncePerRequestFilter.doFilter(OncePerRequestFilter.java:116) ~[spring-web-6.2.3.jar:6.2.3]
	at org.apache.catalina.core.ApplicationFilterChain.internalDoFilter(ApplicationFilterChain.java:164) ~[tomcat-embed-core-10.1.36.jar:10.1.36]
	at org.apache.catalina.core.ApplicationFilterChain.doFilter(ApplicationFilterChain.java:140) ~[tomcat-embed-core-10.1.36.jar:10.1.36]
	at org.springframework.web.filter.CompositeFilter$VirtualFilterChain.doFilter(CompositeFilter.java:108) ~[spring-web-6.2.3.jar:6.2.3]
	at org.springframework.security.web.FilterChainProxy.lambda$doFilterInternal$3(FilterChainProxy.java:231) ~[spring-security-web-6.4.3.jar:6.4.3]
	at org.springframework.security.web.FilterChainProxy$VirtualFilterChain.doFilter(FilterChainProxy.java:365) ~[spring-security-web-6.4.3.jar:6.4.3]
	at org.springframework.security.web.access.intercept.AuthorizationFilter.doFilter(AuthorizationFilter.java:101) ~[spring-security-web-6.4.3.jar:6.4.3]
	at org.springframework.security.web.FilterChainProxy$VirtualFilterChain.doFilter(FilterChainProxy.java:374) ~[spring-security-web-6.4.3.jar:6.4.3]
	at org.springframework.security.web.access.ExceptionTranslationFilter.doFilter(ExceptionTranslationFilter.java:126) ~[spring-security-web-6.4.3.jar:6.4.3]
	at org.springframework.security.web.access.ExceptionTranslationFilter.doFilter(ExceptionTranslationFilter.java:120) ~[spring-security-web-6.4.3.jar:6.4.3]
	at org.springframework.security.web.FilterChainProxy$VirtualFilterChain.doFilter(FilterChainProxy.java:374) ~[spring-security-web-6.4.3.jar:6.4.3]
	at org.springframework.security.web.authentication.AnonymousAuthenticationFilter.doFilter(AnonymousAuthenticationFilter.java:100) ~[spring-security-web-6.4.3.jar:6.4.3]
	at org.springframework.security.web.FilterChainProxy$VirtualFilterChain.doFilter(FilterChainProxy.java:374) ~[spring-security-web-6.4.3.jar:6.4.3]
	at org.springframework.security.web.servletapi.SecurityContextHolderAwareRequestFilter.doFilter(SecurityContextHolderAwareRequestFilter.java:179) ~[spring-security-web-6.4.3.jar:6.4.3]
	at org.springframework.security.web.FilterChainProxy$VirtualFilterChain.doFilter(FilterChainProxy.java:374) ~[spring-security-web-6.4.3.jar:6.4.3]
	at org.springframework.security.web.savedrequest.RequestCacheAwareFilter.doFilter(RequestCacheAwareFilter.java:63) ~[spring-security-web-6.4.3.jar:6.4.3]
	at org.springframework.security.web.FilterChainProxy$VirtualFilterChain.doFilter(FilterChainProxy.java:374) ~[spring-security-web-6.4.3.jar:6.4.3]
	at org.springframework.security.web.authentication.logout.LogoutFilter.doFilter(LogoutFilter.java:107) ~[spring-security-web-6.4.3.jar:6.4.3]
	at org.springframework.security.web.authentication.logout.LogoutFilter.doFilter(LogoutFilter.java:93) ~[spring-security-web-6.4.3.jar:6.4.3]
	at org.springframework.security.web.FilterChainProxy$VirtualFilterChain.doFilter(FilterChainProxy.java:374) ~[spring-security-web-6.4.3.jar:6.4.3]
	at org.springframework.security.web.header.HeaderWriterFilter.doHeadersAfter(HeaderWriterFilter.java:90) ~[spring-security-web-6.4.3.jar:6.4.3]
	at org.springframework.security.web.header.HeaderWriterFilter.doFilterInternal(HeaderWriterFilter.java:75) ~[spring-security-web-6.4.3.jar:6.4.3]
	at org.springframework.web.filter.OncePerRequestFilter.doFilter(OncePerRequestFilter.java:116) ~[spring-web-6.2.3.jar:6.2.3]
	at org.springframework.security.web.FilterChainProxy$VirtualFilterChain.doFilter(FilterChainProxy.java:374) ~[spring-security-web-6.4.3.jar:6.4.3]
	at org.springframework.security.web.context.SecurityContextHolderFilter.doFilter(SecurityContextHolderFilter.java:82) ~[spring-security-web-6.4.3.jar:6.4.3]
	at org.springframework.security.web.context.SecurityContextHolderFilter.doFilter(SecurityContextHolderFilter.java:69) ~[spring-security-web-6.4.3.jar:6.4.3]
	at org.springframework.security.web.FilterChainProxy$VirtualFilterChain.doFilter(FilterChainProxy.java:374) ~[spring-security-web-6.4.3.jar:6.4.3]
	at org.springframework.security.web.context.request.async.WebAsyncManagerIntegrationFilter.doFilterInternal(WebAsyncManagerIntegrationFilter.java:62) ~[spring-security-web-6.4.3.jar:6.4.3]
	at org.springframework.web.filter.OncePerRequestFilter.doFilter(OncePerRequestFilter.java:116) ~[spring-web-6.2.3.jar:6.2.3]
	at org.springframework.security.web.FilterChainProxy$VirtualFilterChain.doFilter(FilterChainProxy.java:374) ~[spring-security-web-6.4.3.jar:6.4.3]
	at org.springframework.security.web.session.DisableEncodeUrlFilter.doFilterInternal(DisableEncodeUrlFilter.java:42) ~[spring-security-web-6.4.3.jar:6.4.3]
	at org.springframework.web.filter.OncePerRequestFilter.doFilter(OncePerRequestFilter.java:116) ~[spring-web-6.2.3.jar:6.2.3]
	at org.springframework.security.web.FilterChainProxy$VirtualFilterChain.doFilter(FilterChainProxy.java:374) ~[spring-security-web-6.4.3.jar:6.4.3]
	at org.springframework.security.web.FilterChainProxy.doFilterInternal(FilterChainProxy.java:233) ~[spring-security-web-6.4.3.jar:6.4.3]
	at org.springframework.security.web.FilterChainProxy.doFilter(FilterChainProxy.java:191) ~[spring-security-web-6.4.3.jar:6.4.3]
	at org.springframework.web.filter.CompositeFilter$VirtualFilterChain.doFilter(CompositeFilter.java:113) ~[spring-web-6.2.3.jar:6.2.3]
	at org.springframework.web.servlet.handler.HandlerMappingIntrospector.lambda$createCacheFilter$3(HandlerMappingIntrospector.java:243) ~[spring-webmvc-6.2.3.jar:6.2.3]
	at org.springframework.web.filter.CompositeFilter$VirtualFilterChain.doFilter(CompositeFilter.java:113) ~[spring-web-6.2.3.jar:6.2.3]
	at org.springframework.web.filter.CompositeFilter.doFilter(CompositeFilter.java:74) ~[spring-web-6.2.3.jar:6.2.3]
	at org.springframework.security.config.annotation.web.configuration.WebMvcSecurityConfiguration$CompositeFilterChainProxy.doFilter(WebMvcSecurityConfiguration.java:238) ~[spring-security-config-6.4.3.jar:6.4.3]
	at org.springframework.web.filter.DelegatingFilterProxy.invokeDelegate(DelegatingFilterProxy.java:362) ~[spring-web-6.2.3.jar:6.2.3]
	at org.springframework.web.filter.DelegatingFilterProxy.doFilter(DelegatingFilterProxy.java:278) ~[spring-web-6.2.3.jar:6.2.3]
	at org.apache.catalina.core.ApplicationFilterChain.internalDoFilter(ApplicationFilterChain.java:164) ~[tomcat-embed-core-10.1.36.jar:10.1.36]
	at org.apache.catalina.core.ApplicationFilterChain.doFilter(ApplicationFilterChain.java:140) ~[tomcat-embed-core-10.1.36.jar:10.1.36]
	at org.springframework.web.filter.RequestContextFilter.doFilterInternal(RequestContextFilter.java:100) ~[spring-web-6.2.3.jar:6.2.3]
	at org.springframework.web.filter.OncePerRequestFilter.doFilter(OncePerRequestFilter.java:116) ~[spring-web-6.2.3.jar:6.2.3]
	at org.apache.catalina.core.ApplicationFilterChain.internalDoFilter(ApplicationFilterChain.java:164) ~[tomcat-embed-core-10.1.36.jar:10.1.36]
	at org.apache.catalina.core.ApplicationFilterChain.doFilter(ApplicationFilterChain.java:140) ~[tomcat-embed-core-10.1.36.jar:10.1.36]
	at org.springframework.web.filter.FormContentFilter.doFilterInternal(FormContentFilter.java:93) ~[spring-web-6.2.3.jar:6.2.3]
	at org.springframework.web.filter.OncePerRequestFilter.doFilter(OncePerRequestFilter.java:116) ~[spring-web-6.2.3.jar:6.2.3]
	at org.apache.catalina.core.ApplicationFilterChain.internalDoFilter(ApplicationFilterChain.java:164) ~[tomcat-embed-core-10.1.36.jar:10.1.36]
	at org.apache.catalina.core.ApplicationFilterChain.doFilter(ApplicationFilterChain.java:140) ~[tomcat-embed-core-10.1.36.jar:10.1.36]
	at org.springframework.web.filter.CharacterEncodingFilter.doFilterInternal(CharacterEncodingFilter.java:201) ~[spring-web-6.2.3.jar:6.2.3]
	at org.springframework.web.filter.OncePerRequestFilter.doFilter(OncePerRequestFilter.java:116) ~[spring-web-6.2.3.jar:6.2.3]
	at org.apache.catalina.core.ApplicationFilterChain.internalDoFilter(ApplicationFilterChain.java:164) ~[tomcat-embed-core-10.1.36.jar:10.1.36]
	at org.apache.catalina.core.ApplicationFilterChain.doFilter(ApplicationFilterChain.java:140) ~[tomcat-embed-core-10.1.36.jar:10.1.36]
	at org.apache.catalina.core.StandardWrapperValve.invoke(StandardWrapperValve.java:167) ~[tomcat-embed-core-10.1.36.jar:10.1.36]
	at org.apache.catalina.core.StandardContextValve.invoke(StandardContextValve.java:90) ~[tomcat-embed-core-10.1.36.jar:10.1.36]
	at org.apache.catalina.authenticator.AuthenticatorBase.invoke(AuthenticatorBase.java:483) ~[tomcat-embed-core-10.1.36.jar:10.1.36]
	at org.apache.catalina.core.StandardHostValve.invoke(StandardHostValve.java:115) ~[tomcat-embed-core-10.1.36.jar:10.1.36]
	at org.apache.catalina.valves.ErrorReportValve.invoke(ErrorReportValve.java:93) ~[tomcat-embed-core-10.1.36.jar:10.1.36]
	at org.apache.catalina.core.StandardEngineValve.invoke(StandardEngineValve.java:74) ~[tomcat-embed-core-10.1.36.jar:10.1.36]
	at org.apache.catalina.connector.CoyoteAdapter.service(CoyoteAdapter.java:344) ~[tomcat-embed-core-10.1.36.jar:10.1.36]
	at org.apache.coyote.http11.Http11Processor.service(Http11Processor.java:397) ~[tomcat-embed-core-10.1.36.jar:10.1.36]
	at org.apache.coyote.AbstractProcessorLight.process(AbstractProcessorLight.java:63) ~[tomcat-embed-core-10.1.36.jar:10.1.36]
	at org.apache.coyote.AbstractProtocol$ConnectionHandler.process(AbstractProtocol.java:905) ~[tomcat-embed-core-10.1.36.jar:10.1.36]
	at org.apache.tomcat.util.net.NioEndpoint$SocketProcessor.doRun(NioEndpoint.java:1743) ~[tomcat-embed-core-10.1.36.jar:10.1.36]
	at org.apache.tomcat.util.net.SocketProcessorBase.run(SocketProcessorBase.java:52) ~[tomcat-embed-core-10.1.36.jar:10.1.36]
	at org.apache.tomcat.util.threads.ThreadPoolExecutor.runWorker(ThreadPoolExecutor.java:1190) ~[tomcat-embed-core-10.1.36.jar:10.1.36]
	at org.apache.tomcat.util.threads.ThreadPoolExecutor$Worker.run(ThreadPoolExecutor.java:659) ~[tomcat-embed-core-10.1.36.jar:10.1.36]
	at org.apache.tomcat.util.threads.TaskThread$WrappingRunnable.run(TaskThread.java:63) ~[tomcat-embed-core-10.1.36.jar:10.1.36]
	at java.base/java.lang.Thread.run(Thread.java:1570) ~[na:na]

2025-03-18T13:41:13.460+05:30  WARN 18808 --- [http-nio-8080-exec-4] .w.s.m.s.DefaultHandlerExceptionResolver : Resolved [org.springframework.http.converter.HttpMessageNotReadableException: JSON parse error: Unexpected character ('"' (code 34)): was expecting comma to separate Object entries]
2025-03-18T13:41:30.355+05:30 ERROR 18808 --- [http-nio-8080-exec-6] o.a.c.c.C.[.[.[/].[dispatcherServlet]    : Servlet.service() for servlet [dispatcherServlet] in context with path [] threw exception [Request processing failed: jakarta.validation.ConstraintViolationException: Validation failed for classes [com.example.AddressBookManagement.model.AuthUser] during persist time for groups [jakarta.validation.groups.Default, ]
List of constraint violations:[
	ConstraintViolationImpl{interpolatedMessage='must not be blank', propertyPath=firstName, rootBeanClass=class com.example.AddressBookManagement.model.AuthUser, messageTemplate='{jakarta.validation.constraints.NotBlank.message}'}
	ConstraintViolationImpl{interpolatedMessage='must not be blank', propertyPath=lastName, rootBeanClass=class com.example.AddressBookManagement.model.AuthUser, messageTemplate='{jakarta.validation.constraints.NotBlank.message}'}
]] with root cause

jakarta.validation.ConstraintViolationException: Validation failed for classes [com.example.AddressBookManagement.model.AuthUser] during persist time for groups [jakarta.validation.groups.Default, ]
List of constraint violations:[
	ConstraintViolationImpl{interpolatedMessage='must not be blank', propertyPath=firstName, rootBeanClass=class com.example.AddressBookManagement.model.AuthUser, messageTemplate='{jakarta.validation.constraints.NotBlank.message}'}
	ConstraintViolationImpl{interpolatedMessage='must not be blank', propertyPath=lastName, rootBeanClass=class com.example.AddressBookManagement.model.AuthUser, messageTemplate='{jakarta.validation.constraints.NotBlank.message}'}
]
	at org.hibernate.boot.beanvalidation.BeanValidationEventListener.validate(BeanValidationEventListener.java:161) ~[hibernate-core-6.6.8.Final.jar:6.6.8.Final]
	at org.hibernate.boot.beanvalidation.BeanValidationEventListener.onPreInsert(BeanValidationEventListener.java:84) ~[hibernate-core-6.6.8.Final.jar:6.6.8.Final]
	at org.hibernate.action.internal.EntityIdentityInsertAction.preInsert(EntityIdentityInsertAction.java:201) ~[hibernate-core-6.6.8.Final.jar:6.6.8.Final]
	at org.hibernate.action.internal.EntityIdentityInsertAction.execute(EntityIdentityInsertAction.java:79) ~[hibernate-core-6.6.8.Final.jar:6.6.8.Final]
	at org.hibernate.engine.spi.ActionQueue.execute(ActionQueue.java:682) ~[hibernate-core-6.6.8.Final.jar:6.6.8.Final]
	at org.hibernate.engine.spi.ActionQueue.addResolvedEntityInsertAction(ActionQueue.java:293) ~[hibernate-core-6.6.8.Final.jar:6.6.8.Final]
	at org.hibernate.engine.spi.ActionQueue.addInsertAction(ActionQueue.java:274) ~[hibernate-core-6.6.8.Final.jar:6.6.8.Final]
	at org.hibernate.engine.spi.ActionQueue.addAction(ActionQueue.java:324) ~[hibernate-core-6.6.8.Final.jar:6.6.8.Final]
	at org.hibernate.event.internal.AbstractSaveEventListener.addInsertAction(AbstractSaveEventListener.java:393) ~[hibernate-core-6.6.8.Final.jar:6.6.8.Final]
	at org.hibernate.event.internal.AbstractSaveEventListener.performSaveOrReplicate(AbstractSaveEventListener.java:307) ~[hibernate-core-6.6.8.Final.jar:6.6.8.Final]
	at org.hibernate.event.internal.AbstractSaveEventListener.performSave(AbstractSaveEventListener.java:223) ~[hibernate-core-6.6.8.Final.jar:6.6.8.Final]
	at org.hibernate.event.internal.AbstractSaveEventListener.saveWithGeneratedId(AbstractSaveEventListener.java:136) ~[hibernate-core-6.6.8.Final.jar:6.6.8.Final]
	at org.hibernate.event.internal.DefaultPersistEventListener.entityIsTransient(DefaultPersistEventListener.java:177) ~[hibernate-core-6.6.8.Final.jar:6.6.8.Final]
	at org.hibernate.event.internal.DefaultPersistEventListener.persist(DefaultPersistEventListener.java:95) ~[hibernate-core-6.6.8.Final.jar:6.6.8.Final]
	at org.hibernate.event.internal.DefaultPersistEventListener.onPersist(DefaultPersistEventListener.java:79) ~[hibernate-core-6.6.8.Final.jar:6.6.8.Final]
	at org.hibernate.event.internal.DefaultPersistEventListener.onPersist(DefaultPersistEventListener.java:55) ~[hibernate-core-6.6.8.Final.jar:6.6.8.Final]
	at org.hibernate.event.service.internal.EventListenerGroupImpl.fireEventOnEachListener(EventListenerGroupImpl.java:127) ~[hibernate-core-6.6.8.Final.jar:6.6.8.Final]
	at org.hibernate.internal.SessionImpl.firePersist(SessionImpl.java:761) ~[hibernate-core-6.6.8.Final.jar:6.6.8.Final]
	at org.hibernate.internal.SessionImpl.persist(SessionImpl.java:745) ~[hibernate-core-6.6.8.Final.jar:6.6.8.Final]
	at java.base/jdk.internal.reflect.DirectMethodHandleAccessor.invoke(DirectMethodHandleAccessor.java:103) ~[na:na]
	at java.base/java.lang.reflect.Method.invoke(Method.java:580) ~[na:na]
	at org.springframework.orm.jpa.ExtendedEntityManagerCreator$ExtendedEntityManagerInvocationHandler.invoke(ExtendedEntityManagerCreator.java:364) ~[spring-orm-6.2.3.jar:6.2.3]
	at jdk.proxy4/jdk.proxy4.$Proxy136.persist(Unknown Source) ~[na:na]
	at java.base/jdk.internal.reflect.DirectMethodHandleAccessor.invoke(DirectMethodHandleAccessor.java:103) ~[na:na]
	at java.base/java.lang.reflect.Method.invoke(Method.java:580) ~[na:na]
	at org.springframework.orm.jpa.SharedEntityManagerCreator$SharedEntityManagerInvocationHandler.invoke(SharedEntityManagerCreator.java:320) ~[spring-orm-6.2.3.jar:6.2.3]
	at jdk.proxy4/jdk.proxy4.$Proxy136.persist(Unknown Source) ~[na:na]
	at org.springframework.data.jpa.repository.support.SimpleJpaRepository.save(SimpleJpaRepository.java:636) ~[spring-data-jpa-3.4.3.jar:3.4.3]
	at java.base/jdk.internal.reflect.DirectMethodHandleAccessor.invoke(DirectMethodHandleAccessor.java:103) ~[na:na]
	at java.base/java.lang.reflect.Method.invoke(Method.java:580) ~[na:na]
	at org.springframework.aop.support.AopUtils.invokeJoinpointUsingReflection(AopUtils.java:359) ~[spring-aop-6.2.3.jar:6.2.3]
	at org.springframework.data.repository.core.support.RepositoryMethodInvoker$RepositoryFragmentMethodInvoker.lambda$new$0(RepositoryMethodInvoker.java:277) ~[spring-data-commons-3.4.3.jar:3.4.3]
	at org.springframework.data.repository.core.support.RepositoryMethodInvoker.doInvoke(RepositoryMethodInvoker.java:170) ~[spring-data-commons-3.4.3.jar:3.4.3]
	at org.springframework.data.repository.core.support.RepositoryMethodInvoker.invoke(RepositoryMethodInvoker.java:158) ~[spring-data-commons-3.4.3.jar:3.4.3]
	at org.springframework.data.repository.core.support.RepositoryComposition$RepositoryFragments.invoke(RepositoryComposition.java:515) ~[spring-data-commons-3.4.3.jar:3.4.3]
	at org.springframework.data.repository.core.support.RepositoryComposition.invoke(RepositoryComposition.java:284) ~[spring-data-commons-3.4.3.jar:3.4.3]
	at org.springframework.data.repository.core.support.RepositoryFactorySupport$ImplementationMethodExecutionInterceptor.invoke(RepositoryFactorySupport.java:752) ~[spring-data-commons-3.4.3.jar:3.4.3]
	at org.springframework.aop.framework.ReflectiveMethodInvocation.proceed(ReflectiveMethodInvocation.java:184) ~[spring-aop-6.2.3.jar:6.2.3]
	at org.springframework.data.repository.core.support.QueryExecutorMethodInterceptor.doInvoke(QueryExecutorMethodInterceptor.java:174) ~[spring-data-commons-3.4.3.jar:3.4.3]
	at org.springframework.data.repository.core.support.QueryExecutorMethodInterceptor.invoke(QueryExecutorMethodInterceptor.java:149) ~[spring-data-commons-3.4.3.jar:3.4.3]
	at org.springframework.aop.framework.ReflectiveMethodInvocation.proceed(ReflectiveMethodInvocation.java:184) ~[spring-aop-6.2.3.jar:6.2.3]
	at org.springframework.data.projection.DefaultMethodInvokingMethodInterceptor.invoke(DefaultMethodInvokingMethodInterceptor.java:69) ~[spring-data-commons-3.4.3.jar:3.4.3]
	at org.springframework.aop.framework.ReflectiveMethodInvocation.proceed(ReflectiveMethodInvocation.java:184) ~[spring-aop-6.2.3.jar:6.2.3]
	at org.springframework.transaction.interceptor.TransactionAspectSupport.invokeWithinTransaction(TransactionAspectSupport.java:380) ~[spring-tx-6.2.3.jar:6.2.3]
	at org.springframework.transaction.interceptor.TransactionInterceptor.invoke(TransactionInterceptor.java:119) ~[spring-tx-6.2.3.jar:6.2.3]
	at org.springframework.aop.framework.ReflectiveMethodInvocation.proceed(ReflectiveMethodInvocation.java:184) ~[spring-aop-6.2.3.jar:6.2.3]
	at org.springframework.dao.support.PersistenceExceptionTranslationInterceptor.invoke(PersistenceExceptionTranslationInterceptor.java:138) ~[spring-tx-6.2.3.jar:6.2.3]
	at org.springframework.aop.framework.ReflectiveMethodInvocation.proceed(ReflectiveMethodInvocation.java:184) ~[spring-aop-6.2.3.jar:6.2.3]
	at org.springframework.data.jpa.repository.support.CrudMethodMetadataPostProcessor$CrudMethodMetadataPopulatingMethodInterceptor.invoke(CrudMethodMetadataPostProcessor.java:165) ~[spring-data-jpa-3.4.3.jar:3.4.3]
	at org.springframework.aop.framework.ReflectiveMethodInvocation.proceed(ReflectiveMethodInvocation.java:184) ~[spring-aop-6.2.3.jar:6.2.3]
	at org.springframework.aop.framework.JdkDynamicAopProxy.invoke(JdkDynamicAopProxy.java:223) ~[spring-aop-6.2.3.jar:6.2.3]
	at jdk.proxy4/jdk.proxy4.$Proxy140.save(Unknown Source) ~[na:na]
	at com.example.AddressBookManagement.services.AuthUserService.registerUser(AuthUserService.java:47) ~[classes/:na]
	at java.base/jdk.internal.reflect.DirectMethodHandleAccessor.invoke(DirectMethodHandleAccessor.java:103) ~[na:na]
	at java.base/java.lang.reflect.Method.invoke(Method.java:580) ~[na:na]
	at org.springframework.aop.support.AopUtils.invokeJoinpointUsingReflection(AopUtils.java:359) ~[spring-aop-6.2.3.jar:6.2.3]
	at org.springframework.aop.framework.ReflectiveMethodInvocation.invokeJoinpoint(ReflectiveMethodInvocation.java:196) ~[spring-aop-6.2.3.jar:6.2.3]
	at org.springframework.aop.framework.ReflectiveMethodInvocation.proceed(ReflectiveMethodInvocation.java:163) ~[spring-aop-6.2.3.jar:6.2.3]
	at org.springframework.transaction.interceptor.TransactionAspectSupport.invokeWithinTransaction(TransactionAspectSupport.java:380) ~[spring-tx-6.2.3.jar:6.2.3]
	at org.springframework.transaction.interceptor.TransactionInterceptor.invoke(TransactionInterceptor.java:119) ~[spring-tx-6.2.3.jar:6.2.3]
	at org.springframework.aop.framework.ReflectiveMethodInvocation.proceed(ReflectiveMethodInvocation.java:184) ~[spring-aop-6.2.3.jar:6.2.3]
	at org.springframework.aop.framework.CglibAopProxy$DynamicAdvisedInterceptor.intercept(CglibAopProxy.java:727) ~[spring-aop-6.2.3.jar:6.2.3]
	at com.example.AddressBookManagement.services.AuthUserService$$SpringCGLIB$$0.registerUser(<generated>) ~[classes/:na]
	at com.example.AddressBookManagement.controller.AuthUserController.registerUser(AuthUserController.java:24) ~[classes/:na]
	at java.base/jdk.internal.reflect.DirectMethodHandleAccessor.invoke(DirectMethodHandleAccessor.java:103) ~[na:na]
	at java.base/java.lang.reflect.Method.invoke(Method.java:580) ~[na:na]
	at org.springframework.web.method.support.InvocableHandlerMethod.doInvoke(InvocableHandlerMethod.java:257) ~[spring-web-6.2.3.jar:6.2.3]
	at org.springframework.web.method.support.InvocableHandlerMethod.invokeForRequest(InvocableHandlerMethod.java:190) ~[spring-web-6.2.3.jar:6.2.3]
	at org.springframework.web.servlet.mvc.method.annotation.ServletInvocableHandlerMethod.invokeAndHandle(ServletInvocableHandlerMethod.java:118) ~[spring-webmvc-6.2.3.jar:6.2.3]
	at org.springframework.web.servlet.mvc.method.annotation.RequestMappingHandlerAdapter.invokeHandlerMethod(RequestMappingHandlerAdapter.java:986) ~[spring-webmvc-6.2.3.jar:6.2.3]
	at org.springframework.web.servlet.mvc.method.annotation.RequestMappingHandlerAdapter.handleInternal(RequestMappingHandlerAdapter.java:891) ~[spring-webmvc-6.2.3.jar:6.2.3]
	at org.springframework.web.servlet.mvc.method.AbstractHandlerMethodAdapter.handle(AbstractHandlerMethodAdapter.java:87) ~[spring-webmvc-6.2.3.jar:6.2.3]
	at org.springframework.web.servlet.DispatcherServlet.doDispatch(DispatcherServlet.java:1088) ~[spring-webmvc-6.2.3.jar:6.2.3]
	at org.springframework.web.servlet.DispatcherServlet.doService(DispatcherServlet.java:978) ~[spring-webmvc-6.2.3.jar:6.2.3]
	at org.springframework.web.servlet.FrameworkServlet.processRequest(FrameworkServlet.java:1014) ~[spring-webmvc-6.2.3.jar:6.2.3]
	at org.springframework.web.servlet.FrameworkServlet.doPost(FrameworkServlet.java:914) ~[spring-webmvc-6.2.3.jar:6.2.3]
	at jakarta.servlet.http.HttpServlet.service(HttpServlet.java:590) ~[tomcat-embed-core-10.1.36.jar:6.0]
	at org.springframework.web.servlet.FrameworkServlet.service(FrameworkServlet.java:885) ~[spring-webmvc-6.2.3.jar:6.2.3]
	at jakarta.servlet.http.HttpServlet.service(HttpServlet.java:658) ~[tomcat-embed-core-10.1.36.jar:6.0]
	at org.apache.catalina.core.ApplicationFilterChain.internalDoFilter(ApplicationFilterChain.java:195) ~[tomcat-embed-core-10.1.36.jar:10.1.36]
	at org.apache.catalina.core.ApplicationFilterChain.doFilter(ApplicationFilterChain.java:140) ~[tomcat-embed-core-10.1.36.jar:10.1.36]
	at org.apache.tomcat.websocket.server.WsFilter.doFilter(WsFilter.java:51) ~[tomcat-embed-websocket-10.1.36.jar:10.1.36]
	at org.apache.catalina.core.ApplicationFilterChain.internalDoFilter(ApplicationFilterChain.java:164) ~[tomcat-embed-core-10.1.36.jar:10.1.36]
	at org.apache.catalina.core.ApplicationFilterChain.doFilter(ApplicationFilterChain.java:140) ~[tomcat-embed-core-10.1.36.jar:10.1.36]
	at com.example.AddressBookManagement.security.JwtRequestFilter.doFilterInternal(JwtRequestFilter.java:70) ~[classes/:na]
	at org.springframework.web.filter.OncePerRequestFilter.doFilter(OncePerRequestFilter.java:116) ~[spring-web-6.2.3.jar:6.2.3]
	at org.apache.catalina.core.ApplicationFilterChain.internalDoFilter(ApplicationFilterChain.java:164) ~[tomcat-embed-core-10.1.36.jar:10.1.36]
	at org.apache.catalina.core.ApplicationFilterChain.doFilter(ApplicationFilterChain.java:140) ~[tomcat-embed-core-10.1.36.jar:10.1.36]
	at org.springframework.web.filter.CompositeFilter$VirtualFilterChain.doFilter(CompositeFilter.java:108) ~[spring-web-6.2.3.jar:6.2.3]
	at org.springframework.security.web.FilterChainProxy.lambda$doFilterInternal$3(FilterChainProxy.java:231) ~[spring-security-web-6.4.3.jar:6.4.3]
	at org.springframework.security.web.FilterChainProxy$VirtualFilterChain.doFilter(FilterChainProxy.java:365) ~[spring-security-web-6.4.3.jar:6.4.3]
	at org.springframework.security.web.access.intercept.AuthorizationFilter.doFilter(AuthorizationFilter.java:101) ~[spring-security-web-6.4.3.jar:6.4.3]
	at org.springframework.security.web.FilterChainProxy$VirtualFilterChain.doFilter(FilterChainProxy.java:374) ~[spring-security-web-6.4.3.jar:6.4.3]
	at org.springframework.security.web.access.ExceptionTranslationFilter.doFilter(ExceptionTranslationFilter.java:126) ~[spring-security-web-6.4.3.jar:6.4.3]
	at org.springframework.security.web.access.ExceptionTranslationFilter.doFilter(ExceptionTranslationFilter.java:120) ~[spring-security-web-6.4.3.jar:6.4.3]
	at org.springframework.security.web.FilterChainProxy$VirtualFilterChain.doFilter(FilterChainProxy.java:374) ~[spring-security-web-6.4.3.jar:6.4.3]
	at org.springframework.security.web.authentication.AnonymousAuthenticationFilter.doFilter(AnonymousAuthenticationFilter.java:100) ~[spring-security-web-6.4.3.jar:6.4.3]
	at org.springframework.security.web.FilterChainProxy$VirtualFilterChain.doFilter(FilterChainProxy.java:374) ~[spring-security-web-6.4.3.jar:6.4.3]
	at org.springframework.security.web.servletapi.SecurityContextHolderAwareRequestFilter.doFilter(SecurityContextHolderAwareRequestFilter.java:179) ~[spring-security-web-6.4.3.jar:6.4.3]
	at org.springframework.security.web.FilterChainProxy$VirtualFilterChain.doFilter(FilterChainProxy.java:374) ~[spring-security-web-6.4.3.jar:6.4.3]
	at org.springframework.security.web.savedrequest.RequestCacheAwareFilter.doFilter(RequestCacheAwareFilter.java:63) ~[spring-security-web-6.4.3.jar:6.4.3]
	at org.springframework.security.web.FilterChainProxy$VirtualFilterChain.doFilter(FilterChainProxy.java:374) ~[spring-security-web-6.4.3.jar:6.4.3]
	at org.springframework.security.web.authentication.logout.LogoutFilter.doFilter(LogoutFilter.java:107) ~[spring-security-web-6.4.3.jar:6.4.3]
	at org.springframework.security.web.authentication.logout.LogoutFilter.doFilter(LogoutFilter.java:93) ~[spring-security-web-6.4.3.jar:6.4.3]
	at org.springframework.security.web.FilterChainProxy$VirtualFilterChain.doFilter(FilterChainProxy.java:374) ~[spring-security-web-6.4.3.jar:6.4.3]
	at org.springframework.security.web.header.HeaderWriterFilter.doHeadersAfter(HeaderWriterFilter.java:90) ~[spring-security-web-6.4.3.jar:6.4.3]
	at org.springframework.security.web.header.HeaderWriterFilter.doFilterInternal(HeaderWriterFilter.java:75) ~[spring-security-web-6.4.3.jar:6.4.3]
	at org.springframework.web.filter.OncePerRequestFilter.doFilter(OncePerRequestFilter.java:116) ~[spring-web-6.2.3.jar:6.2.3]
	at org.springframework.security.web.FilterChainProxy$VirtualFilterChain.doFilter(FilterChainProxy.java:374) ~[spring-security-web-6.4.3.jar:6.4.3]
	at org.springframework.security.web.context.SecurityContextHolderFilter.doFilter(SecurityContextHolderFilter.java:82) ~[spring-security-web-6.4.3.jar:6.4.3]
	at org.springframework.security.web.context.SecurityContextHolderFilter.doFilter(SecurityContextHolderFilter.java:69) ~[spring-security-web-6.4.3.jar:6.4.3]
	at org.springframework.security.web.FilterChainProxy$VirtualFilterChain.doFilter(FilterChainProxy.java:374) ~[spring-security-web-6.4.3.jar:6.4.3]
	at org.springframework.security.web.context.request.async.WebAsyncManagerIntegrationFilter.doFilterInternal(WebAsyncManagerIntegrationFilter.java:62) ~[spring-security-web-6.4.3.jar:6.4.3]
	at org.springframework.web.filter.OncePerRequestFilter.doFilter(OncePerRequestFilter.java:116) ~[spring-web-6.2.3.jar:6.2.3]
	at org.springframework.security.web.FilterChainProxy$VirtualFilterChain.doFilter(FilterChainProxy.java:374) ~[spring-security-web-6.4.3.jar:6.4.3]
	at org.springframework.security.web.session.DisableEncodeUrlFilter.doFilterInternal(DisableEncodeUrlFilter.java:42) ~[spring-security-web-6.4.3.jar:6.4.3]
	at org.springframework.web.filter.OncePerRequestFilter.doFilter(OncePerRequestFilter.java:116) ~[spring-web-6.2.3.jar:6.2.3]
	at org.springframework.security.web.FilterChainProxy$VirtualFilterChain.doFilter(FilterChainProxy.java:374) ~[spring-security-web-6.4.3.jar:6.4.3]
	at org.springframework.security.web.FilterChainProxy.doFilterInternal(FilterChainProxy.java:233) ~[spring-security-web-6.4.3.jar:6.4.3]
	at org.springframework.security.web.FilterChainProxy.doFilter(FilterChainProxy.java:191) ~[spring-security-web-6.4.3.jar:6.4.3]
	at org.springframework.web.filter.CompositeFilter$VirtualFilterChain.doFilter(CompositeFilter.java:113) ~[spring-web-6.2.3.jar:6.2.3]
	at org.springframework.web.servlet.handler.HandlerMappingIntrospector.lambda$createCacheFilter$3(HandlerMappingIntrospector.java:243) ~[spring-webmvc-6.2.3.jar:6.2.3]
	at org.springframework.web.filter.CompositeFilter$VirtualFilterChain.doFilter(CompositeFilter.java:113) ~[spring-web-6.2.3.jar:6.2.3]
	at org.springframework.web.filter.CompositeFilter.doFilter(CompositeFilter.java:74) ~[spring-web-6.2.3.jar:6.2.3]
	at org.springframework.security.config.annotation.web.configuration.WebMvcSecurityConfiguration$CompositeFilterChainProxy.doFilter(WebMvcSecurityConfiguration.java:238) ~[spring-security-config-6.4.3.jar:6.4.3]
	at org.springframework.web.filter.DelegatingFilterProxy.invokeDelegate(DelegatingFilterProxy.java:362) ~[spring-web-6.2.3.jar:6.2.3]
	at org.springframework.web.filter.DelegatingFilterProxy.doFilter(DelegatingFilterProxy.java:278) ~[spring-web-6.2.3.jar:6.2.3]
	at org.apache.catalina.core.ApplicationFilterChain.internalDoFilter(ApplicationFilterChain.java:164) ~[tomcat-embed-core-10.1.36.jar:10.1.36]
	at org.apache.catalina.core.ApplicationFilterChain.doFilter(ApplicationFilterChain.java:140) ~[tomcat-embed-core-10.1.36.jar:10.1.36]
	at org.springframework.web.filter.RequestContextFilter.doFilterInternal(RequestContextFilter.java:100) ~[spring-web-6.2.3.jar:6.2.3]
	at org.springframework.web.filter.OncePerRequestFilter.doFilter(OncePerRequestFilter.java:116) ~[spring-web-6.2.3.jar:6.2.3]
	at org.apache.catalina.core.ApplicationFilterChain.internalDoFilter(ApplicationFilterChain.java:164) ~[tomcat-embed-core-10.1.36.jar:10.1.36]
	at org.apache.catalina.core.ApplicationFilterChain.doFilter(ApplicationFilterChain.java:140) ~[tomcat-embed-core-10.1.36.jar:10.1.36]
	at org.springframework.web.filter.FormContentFilter.doFilterInternal(FormContentFilter.java:93) ~[spring-web-6.2.3.jar:6.2.3]
	at org.springframework.web.filter.OncePerRequestFilter.doFilter(OncePerRequestFilter.java:116) ~[spring-web-6.2.3.jar:6.2.3]
	at org.apache.catalina.core.ApplicationFilterChain.internalDoFilter(ApplicationFilterChain.java:164) ~[tomcat-embed-core-10.1.36.jar:10.1.36]
	at org.apache.catalina.core.ApplicationFilterChain.doFilter(ApplicationFilterChain.java:140) ~[tomcat-embed-core-10.1.36.jar:10.1.36]
	at org.springframework.web.filter.CharacterEncodingFilter.doFilterInternal(CharacterEncodingFilter.java:201) ~[spring-web-6.2.3.jar:6.2.3]
	at org.springframework.web.filter.OncePerRequestFilter.doFilter(OncePerRequestFilter.java:116) ~[spring-web-6.2.3.jar:6.2.3]
	at org.apache.catalina.core.ApplicationFilterChain.internalDoFilter(ApplicationFilterChain.java:164) ~[tomcat-embed-core-10.1.36.jar:10.1.36]
	at org.apache.catalina.core.ApplicationFilterChain.doFilter(ApplicationFilterChain.java:140) ~[tomcat-embed-core-10.1.36.jar:10.1.36]
	at org.apache.catalina.core.StandardWrapperValve.invoke(StandardWrapperValve.java:167) ~[tomcat-embed-core-10.1.36.jar:10.1.36]
	at org.apache.catalina.core.StandardContextValve.invoke(StandardContextValve.java:90) ~[tomcat-embed-core-10.1.36.jar:10.1.36]
	at org.apache.catalina.authenticator.AuthenticatorBase.invoke(AuthenticatorBase.java:483) ~[tomcat-embed-core-10.1.36.jar:10.1.36]
	at org.apache.catalina.core.StandardHostValve.invoke(StandardHostValve.java:115) ~[tomcat-embed-core-10.1.36.jar:10.1.36]
	at org.apache.catalina.valves.ErrorReportValve.invoke(ErrorReportValve.java:93) ~[tomcat-embed-core-10.1.36.jar:10.1.36]
	at org.apache.catalina.core.StandardEngineValve.invoke(StandardEngineValve.java:74) ~[tomcat-embed-core-10.1.36.jar:10.1.36]
	at org.apache.catalina.connector.CoyoteAdapter.service(CoyoteAdapter.java:344) ~[tomcat-embed-core-10.1.36.jar:10.1.36]
	at org.apache.coyote.http11.Http11Processor.service(Http11Processor.java:397) ~[tomcat-embed-core-10.1.36.jar:10.1.36]
	at org.apache.coyote.AbstractProcessorLight.process(AbstractProcessorLight.java:63) ~[tomcat-embed-core-10.1.36.jar:10.1.36]
	at org.apache.coyote.AbstractProtocol$ConnectionHandler.process(AbstractProtocol.java:905) ~[tomcat-embed-core-10.1.36.jar:10.1.36]
	at org.apache.tomcat.util.net.NioEndpoint$SocketProcessor.doRun(NioEndpoint.java:1743) ~[tomcat-embed-core-10.1.36.jar:10.1.36]
	at org.apache.tomcat.util.net.SocketProcessorBase.run(SocketProcessorBase.java:52) ~[tomcat-embed-core-10.1.36.jar:10.1.36]
	at org.apache.tomcat.util.threads.ThreadPoolExecutor.runWorker(ThreadPoolExecutor.java:1190) ~[tomcat-embed-core-10.1.36.jar:10.1.36]
	at org.apache.tomcat.util.threads.ThreadPoolExecutor$Worker.run(ThreadPoolExecutor.java:659) ~[tomcat-embed-core-10.1.36.jar:10.1.36]
	at org.apache.tomcat.util.threads.TaskThread$WrappingRunnable.run(TaskThread.java:63) ~[tomcat-embed-core-10.1.36.jar:10.1.36]
	at java.base/java.lang.Thread.run(Thread.java:1570) ~[na:na]

2025-03-18T13:43:46.923+05:30  INFO 18808 --- [http-nio-8080-exec-1] c.e.A.controller.AddressController       : Received request to fetch all addresses
2025-03-18T13:44:44.357+05:30 ERROR 18808 --- [http-nio-8080-exec-2] o.a.c.c.C.[.[.[/].[dispatcherServlet]    : Servlet.service() for servlet [dispatcherServlet] in context with path [] threw exception

io.jsonwebtoken.ExpiredJwtException: JWT expired at 2025-03-18T08:14:03Z. Current time: 2025-03-18T08:14:44Z, a difference of 41356 milliseconds.  Allowed clock skew: 0 milliseconds.
	at io.jsonwebtoken.impl.DefaultJwtParser.parse(DefaultJwtParser.java:427) ~[jjwt-impl-0.11.5.jar:0.11.5]
	at io.jsonwebtoken.impl.DefaultJwtParser.parse(DefaultJwtParser.java:529) ~[jjwt-impl-0.11.5.jar:0.11.5]
	at io.jsonwebtoken.impl.DefaultJwtParser.parseClaimsJws(DefaultJwtParser.java:589) ~[jjwt-impl-0.11.5.jar:0.11.5]
	at io.jsonwebtoken.impl.ImmutableJwtParser.parseClaimsJws(ImmutableJwtParser.java:173) ~[jjwt-impl-0.11.5.jar:0.11.5]
	at com.example.AddressBookManagement.Utils.JwtUtil.extractEmail(JwtUtil.java:37) ~[classes/:na]
	at com.example.AddressBookManagement.security.JwtRequestFilter.doFilterInternal(JwtRequestFilter.java:44) ~[classes/:na]
	at org.springframework.web.filter.OncePerRequestFilter.doFilter(OncePerRequestFilter.java:116) ~[spring-web-6.2.3.jar:6.2.3]
	at org.apache.catalina.core.ApplicationFilterChain.internalDoFilter(ApplicationFilterChain.java:164) ~[tomcat-embed-core-10.1.36.jar:10.1.36]
	at org.apache.catalina.core.ApplicationFilterChain.doFilter(ApplicationFilterChain.java:140) ~[tomcat-embed-core-10.1.36.jar:10.1.36]
	at org.springframework.web.filter.CompositeFilter$VirtualFilterChain.doFilter(CompositeFilter.java:108) ~[spring-web-6.2.3.jar:6.2.3]
	at org.springframework.security.web.FilterChainProxy.lambda$doFilterInternal$3(FilterChainProxy.java:231) ~[spring-security-web-6.4.3.jar:6.4.3]
	at org.springframework.security.web.FilterChainProxy$VirtualFilterChain.doFilter(FilterChainProxy.java:365) ~[spring-security-web-6.4.3.jar:6.4.3]
	at org.springframework.security.web.access.intercept.AuthorizationFilter.doFilter(AuthorizationFilter.java:101) ~[spring-security-web-6.4.3.jar:6.4.3]
	at org.springframework.security.web.FilterChainProxy$VirtualFilterChain.doFilter(FilterChainProxy.java:374) ~[spring-security-web-6.4.3.jar:6.4.3]
	at org.springframework.security.web.access.ExceptionTranslationFilter.doFilter(ExceptionTranslationFilter.java:126) ~[spring-security-web-6.4.3.jar:6.4.3]
	at org.springframework.security.web.access.ExceptionTranslationFilter.doFilter(ExceptionTranslationFilter.java:120) ~[spring-security-web-6.4.3.jar:6.4.3]
	at org.springframework.security.web.FilterChainProxy$VirtualFilterChain.doFilter(FilterChainProxy.java:374) ~[spring-security-web-6.4.3.jar:6.4.3]
	at org.springframework.security.web.authentication.AnonymousAuthenticationFilter.doFilter(AnonymousAuthenticationFilter.java:100) ~[spring-security-web-6.4.3.jar:6.4.3]
	at org.springframework.security.web.FilterChainProxy$VirtualFilterChain.doFilter(FilterChainProxy.java:374) ~[spring-security-web-6.4.3.jar:6.4.3]
	at org.springframework.security.web.servletapi.SecurityContextHolderAwareRequestFilter.doFilter(SecurityContextHolderAwareRequestFilter.java:179) ~[spring-security-web-6.4.3.jar:6.4.3]
	at org.springframework.security.web.FilterChainProxy$VirtualFilterChain.doFilter(FilterChainProxy.java:374) ~[spring-security-web-6.4.3.jar:6.4.3]
	at org.springframework.security.web.savedrequest.RequestCacheAwareFilter.doFilter(RequestCacheAwareFilter.java:63) ~[spring-security-web-6.4.3.jar:6.4.3]
	at org.springframework.security.web.FilterChainProxy$VirtualFilterChain.doFilter(FilterChainProxy.java:374) ~[spring-security-web-6.4.3.jar:6.4.3]
	at org.springframework.security.web.authentication.logout.LogoutFilter.doFilter(LogoutFilter.java:107) ~[spring-security-web-6.4.3.jar:6.4.3]
	at org.springframework.security.web.authentication.logout.LogoutFilter.doFilter(LogoutFilter.java:93) ~[spring-security-web-6.4.3.jar:6.4.3]
	at org.springframework.security.web.FilterChainProxy$VirtualFilterChain.doFilter(FilterChainProxy.java:374) ~[spring-security-web-6.4.3.jar:6.4.3]
	at org.springframework.security.web.header.HeaderWriterFilter.doHeadersAfter(HeaderWriterFilter.java:90) ~[spring-security-web-6.4.3.jar:6.4.3]
	at org.springframework.security.web.header.HeaderWriterFilter.doFilterInternal(HeaderWriterFilter.java:75) ~[spring-security-web-6.4.3.jar:6.4.3]
	at org.springframework.web.filter.OncePerRequestFilter.doFilter(OncePerRequestFilter.java:116) ~[spring-web-6.2.3.jar:6.2.3]
	at org.springframework.security.web.FilterChainProxy$VirtualFilterChain.doFilter(FilterChainProxy.java:374) ~[spring-security-web-6.4.3.jar:6.4.3]
	at org.springframework.security.web.context.SecurityContextHolderFilter.doFilter(SecurityContextHolderFilter.java:82) ~[spring-security-web-6.4.3.jar:6.4.3]
	at org.springframework.security.web.context.SecurityContextHolderFilter.doFilter(SecurityContextHolderFilter.java:69) ~[spring-security-web-6.4.3.jar:6.4.3]
	at org.springframework.security.web.FilterChainProxy$VirtualFilterChain.doFilter(FilterChainProxy.java:374) ~[spring-security-web-6.4.3.jar:6.4.3]
	at org.springframework.security.web.context.request.async.WebAsyncManagerIntegrationFilter.doFilterInternal(WebAsyncManagerIntegrationFilter.java:62) ~[spring-security-web-6.4.3.jar:6.4.3]
	at org.springframework.web.filter.OncePerRequestFilter.doFilter(OncePerRequestFilter.java:116) ~[spring-web-6.2.3.jar:6.2.3]
	at org.springframework.security.web.FilterChainProxy$VirtualFilterChain.doFilter(FilterChainProxy.java:374) ~[spring-security-web-6.4.3.jar:6.4.3]
	at org.springframework.security.web.session.DisableEncodeUrlFilter.doFilterInternal(DisableEncodeUrlFilter.java:42) ~[spring-security-web-6.4.3.jar:6.4.3]
	at org.springframework.web.filter.OncePerRequestFilter.doFilter(OncePerRequestFilter.java:116) ~[spring-web-6.2.3.jar:6.2.3]
	at org.springframework.security.web.FilterChainProxy$VirtualFilterChain.doFilter(FilterChainProxy.java:374) ~[spring-security-web-6.4.3.jar:6.4.3]
	at org.springframework.security.web.FilterChainProxy.doFilterInternal(FilterChainProxy.java:233) ~[spring-security-web-6.4.3.jar:6.4.3]
	at org.springframework.security.web.FilterChainProxy.doFilter(FilterChainProxy.java:191) ~[spring-security-web-6.4.3.jar:6.4.3]
	at org.springframework.web.filter.CompositeFilter$VirtualFilterChain.doFilter(CompositeFilter.java:113) ~[spring-web-6.2.3.jar:6.2.3]
	at org.springframework.web.servlet.handler.HandlerMappingIntrospector.lambda$createCacheFilter$3(HandlerMappingIntrospector.java:243) ~[spring-webmvc-6.2.3.jar:6.2.3]
	at org.springframework.web.filter.CompositeFilter$VirtualFilterChain.doFilter(CompositeFilter.java:113) ~[spring-web-6.2.3.jar:6.2.3]
	at org.springframework.web.filter.CompositeFilter.doFilter(CompositeFilter.java:74) ~[spring-web-6.2.3.jar:6.2.3]
	at org.springframework.security.config.annotation.web.configuration.WebMvcSecurityConfiguration$CompositeFilterChainProxy.doFilter(WebMvcSecurityConfiguration.java:238) ~[spring-security-config-6.4.3.jar:6.4.3]
	at org.springframework.web.filter.DelegatingFilterProxy.invokeDelegate(DelegatingFilterProxy.java:362) ~[spring-web-6.2.3.jar:6.2.3]
	at org.springframework.web.filter.DelegatingFilterProxy.doFilter(DelegatingFilterProxy.java:278) ~[spring-web-6.2.3.jar:6.2.3]
	at org.apache.catalina.core.ApplicationFilterChain.internalDoFilter(ApplicationFilterChain.java:164) ~[tomcat-embed-core-10.1.36.jar:10.1.36]
	at org.apache.catalina.core.ApplicationFilterChain.doFilter(ApplicationFilterChain.java:140) ~[tomcat-embed-core-10.1.36.jar:10.1.36]
	at org.springframework.web.filter.RequestContextFilter.doFilterInternal(RequestContextFilter.java:100) ~[spring-web-6.2.3.jar:6.2.3]
	at org.springframework.web.filter.OncePerRequestFilter.doFilter(OncePerRequestFilter.java:116) ~[spring-web-6.2.3.jar:6.2.3]
	at org.apache.catalina.core.ApplicationFilterChain.internalDoFilter(ApplicationFilterChain.java:164) ~[tomcat-embed-core-10.1.36.jar:10.1.36]
	at org.apache.catalina.core.ApplicationFilterChain.doFilter(ApplicationFilterChain.java:140) ~[tomcat-embed-core-10.1.36.jar:10.1.36]
	at org.springframework.web.filter.FormContentFilter.doFilterInternal(FormContentFilter.java:93) ~[spring-web-6.2.3.jar:6.2.3]
	at org.springframework.web.filter.OncePerRequestFilter.doFilter(OncePerRequestFilter.java:116) ~[spring-web-6.2.3.jar:6.2.3]
	at org.apache.catalina.core.ApplicationFilterChain.internalDoFilter(ApplicationFilterChain.java:164) ~[tomcat-embed-core-10.1.36.jar:10.1.36]
	at org.apache.catalina.core.ApplicationFilterChain.doFilter(ApplicationFilterChain.java:140) ~[tomcat-embed-core-10.1.36.jar:10.1.36]
	at org.springframework.web.filter.CharacterEncodingFilter.doFilterInternal(CharacterEncodingFilter.java:201) ~[spring-web-6.2.3.jar:6.2.3]
	at org.springframework.web.filter.OncePerRequestFilter.doFilter(OncePerRequestFilter.java:116) ~[spring-web-6.2.3.jar:6.2.3]
	at org.apache.catalina.core.ApplicationFilterChain.internalDoFilter(ApplicationFilterChain.java:164) ~[tomcat-embed-core-10.1.36.jar:10.1.36]
	at org.apache.catalina.core.ApplicationFilterChain.doFilter(ApplicationFilterChain.java:140) ~[tomcat-embed-core-10.1.36.jar:10.1.36]
	at org.apache.catalina.core.StandardWrapperValve.invoke(StandardWrapperValve.java:167) ~[tomcat-embed-core-10.1.36.jar:10.1.36]
	at org.apache.catalina.core.StandardContextValve.invoke(StandardContextValve.java:90) ~[tomcat-embed-core-10.1.36.jar:10.1.36]
	at org.apache.catalina.authenticator.AuthenticatorBase.invoke(AuthenticatorBase.java:483) ~[tomcat-embed-core-10.1.36.jar:10.1.36]
	at org.apache.catalina.core.StandardHostValve.invoke(StandardHostValve.java:115) ~[tomcat-embed-core-10.1.36.jar:10.1.36]
	at org.apache.catalina.valves.ErrorReportValve.invoke(ErrorReportValve.java:93) ~[tomcat-embed-core-10.1.36.jar:10.1.36]
	at org.apache.catalina.core.StandardEngineValve.invoke(StandardEngineValve.java:74) ~[tomcat-embed-core-10.1.36.jar:10.1.36]
	at org.apache.catalina.connector.CoyoteAdapter.service(CoyoteAdapter.java:344) ~[tomcat-embed-core-10.1.36.jar:10.1.36]
	at org.apache.coyote.http11.Http11Processor.service(Http11Processor.java:397) ~[tomcat-embed-core-10.1.36.jar:10.1.36]
	at org.apache.coyote.AbstractProcessorLight.process(AbstractProcessorLight.java:63) ~[tomcat-embed-core-10.1.36.jar:10.1.36]
	at org.apache.coyote.AbstractProtocol$ConnectionHandler.process(AbstractProtocol.java:905) ~[tomcat-embed-core-10.1.36.jar:10.1.36]
	at org.apache.tomcat.util.net.NioEndpoint$SocketProcessor.doRun(NioEndpoint.java:1743) ~[tomcat-embed-core-10.1.36.jar:10.1.36]
	at org.apache.tomcat.util.net.SocketProcessorBase.run(SocketProcessorBase.java:52) ~[tomcat-embed-core-10.1.36.jar:10.1.36]
	at org.apache.tomcat.util.threads.ThreadPoolExecutor.runWorker(ThreadPoolExecutor.java:1190) ~[tomcat-embed-core-10.1.36.jar:10.1.36]
	at org.apache.tomcat.util.threads.ThreadPoolExecutor$Worker.run(ThreadPoolExecutor.java:659) ~[tomcat-embed-core-10.1.36.jar:10.1.36]
	at org.apache.tomcat.util.threads.TaskThread$WrappingRunnable.run(TaskThread.java:63) ~[tomcat-embed-core-10.1.36.jar:10.1.36]
	at java.base/java.lang.Thread.run(Thread.java:1570) ~[na:na]

2025-03-18T13:49:06.740+05:30  INFO 18808 --- [File Watcher] rtingClassPathChangeChangedEventListener : Restarting due to 1 class path change (0 additions, 1 deletion, 0 modifications)
2025-03-18T13:49:06.789+05:30  INFO 18808 --- [org.springframework.amqp.rabbit.RabbitListenerEndpointContainer#0-2] o.s.a.r.l.SimpleMessageListenerContainer : Waiting for workers to finish.
2025-03-18T13:49:07.334+05:30  INFO 18808 --- [org.springframework.amqp.rabbit.RabbitListenerEndpointContainer#0-2] o.s.a.r.l.SimpleMessageListenerContainer : Successfully waited for workers to finish.
2025-03-18T13:49:07.344+05:30  INFO 18808 --- [Thread-5] o.s.b.w.e.tomcat.GracefulShutdown        : Commencing graceful shutdown. Waiting for active requests to complete
2025-03-18T13:49:07.357+05:30  INFO 18808 --- [tomcat-shutdown] o.s.b.w.e.tomcat.GracefulShutdown        : Graceful shutdown complete
2025-03-18T13:49:07.423+05:30  INFO 18808 --- [Thread-5] j.LocalContainerEntityManagerFactoryBean : Closing JPA EntityManagerFactory for persistence unit 'default'
2025-03-18T13:49:07.446+05:30  INFO 18808 --- [Thread-5] com.zaxxer.hikari.HikariDataSource       : HikariPool-1 - Shutdown initiated...
2025-03-18T13:49:07.480+05:30  INFO 18808 --- [Thread-5] com.zaxxer.hikari.HikariDataSource       : HikariPool-1 - Shutdown completed.
2025-03-18T13:49:07.959+05:30  INFO 18808 --- [restartedMain] c.e.A.AddressBookManagementApplication   : Starting AddressBookManagementApplication using Java 22 with PID 18808 (C:\Users\SHIVA SHUKLA\Desktop\SpringBoot BridgeLabz\AddressBookManagement-main\target\classes started by root in C:\Users\SHIVA SHUKLA\Desktop\SpringBoot BridgeLabz\AddressBookManagement-main)
2025-03-18T13:49:07.960+05:30 DEBUG 18808 --- [restartedMain] c.e.A.AddressBookManagementApplication   : Running with Spring Boot v3.4.3, Spring v6.2.3
2025-03-18T13:49:07.976+05:30  INFO 18808 --- [restartedMain] c.e.A.AddressBookManagementApplication   : No active profile set, falling back to 1 default profile: "default"
2025-03-18T13:49:08.751+05:30  INFO 18808 --- [restartedMain] .s.d.r.c.RepositoryConfigurationDelegate : Multiple Spring Data modules found, entering strict repository configuration mode
2025-03-18T13:49:08.751+05:30  INFO 18808 --- [restartedMain] .s.d.r.c.RepositoryConfigurationDelegate : Bootstrapping Spring Data JPA repositories in DEFAULT mode.
2025-03-18T13:49:08.784+05:30  INFO 18808 --- [restartedMain] .s.d.r.c.RepositoryConfigurationDelegate : Finished Spring Data repository scanning in 30 ms. Found 2 JPA repository interfaces.
2025-03-18T13:49:08.794+05:30  INFO 18808 --- [restartedMain] .s.d.r.c.RepositoryConfigurationDelegate : Multiple Spring Data modules found, entering strict repository configuration mode
2025-03-18T13:49:08.794+05:30  INFO 18808 --- [restartedMain] .s.d.r.c.RepositoryConfigurationDelegate : Bootstrapping Spring Data Redis repositories in DEFAULT mode.
2025-03-18T13:49:08.804+05:30  INFO 18808 --- [restartedMain] .RepositoryConfigurationExtensionSupport : Spring Data Redis - Could not safely identify store assignment for repository candidate interface com.example.AddressBookManagement.repository.AddressRepository; If you want this repository to be a Redis repository, consider annotating your entities with one of these annotations: org.springframework.data.redis.core.RedisHash (preferred), or consider extending one of the following types with your repository: org.springframework.data.keyvalue.repository.KeyValueRepository
2025-03-18T13:49:08.805+05:30  INFO 18808 --- [restartedMain] .RepositoryConfigurationExtensionSupport : Spring Data Redis - Could not safely identify store assignment for repository candidate interface com.example.AddressBookManagement.repository.AuthUserRepository; If you want this repository to be a Redis repository, consider annotating your entities with one of these annotations: org.springframework.data.redis.core.RedisHash (preferred), or consider extending one of the following types with your repository: org.springframework.data.keyvalue.repository.KeyValueRepository
2025-03-18T13:49:08.806+05:30  INFO 18808 --- [restartedMain] .s.d.r.c.RepositoryConfigurationDelegate : Finished Spring Data repository scanning in 9 ms. Found 0 Redis repository interfaces.
2025-03-18T13:49:09.517+05:30  INFO 18808 --- [restartedMain] o.s.b.w.embedded.tomcat.TomcatWebServer  : Tomcat initialized with port 8080 (http)
2025-03-18T13:49:09.531+05:30  INFO 18808 --- [restartedMain] o.apache.catalina.core.StandardService   : Starting service [Tomcat]
2025-03-18T13:49:09.536+05:30  INFO 18808 --- [restartedMain] o.apache.catalina.core.StandardEngine    : Starting Servlet engine: [Apache Tomcat/10.1.36]
2025-03-18T13:49:09.688+05:30  INFO 18808 --- [restartedMain] o.a.c.c.C.[Tomcat].[localhost].[/]       : Initializing Spring embedded WebApplicationContext
2025-03-18T13:49:09.689+05:30  INFO 18808 --- [restartedMain] w.s.c.ServletWebServerApplicationContext : Root WebApplicationContext: initialization completed in 1700 ms
2025-03-18T13:49:09.910+05:30  INFO 18808 --- [restartedMain] o.hibernate.jpa.internal.util.LogHelper  : HHH000204: Processing PersistenceUnitInfo [name: default]
2025-03-18T13:49:09.922+05:30  INFO 18808 --- [restartedMain] o.h.c.internal.RegionFactoryInitiator    : HHH000026: Second-level cache disabled
2025-03-18T13:49:09.953+05:30  INFO 18808 --- [restartedMain] o.s.o.j.p.SpringPersistenceUnitInfo      : No LoadTimeWeaver setup: ignoring JPA class transformer
2025-03-18T13:49:09.955+05:30  INFO 18808 --- [restartedMain] com.zaxxer.hikari.HikariDataSource       : HikariPool-2 - Starting...
2025-03-18T13:49:09.976+05:30  INFO 18808 --- [restartedMain] com.zaxxer.hikari.pool.HikariPool        : HikariPool-2 - Added connection com.mysql.cj.jdbc.ConnectionImpl@5f9c373c
2025-03-18T13:49:09.976+05:30  INFO 18808 --- [restartedMain] com.zaxxer.hikari.HikariDataSource       : HikariPool-2 - Start completed.
2025-03-18T13:49:09.978+05:30  WARN 18808 --- [restartedMain] org.hibernate.orm.deprecation            : HHH90000025: MySQL8Dialect does not need to be specified explicitly using 'hibernate.dialect' (remove the property setting and it will be selected by default)
2025-03-18T13:49:09.978+05:30  WARN 18808 --- [restartedMain] org.hibernate.orm.deprecation            : HHH90000026: MySQL8Dialect has been deprecated; use org.hibernate.dialect.MySQLDialect instead
2025-03-18T13:49:09.979+05:30  INFO 18808 --- [restartedMain] org.hibernate.orm.connections.pooling    : HHH10001005: Database info:
	Database JDBC URL [Connecting through datasource 'HikariDataSource (HikariPool-2)']
	Database driver: undefined/unknown
	Database version: 8.0
	Autocommit mode: undefined/unknown
	Isolation level: undefined/unknown
	Minimum pool size: undefined/unknown
	Maximum pool size: undefined/unknown
2025-03-18T13:49:10.136+05:30  INFO 18808 --- [restartedMain] o.h.e.t.j.p.i.JtaPlatformInitiator       : HHH000489: No JTA platform available (set 'hibernate.transaction.jta.platform' to enable JTA platform integration)
2025-03-18T13:49:10.209+05:30  INFO 18808 --- [restartedMain] j.LocalContainerEntityManagerFactoryBean : Initialized JPA EntityManagerFactory for persistence unit 'default'
2025-03-18T13:49:10.343+05:30  WARN 18808 --- [restartedMain] .s.s.UserDetailsServiceAutoConfiguration : 

Using generated security password: 5734bf16-7e70-4906-99b3-b2c5801e76c9

This generated password is for development use only. Your security configuration must be updated before running your application in production.

2025-03-18T13:49:10.362+05:30 DEBUG 18808 --- [restartedMain] c.e.A.security.JwtRequestFilter          : Filter 'jwtRequestFilter' configured for use
2025-03-18T13:49:10.655+05:30  WARN 18808 --- [restartedMain] JpaBaseConfiguration$JpaWebConfiguration : spring.jpa.open-in-view is enabled by default. Therefore, database queries may be performed during view rendering. Explicitly configure spring.jpa.open-in-view to disable this warning
2025-03-18T13:49:10.678+05:30  INFO 18808 --- [restartedMain] r$InitializeUserDetailsManagerConfigurer : Global AuthenticationManager configured with UserDetailsService bean with name inMemoryUserDetailsManager
2025-03-18T13:49:11.166+05:30  INFO 18808 --- [restartedMain] o.s.b.d.a.OptionalLiveReloadServer       : LiveReload server is running on port 35729
2025-03-18T13:49:11.214+05:30  INFO 18808 --- [restartedMain] o.s.b.w.embedded.tomcat.TomcatWebServer  : Tomcat started on port 8080 (http) with context path '/'
2025-03-18T13:49:11.217+05:30  INFO 18808 --- [restartedMain] o.s.a.r.c.CachingConnectionFactory       : Attempting to connect to: [localhost:5672]
2025-03-18T13:49:11.254+05:30  INFO 18808 --- [restartedMain] o.s.a.r.c.CachingConnectionFactory       : Created new connection: rabbitConnectionFactory#506035d9:0/SimpleConnection@7fd24e7a [delegate=amqp://guest@127.0.0.1:5672/, localPort=59453]
2025-03-18T13:49:11.306+05:30  INFO 18808 --- [restartedMain] c.e.A.AddressBookManagementApplication   : Started AddressBookManagementApplication in 3.562 seconds (process running for 2664.974)
2025-03-18T13:49:11.310+05:30  INFO 18808 --- [restartedMain] .ConditionEvaluationDeltaLoggingListener : Condition evaluation unchanged
2025-03-18T13:49:14.037+05:30  INFO 18808 --- [File Watcher] rtingClassPathChangeChangedEventListener : Restarting due to 1 class path change (1 addition, 0 deletions, 0 modifications)
2025-03-18T13:49:14.050+05:30  INFO 18808 --- [org.springframework.amqp.rabbit.RabbitListenerEndpointContainer#0-2] o.s.a.r.l.SimpleMessageListenerContainer : Waiting for workers to finish.
2025-03-18T13:49:14.311+05:30  INFO 18808 --- [org.springframework.amqp.rabbit.RabbitListenerEndpointContainer#0-2] o.s.a.r.l.SimpleMessageListenerContainer : Successfully waited for workers to finish.
2025-03-18T13:49:14.312+05:30  INFO 18808 --- [Thread-7] o.s.b.w.e.tomcat.GracefulShutdown        : Commencing graceful shutdown. Waiting for active requests to complete
2025-03-18T13:49:14.321+05:30  INFO 18808 --- [tomcat-shutdown] o.s.b.w.e.tomcat.GracefulShutdown        : Graceful shutdown complete
2025-03-18T13:49:14.331+05:30  INFO 18808 --- [Thread-7] j.LocalContainerEntityManagerFactoryBean : Closing JPA EntityManagerFactory for persistence unit 'default'
2025-03-18T13:49:14.334+05:30  INFO 18808 --- [Thread-7] com.zaxxer.hikari.HikariDataSource       : HikariPool-2 - Shutdown initiated...
2025-03-18T13:49:14.338+05:30  INFO 18808 --- [Thread-7] com.zaxxer.hikari.HikariDataSource       : HikariPool-2 - Shutdown completed.
2025-03-18T13:49:14.505+05:30  INFO 18808 --- [restartedMain] c.e.A.AddressBookManagementApplication   : Starting AddressBookManagementApplication using Java 22 with PID 18808 (C:\Users\SHIVA SHUKLA\Desktop\SpringBoot BridgeLabz\AddressBookManagement-main\target\classes started by root in C:\Users\SHIVA SHUKLA\Desktop\SpringBoot BridgeLabz\AddressBookManagement-main)
2025-03-18T13:49:14.506+05:30 DEBUG 18808 --- [restartedMain] c.e.A.AddressBookManagementApplication   : Running with Spring Boot v3.4.3, Spring v6.2.3
2025-03-18T13:49:14.506+05:30  INFO 18808 --- [restartedMain] c.e.A.AddressBookManagementApplication   : No active profile set, falling back to 1 default profile: "default"
2025-03-18T13:49:14.973+05:30  INFO 18808 --- [restartedMain] .s.d.r.c.RepositoryConfigurationDelegate : Multiple Spring Data modules found, entering strict repository configuration mode
2025-03-18T13:49:14.973+05:30  INFO 18808 --- [restartedMain] .s.d.r.c.RepositoryConfigurationDelegate : Bootstrapping Spring Data JPA repositories in DEFAULT mode.
2025-03-18T13:49:15.033+05:30  INFO 18808 --- [restartedMain] .s.d.r.c.RepositoryConfigurationDelegate : Finished Spring Data repository scanning in 57 ms. Found 2 JPA repository interfaces.
2025-03-18T13:49:15.044+05:30  INFO 18808 --- [restartedMain] .s.d.r.c.RepositoryConfigurationDelegate : Multiple Spring Data modules found, entering strict repository configuration mode
2025-03-18T13:49:15.044+05:30  INFO 18808 --- [restartedMain] .s.d.r.c.RepositoryConfigurationDelegate : Bootstrapping Spring Data Redis repositories in DEFAULT mode.
2025-03-18T13:49:15.066+05:30  INFO 18808 --- [restartedMain] .RepositoryConfigurationExtensionSupport : Spring Data Redis - Could not safely identify store assignment for repository candidate interface com.example.AddressBookManagement.repository.AddressRepository; If you want this repository to be a Redis repository, consider annotating your entities with one of these annotations: org.springframework.data.redis.core.RedisHash (preferred), or consider extending one of the following types with your repository: org.springframework.data.keyvalue.repository.KeyValueRepository
2025-03-18T13:49:15.067+05:30  INFO 18808 --- [restartedMain] .RepositoryConfigurationExtensionSupport : Spring Data Redis - Could not safely identify store assignment for repository candidate interface com.example.AddressBookManagement.repository.AuthUserRepository; If you want this repository to be a Redis repository, consider annotating your entities with one of these annotations: org.springframework.data.redis.core.RedisHash (preferred), or consider extending one of the following types with your repository: org.springframework.data.keyvalue.repository.KeyValueRepository
2025-03-18T13:49:15.068+05:30  INFO 18808 --- [restartedMain] .s.d.r.c.RepositoryConfigurationDelegate : Finished Spring Data repository scanning in 16 ms. Found 0 Redis repository interfaces.
2025-03-18T13:49:15.506+05:30  INFO 18808 --- [restartedMain] o.s.b.w.embedded.tomcat.TomcatWebServer  : Tomcat initialized with port 8080 (http)
2025-03-18T13:49:15.507+05:30  INFO 18808 --- [restartedMain] o.apache.catalina.core.StandardService   : Starting service [Tomcat]
2025-03-18T13:49:15.507+05:30  INFO 18808 --- [restartedMain] o.apache.catalina.core.StandardEngine    : Starting Servlet engine: [Apache Tomcat/10.1.36]
2025-03-18T13:49:15.564+05:30  INFO 18808 --- [restartedMain] o.a.c.c.C.[Tomcat].[localhost].[/]       : Initializing Spring embedded WebApplicationContext
2025-03-18T13:49:15.565+05:30  INFO 18808 --- [restartedMain] w.s.c.ServletWebServerApplicationContext : Root WebApplicationContext: initialization completed in 1056 ms
2025-03-18T13:49:15.689+05:30  INFO 18808 --- [restartedMain] o.hibernate.jpa.internal.util.LogHelper  : HHH000204: Processing PersistenceUnitInfo [name: default]
2025-03-18T13:49:15.694+05:30  INFO 18808 --- [restartedMain] o.h.c.internal.RegionFactoryInitiator    : HHH000026: Second-level cache disabled
2025-03-18T13:49:15.727+05:30  INFO 18808 --- [restartedMain] o.s.o.j.p.SpringPersistenceUnitInfo      : No LoadTimeWeaver setup: ignoring JPA class transformer
2025-03-18T13:49:15.733+05:30  INFO 18808 --- [restartedMain] com.zaxxer.hikari.HikariDataSource       : HikariPool-3 - Starting...
2025-03-18T13:49:15.743+05:30  INFO 18808 --- [restartedMain] com.zaxxer.hikari.pool.HikariPool        : HikariPool-3 - Added connection com.mysql.cj.jdbc.ConnectionImpl@71058aa3
2025-03-18T13:49:15.744+05:30  INFO 18808 --- [restartedMain] com.zaxxer.hikari.HikariDataSource       : HikariPool-3 - Start completed.
2025-03-18T13:49:15.746+05:30  WARN 18808 --- [restartedMain] org.hibernate.orm.deprecation            : HHH90000025: MySQL8Dialect does not need to be specified explicitly using 'hibernate.dialect' (remove the property setting and it will be selected by default)
2025-03-18T13:49:15.747+05:30  WARN 18808 --- [restartedMain] org.hibernate.orm.deprecation            : HHH90000026: MySQL8Dialect has been deprecated; use org.hibernate.dialect.MySQLDialect instead
2025-03-18T13:49:15.748+05:30  INFO 18808 --- [restartedMain] org.hibernate.orm.connections.pooling    : HHH10001005: Database info:
	Database JDBC URL [Connecting through datasource 'HikariDataSource (HikariPool-3)']
	Database driver: undefined/unknown
	Database version: 8.0
	Autocommit mode: undefined/unknown
	Isolation level: undefined/unknown
	Minimum pool size: undefined/unknown
	Maximum pool size: undefined/unknown
2025-03-18T13:49:15.975+05:30  INFO 18808 --- [restartedMain] o.h.e.t.j.p.i.JtaPlatformInitiator       : HHH000489: No JTA platform available (set 'hibernate.transaction.jta.platform' to enable JTA platform integration)
2025-03-18T13:49:16.006+05:30  INFO 18808 --- [restartedMain] j.LocalContainerEntityManagerFactoryBean : Initialized JPA EntityManagerFactory for persistence unit 'default'
2025-03-18T13:49:16.129+05:30  WARN 18808 --- [restartedMain] .s.s.UserDetailsServiceAutoConfiguration : 

Using generated security password: 51cd8808-33b2-4c70-a5f5-1b4590703b2d

This generated password is for development use only. Your security configuration must be updated before running your application in production.

2025-03-18T13:49:16.141+05:30 DEBUG 18808 --- [restartedMain] c.e.A.security.JwtRequestFilter          : Filter 'jwtRequestFilter' configured for use
2025-03-18T13:49:16.388+05:30  WARN 18808 --- [restartedMain] JpaBaseConfiguration$JpaWebConfiguration : spring.jpa.open-in-view is enabled by default. Therefore, database queries may be performed during view rendering. Explicitly configure spring.jpa.open-in-view to disable this warning
2025-03-18T13:49:16.416+05:30  INFO 18808 --- [restartedMain] r$InitializeUserDetailsManagerConfigurer : Global AuthenticationManager configured with UserDetailsService bean with name inMemoryUserDetailsManager
2025-03-18T13:49:16.786+05:30  INFO 18808 --- [restartedMain] o.s.b.d.a.OptionalLiveReloadServer       : LiveReload server is running on port 35729
2025-03-18T13:49:16.802+05:30  INFO 18808 --- [restartedMain] o.s.b.w.embedded.tomcat.TomcatWebServer  : Tomcat started on port 8080 (http) with context path '/'
2025-03-18T13:49:16.804+05:30  INFO 18808 --- [restartedMain] o.s.a.r.c.CachingConnectionFactory       : Attempting to connect to: [localhost:5672]
2025-03-18T13:49:16.820+05:30  INFO 18808 --- [restartedMain] o.s.a.r.c.CachingConnectionFactory       : Created new connection: rabbitConnectionFactory#6334a541:0/SimpleConnection@6d725867 [delegate=amqp://guest@127.0.0.1:5672/, localPort=59467]
2025-03-18T13:49:16.846+05:30  INFO 18808 --- [restartedMain] c.e.A.AddressBookManagementApplication   : Started AddressBookManagementApplication in 2.399 seconds (process running for 2670.514)
2025-03-18T13:49:16.848+05:30  INFO 18808 --- [restartedMain] .ConditionEvaluationDeltaLoggingListener : Condition evaluation unchanged
2025-03-18T14:04:17.765+05:30  INFO 18808 --- [org.springframework.amqp.rabbit.RabbitListenerEndpointContainer#0-2] o.s.a.r.l.SimpleMessageListenerContainer : Waiting for workers to finish.
2025-03-18T14:04:18.141+05:30  INFO 18808 --- [org.springframework.amqp.rabbit.RabbitListenerEndpointContainer#0-2] o.s.a.r.l.SimpleMessageListenerContainer : Successfully waited for workers to finish.
2025-03-18T14:04:18.142+05:30  INFO 18808 --- [SpringApplicationShutdownHook] o.s.b.w.e.tomcat.GracefulShutdown        : Commencing graceful shutdown. Waiting for active requests to complete
2025-03-18T14:04:18.168+05:30  INFO 18808 --- [tomcat-shutdown] o.s.b.w.e.tomcat.GracefulShutdown        : Graceful shutdown complete
2025-03-18T14:04:18.195+05:30  INFO 18808 --- [SpringApplicationShutdownHook] j.LocalContainerEntityManagerFactoryBean : Closing JPA EntityManagerFactory for persistence unit 'default'
2025-03-18T14:04:18.217+05:30  INFO 18808 --- [SpringApplicationShutdownHook] com.zaxxer.hikari.HikariDataSource       : HikariPool-3 - Shutdown initiated...
2025-03-18T14:04:18.230+05:30  INFO 18808 --- [SpringApplicationShutdownHook] com.zaxxer.hikari.HikariDataSource       : HikariPool-3 - Shutdown completed.
2025-03-18T14:04:26.350+05:30  INFO 13148 --- [restartedMain] c.e.A.AddressBookManagementApplication   : Starting AddressBookManagementApplication using Java 22 with PID 13148 (C:\Users\SHIVA SHUKLA\Desktop\SpringBoot BridgeLabz\AddressBookManagement-main\target\classes started by root in C:\Users\SHIVA SHUKLA\Desktop\SpringBoot BridgeLabz\AddressBookManagement-main)
2025-03-18T14:04:26.353+05:30 DEBUG 13148 --- [restartedMain] c.e.A.AddressBookManagementApplication   : Running with Spring Boot v3.4.3, Spring v6.2.3
2025-03-18T14:04:26.354+05:30  INFO 13148 --- [restartedMain] c.e.A.AddressBookManagementApplication   : No active profile set, falling back to 1 default profile: "default"
2025-03-18T14:04:26.459+05:30  INFO 13148 --- [restartedMain] .e.DevToolsPropertyDefaultsPostProcessor : Devtools property defaults active! Set 'spring.devtools.add-properties' to 'false' to disable
2025-03-18T14:04:26.459+05:30  INFO 13148 --- [restartedMain] .e.DevToolsPropertyDefaultsPostProcessor : For additional web related logging consider setting the 'logging.level.web' property to 'DEBUG'
2025-03-18T14:04:28.544+05:30  INFO 13148 --- [restartedMain] .s.d.r.c.RepositoryConfigurationDelegate : Multiple Spring Data modules found, entering strict repository configuration mode
2025-03-18T14:04:28.548+05:30  INFO 13148 --- [restartedMain] .s.d.r.c.RepositoryConfigurationDelegate : Bootstrapping Spring Data JPA repositories in DEFAULT mode.
2025-03-18T14:04:28.813+05:30  INFO 13148 --- [restartedMain] .s.d.r.c.RepositoryConfigurationDelegate : Finished Spring Data repository scanning in 251 ms. Found 2 JPA repository interfaces.
2025-03-18T14:04:28.854+05:30  INFO 13148 --- [restartedMain] .s.d.r.c.RepositoryConfigurationDelegate : Multiple Spring Data modules found, entering strict repository configuration mode
2025-03-18T14:04:28.856+05:30  INFO 13148 --- [restartedMain] .s.d.r.c.RepositoryConfigurationDelegate : Bootstrapping Spring Data Redis repositories in DEFAULT mode.
2025-03-18T14:04:28.884+05:30  INFO 13148 --- [restartedMain] .RepositoryConfigurationExtensionSupport : Spring Data Redis - Could not safely identify store assignment for repository candidate interface com.example.AddressBookManagement.repository.AddressRepository; If you want this repository to be a Redis repository, consider annotating your entities with one of these annotations: org.springframework.data.redis.core.RedisHash (preferred), or consider extending one of the following types with your repository: org.springframework.data.keyvalue.repository.KeyValueRepository
2025-03-18T14:04:28.886+05:30  INFO 13148 --- [restartedMain] .RepositoryConfigurationExtensionSupport : Spring Data Redis - Could not safely identify store assignment for repository candidate interface com.example.AddressBookManagement.repository.AuthUserRepository; If you want this repository to be a Redis repository, consider annotating your entities with one of these annotations: org.springframework.data.redis.core.RedisHash (preferred), or consider extending one of the following types with your repository: org.springframework.data.keyvalue.repository.KeyValueRepository
2025-03-18T14:04:28.887+05:30  INFO 13148 --- [restartedMain] .s.d.r.c.RepositoryConfigurationDelegate : Finished Spring Data repository scanning in 12 ms. Found 0 Redis repository interfaces.
2025-03-18T14:04:30.641+05:30  INFO 13148 --- [restartedMain] o.s.b.w.embedded.tomcat.TomcatWebServer  : Tomcat initialized with port 8080 (http)
2025-03-18T14:04:30.667+05:30  INFO 13148 --- [restartedMain] o.apache.catalina.core.StandardService   : Starting service [Tomcat]
2025-03-18T14:04:30.668+05:30  INFO 13148 --- [restartedMain] o.apache.catalina.core.StandardEngine    : Starting Servlet engine: [Apache Tomcat/10.1.36]
2025-03-18T14:04:30.758+05:30  INFO 13148 --- [restartedMain] o.a.c.c.C.[Tomcat].[localhost].[/]       : Initializing Spring embedded WebApplicationContext
2025-03-18T14:04:30.758+05:30  INFO 13148 --- [restartedMain] w.s.c.ServletWebServerApplicationContext : Root WebApplicationContext: initialization completed in 4298 ms
2025-03-18T14:04:31.407+05:30  INFO 13148 --- [restartedMain] o.hibernate.jpa.internal.util.LogHelper  : HHH000204: Processing PersistenceUnitInfo [name: default]
2025-03-18T14:04:31.522+05:30  INFO 13148 --- [restartedMain] org.hibernate.Version                    : HHH000412: Hibernate ORM core version 6.6.8.Final
2025-03-18T14:04:31.599+05:30  INFO 13148 --- [restartedMain] o.h.c.internal.RegionFactoryInitiator    : HHH000026: Second-level cache disabled
2025-03-18T14:04:32.097+05:30  INFO 13148 --- [restartedMain] o.s.o.j.p.SpringPersistenceUnitInfo      : No LoadTimeWeaver setup: ignoring JPA class transformer
2025-03-18T14:04:32.157+05:30  INFO 13148 --- [restartedMain] com.zaxxer.hikari.HikariDataSource       : HikariPool-1 - Starting...
2025-03-18T14:04:32.425+05:30  INFO 13148 --- [restartedMain] com.zaxxer.hikari.pool.HikariPool        : HikariPool-1 - Added connection com.mysql.cj.jdbc.ConnectionImpl@6c803dd7
2025-03-18T14:04:32.427+05:30  INFO 13148 --- [restartedMain] com.zaxxer.hikari.HikariDataSource       : HikariPool-1 - Start completed.
2025-03-18T14:04:32.495+05:30  WARN 13148 --- [restartedMain] org.hibernate.orm.deprecation            : HHH90000025: MySQL8Dialect does not need to be specified explicitly using 'hibernate.dialect' (remove the property setting and it will be selected by default)
2025-03-18T14:04:32.498+05:30  WARN 13148 --- [restartedMain] org.hibernate.orm.deprecation            : HHH90000026: MySQL8Dialect has been deprecated; use org.hibernate.dialect.MySQLDialect instead
2025-03-18T14:04:32.526+05:30  INFO 13148 --- [restartedMain] org.hibernate.orm.connections.pooling    : HHH10001005: Database info:
	Database JDBC URL [Connecting through datasource 'HikariDataSource (HikariPool-1)']
	Database driver: undefined/unknown
	Database version: 8.0
	Autocommit mode: undefined/unknown
	Isolation level: undefined/unknown
	Minimum pool size: undefined/unknown
	Maximum pool size: undefined/unknown
2025-03-18T14:04:33.800+05:30  INFO 13148 --- [restartedMain] o.h.e.t.j.p.i.JtaPlatformInitiator       : HHH000489: No JTA platform available (set 'hibernate.transaction.jta.platform' to enable JTA platform integration)
2025-03-18T14:04:33.865+05:30  INFO 13148 --- [restartedMain] j.LocalContainerEntityManagerFactoryBean : Initialized JPA EntityManagerFactory for persistence unit 'default'
2025-03-18T14:04:34.373+05:30  WARN 13148 --- [restartedMain] .s.s.UserDetailsServiceAutoConfiguration : 

Using generated security password: b22d1598-94a9-4466-895b-7bf9158f628b

This generated password is for development use only. Your security configuration must be updated before running your application in production.

2025-03-18T14:04:34.480+05:30 DEBUG 13148 --- [restartedMain] c.e.A.security.JwtRequestFilter          : Filter 'jwtRequestFilter' configured for use
2025-03-18T14:04:35.316+05:30  WARN 13148 --- [restartedMain] JpaBaseConfiguration$JpaWebConfiguration : spring.jpa.open-in-view is enabled by default. Therefore, database queries may be performed during view rendering. Explicitly configure spring.jpa.open-in-view to disable this warning
2025-03-18T14:04:35.393+05:30  INFO 13148 --- [restartedMain] r$InitializeUserDetailsManagerConfigurer : Global AuthenticationManager configured with UserDetailsService bean with name inMemoryUserDetailsManager
2025-03-18T14:04:36.854+05:30  INFO 13148 --- [restartedMain] o.s.b.d.a.OptionalLiveReloadServer       : LiveReload server is running on port 35729
2025-03-18T14:04:36.969+05:30  INFO 13148 --- [restartedMain] o.s.b.w.embedded.tomcat.TomcatWebServer  : Tomcat started on port 8080 (http) with context path '/'
2025-03-18T14:04:36.976+05:30  INFO 13148 --- [restartedMain] o.s.a.r.c.CachingConnectionFactory       : Attempting to connect to: [localhost:5672]
2025-03-18T14:04:37.084+05:30  INFO 13148 --- [restartedMain] o.s.a.r.c.CachingConnectionFactory       : Created new connection: rabbitConnectionFactory#75ceaec5:0/SimpleConnection@440f4de6 [delegate=amqp://guest@127.0.0.1:5672/, localPort=59700]
2025-03-18T14:04:37.226+05:30  INFO 13148 --- [restartedMain] c.e.A.AddressBookManagementApplication   : Started AddressBookManagementApplication in 11.9 seconds (process running for 13.006)
2025-03-18T14:07:03.625+05:30  INFO 13148 --- [http-nio-8080-exec-2] o.a.c.c.C.[Tomcat].[localhost].[/]       : Initializing Spring DispatcherServlet 'dispatcherServlet'
2025-03-18T14:07:03.629+05:30  INFO 13148 --- [http-nio-8080-exec-2] o.s.web.servlet.DispatcherServlet        : Initializing Servlet 'dispatcherServlet'
2025-03-18T14:07:03.637+05:30  INFO 13148 --- [http-nio-8080-exec-2] o.s.web.servlet.DispatcherServlet        : Completed initialization in 5 ms
2025-03-18T14:07:03.855+05:30 ERROR 13148 --- [http-nio-8080-exec-2] o.a.c.c.C.[.[.[/].[dispatcherServlet]    : Servlet.service() for servlet [dispatcherServlet] in context with path [] threw exception

io.jsonwebtoken.ExpiredJwtException: JWT expired at 2025-03-18T08:14:03Z. Current time: 2025-03-18T08:37:03Z, a difference of 1380851 milliseconds.  Allowed clock skew: 0 milliseconds.
	at io.jsonwebtoken.impl.DefaultJwtParser.parse(DefaultJwtParser.java:427) ~[jjwt-impl-0.11.5.jar:0.11.5]
	at io.jsonwebtoken.impl.DefaultJwtParser.parse(DefaultJwtParser.java:529) ~[jjwt-impl-0.11.5.jar:0.11.5]
	at io.jsonwebtoken.impl.DefaultJwtParser.parseClaimsJws(DefaultJwtParser.java:589) ~[jjwt-impl-0.11.5.jar:0.11.5]
	at io.jsonwebtoken.impl.ImmutableJwtParser.parseClaimsJws(ImmutableJwtParser.java:173) ~[jjwt-impl-0.11.5.jar:0.11.5]
	at com.example.AddressBookManagement.Utils.JwtUtil.extractEmail(JwtUtil.java:37) ~[classes/:na]
	at com.example.AddressBookManagement.security.JwtRequestFilter.doFilterInternal(JwtRequestFilter.java:44) ~[classes/:na]
	at org.springframework.web.filter.OncePerRequestFilter.doFilter(OncePerRequestFilter.java:116) ~[spring-web-6.2.3.jar:6.2.3]
	at org.apache.catalina.core.ApplicationFilterChain.internalDoFilter(ApplicationFilterChain.java:164) ~[tomcat-embed-core-10.1.36.jar:10.1.36]
	at org.apache.catalina.core.ApplicationFilterChain.doFilter(ApplicationFilterChain.java:140) ~[tomcat-embed-core-10.1.36.jar:10.1.36]
	at org.springframework.web.filter.CompositeFilter$VirtualFilterChain.doFilter(CompositeFilter.java:108) ~[spring-web-6.2.3.jar:6.2.3]
	at org.springframework.security.web.FilterChainProxy.lambda$doFilterInternal$3(FilterChainProxy.java:231) ~[spring-security-web-6.4.3.jar:6.4.3]
	at org.springframework.security.web.FilterChainProxy$VirtualFilterChain.doFilter(FilterChainProxy.java:365) ~[spring-security-web-6.4.3.jar:6.4.3]
	at org.springframework.security.web.access.intercept.AuthorizationFilter.doFilter(AuthorizationFilter.java:101) ~[spring-security-web-6.4.3.jar:6.4.3]
	at org.springframework.security.web.FilterChainProxy$VirtualFilterChain.doFilter(FilterChainProxy.java:374) ~[spring-security-web-6.4.3.jar:6.4.3]
	at org.springframework.security.web.access.ExceptionTranslationFilter.doFilter(ExceptionTranslationFilter.java:126) ~[spring-security-web-6.4.3.jar:6.4.3]
	at org.springframework.security.web.access.ExceptionTranslationFilter.doFilter(ExceptionTranslationFilter.java:120) ~[spring-security-web-6.4.3.jar:6.4.3]
	at org.springframework.security.web.FilterChainProxy$VirtualFilterChain.doFilter(FilterChainProxy.java:374) ~[spring-security-web-6.4.3.jar:6.4.3]
	at org.springframework.security.web.authentication.AnonymousAuthenticationFilter.doFilter(AnonymousAuthenticationFilter.java:100) ~[spring-security-web-6.4.3.jar:6.4.3]
	at org.springframework.security.web.FilterChainProxy$VirtualFilterChain.doFilter(FilterChainProxy.java:374) ~[spring-security-web-6.4.3.jar:6.4.3]
	at org.springframework.security.web.servletapi.SecurityContextHolderAwareRequestFilter.doFilter(SecurityContextHolderAwareRequestFilter.java:179) ~[spring-security-web-6.4.3.jar:6.4.3]
	at org.springframework.security.web.FilterChainProxy$VirtualFilterChain.doFilter(FilterChainProxy.java:374) ~[spring-security-web-6.4.3.jar:6.4.3]
	at org.springframework.security.web.savedrequest.RequestCacheAwareFilter.doFilter(RequestCacheAwareFilter.java:63) ~[spring-security-web-6.4.3.jar:6.4.3]
	at org.springframework.security.web.FilterChainProxy$VirtualFilterChain.doFilter(FilterChainProxy.java:374) ~[spring-security-web-6.4.3.jar:6.4.3]
	at org.springframework.security.web.authentication.logout.LogoutFilter.doFilter(LogoutFilter.java:107) ~[spring-security-web-6.4.3.jar:6.4.3]
	at org.springframework.security.web.authentication.logout.LogoutFilter.doFilter(LogoutFilter.java:93) ~[spring-security-web-6.4.3.jar:6.4.3]
	at org.springframework.security.web.FilterChainProxy$VirtualFilterChain.doFilter(FilterChainProxy.java:374) ~[spring-security-web-6.4.3.jar:6.4.3]
	at org.springframework.security.web.header.HeaderWriterFilter.doHeadersAfter(HeaderWriterFilter.java:90) ~[spring-security-web-6.4.3.jar:6.4.3]
	at org.springframework.security.web.header.HeaderWriterFilter.doFilterInternal(HeaderWriterFilter.java:75) ~[spring-security-web-6.4.3.jar:6.4.3]
	at org.springframework.web.filter.OncePerRequestFilter.doFilter(OncePerRequestFilter.java:116) ~[spring-web-6.2.3.jar:6.2.3]
	at org.springframework.security.web.FilterChainProxy$VirtualFilterChain.doFilter(FilterChainProxy.java:374) ~[spring-security-web-6.4.3.jar:6.4.3]
	at org.springframework.security.web.context.SecurityContextHolderFilter.doFilter(SecurityContextHolderFilter.java:82) ~[spring-security-web-6.4.3.jar:6.4.3]
	at org.springframework.security.web.context.SecurityContextHolderFilter.doFilter(SecurityContextHolderFilter.java:69) ~[spring-security-web-6.4.3.jar:6.4.3]
	at org.springframework.security.web.FilterChainProxy$VirtualFilterChain.doFilter(FilterChainProxy.java:374) ~[spring-security-web-6.4.3.jar:6.4.3]
	at org.springframework.security.web.context.request.async.WebAsyncManagerIntegrationFilter.doFilterInternal(WebAsyncManagerIntegrationFilter.java:62) ~[spring-security-web-6.4.3.jar:6.4.3]
	at org.springframework.web.filter.OncePerRequestFilter.doFilter(OncePerRequestFilter.java:116) ~[spring-web-6.2.3.jar:6.2.3]
	at org.springframework.security.web.FilterChainProxy$VirtualFilterChain.doFilter(FilterChainProxy.java:374) ~[spring-security-web-6.4.3.jar:6.4.3]
	at org.springframework.security.web.session.DisableEncodeUrlFilter.doFilterInternal(DisableEncodeUrlFilter.java:42) ~[spring-security-web-6.4.3.jar:6.4.3]
	at org.springframework.web.filter.OncePerRequestFilter.doFilter(OncePerRequestFilter.java:116) ~[spring-web-6.2.3.jar:6.2.3]
	at org.springframework.security.web.FilterChainProxy$VirtualFilterChain.doFilter(FilterChainProxy.java:374) ~[spring-security-web-6.4.3.jar:6.4.3]
	at org.springframework.security.web.FilterChainProxy.doFilterInternal(FilterChainProxy.java:233) ~[spring-security-web-6.4.3.jar:6.4.3]
	at org.springframework.security.web.FilterChainProxy.doFilter(FilterChainProxy.java:191) ~[spring-security-web-6.4.3.jar:6.4.3]
	at org.springframework.web.filter.CompositeFilter$VirtualFilterChain.doFilter(CompositeFilter.java:113) ~[spring-web-6.2.3.jar:6.2.3]
	at org.springframework.web.servlet.handler.HandlerMappingIntrospector.lambda$createCacheFilter$3(HandlerMappingIntrospector.java:243) ~[spring-webmvc-6.2.3.jar:6.2.3]
	at org.springframework.web.filter.CompositeFilter$VirtualFilterChain.doFilter(CompositeFilter.java:113) ~[spring-web-6.2.3.jar:6.2.3]
	at org.springframework.web.filter.CompositeFilter.doFilter(CompositeFilter.java:74) ~[spring-web-6.2.3.jar:6.2.3]
	at org.springframework.security.config.annotation.web.configuration.WebMvcSecurityConfiguration$CompositeFilterChainProxy.doFilter(WebMvcSecurityConfiguration.java:238) ~[spring-security-config-6.4.3.jar:6.4.3]
	at org.springframework.web.filter.DelegatingFilterProxy.invokeDelegate(DelegatingFilterProxy.java:362) ~[spring-web-6.2.3.jar:6.2.3]
	at org.springframework.web.filter.DelegatingFilterProxy.doFilter(DelegatingFilterProxy.java:278) ~[spring-web-6.2.3.jar:6.2.3]
	at org.apache.catalina.core.ApplicationFilterChain.internalDoFilter(ApplicationFilterChain.java:164) ~[tomcat-embed-core-10.1.36.jar:10.1.36]
	at org.apache.catalina.core.ApplicationFilterChain.doFilter(ApplicationFilterChain.java:140) ~[tomcat-embed-core-10.1.36.jar:10.1.36]
	at org.springframework.web.filter.RequestContextFilter.doFilterInternal(RequestContextFilter.java:100) ~[spring-web-6.2.3.jar:6.2.3]
	at org.springframework.web.filter.OncePerRequestFilter.doFilter(OncePerRequestFilter.java:116) ~[spring-web-6.2.3.jar:6.2.3]
	at org.apache.catalina.core.ApplicationFilterChain.internalDoFilter(ApplicationFilterChain.java:164) ~[tomcat-embed-core-10.1.36.jar:10.1.36]
	at org.apache.catalina.core.ApplicationFilterChain.doFilter(ApplicationFilterChain.java:140) ~[tomcat-embed-core-10.1.36.jar:10.1.36]
	at org.springframework.web.filter.FormContentFilter.doFilterInternal(FormContentFilter.java:93) ~[spring-web-6.2.3.jar:6.2.3]
	at org.springframework.web.filter.OncePerRequestFilter.doFilter(OncePerRequestFilter.java:116) ~[spring-web-6.2.3.jar:6.2.3]
	at org.apache.catalina.core.ApplicationFilterChain.internalDoFilter(ApplicationFilterChain.java:164) ~[tomcat-embed-core-10.1.36.jar:10.1.36]
	at org.apache.catalina.core.ApplicationFilterChain.doFilter(ApplicationFilterChain.java:140) ~[tomcat-embed-core-10.1.36.jar:10.1.36]
	at org.springframework.web.filter.CharacterEncodingFilter.doFilterInternal(CharacterEncodingFilter.java:201) ~[spring-web-6.2.3.jar:6.2.3]
	at org.springframework.web.filter.OncePerRequestFilter.doFilter(OncePerRequestFilter.java:116) ~[spring-web-6.2.3.jar:6.2.3]
	at org.apache.catalina.core.ApplicationFilterChain.internalDoFilter(ApplicationFilterChain.java:164) ~[tomcat-embed-core-10.1.36.jar:10.1.36]
	at org.apache.catalina.core.ApplicationFilterChain.doFilter(ApplicationFilterChain.java:140) ~[tomcat-embed-core-10.1.36.jar:10.1.36]
	at org.apache.catalina.core.StandardWrapperValve.invoke(StandardWrapperValve.java:167) ~[tomcat-embed-core-10.1.36.jar:10.1.36]
	at org.apache.catalina.core.StandardContextValve.invoke(StandardContextValve.java:90) ~[tomcat-embed-core-10.1.36.jar:10.1.36]
	at org.apache.catalina.authenticator.AuthenticatorBase.invoke(AuthenticatorBase.java:483) ~[tomcat-embed-core-10.1.36.jar:10.1.36]
	at org.apache.catalina.core.StandardHostValve.invoke(StandardHostValve.java:115) ~[tomcat-embed-core-10.1.36.jar:10.1.36]
	at org.apache.catalina.valves.ErrorReportValve.invoke(ErrorReportValve.java:93) ~[tomcat-embed-core-10.1.36.jar:10.1.36]
	at org.apache.catalina.core.StandardEngineValve.invoke(StandardEngineValve.java:74) ~[tomcat-embed-core-10.1.36.jar:10.1.36]
	at org.apache.catalina.connector.CoyoteAdapter.service(CoyoteAdapter.java:344) ~[tomcat-embed-core-10.1.36.jar:10.1.36]
	at org.apache.coyote.http11.Http11Processor.service(Http11Processor.java:397) ~[tomcat-embed-core-10.1.36.jar:10.1.36]
	at org.apache.coyote.AbstractProcessorLight.process(AbstractProcessorLight.java:63) ~[tomcat-embed-core-10.1.36.jar:10.1.36]
	at org.apache.coyote.AbstractProtocol$ConnectionHandler.process(AbstractProtocol.java:905) ~[tomcat-embed-core-10.1.36.jar:10.1.36]
	at org.apache.tomcat.util.net.NioEndpoint$SocketProcessor.doRun(NioEndpoint.java:1743) ~[tomcat-embed-core-10.1.36.jar:10.1.36]
	at org.apache.tomcat.util.net.SocketProcessorBase.run(SocketProcessorBase.java:52) ~[tomcat-embed-core-10.1.36.jar:10.1.36]
	at org.apache.tomcat.util.threads.ThreadPoolExecutor.runWorker(ThreadPoolExecutor.java:1190) ~[tomcat-embed-core-10.1.36.jar:10.1.36]
	at org.apache.tomcat.util.threads.ThreadPoolExecutor$Worker.run(ThreadPoolExecutor.java:659) ~[tomcat-embed-core-10.1.36.jar:10.1.36]
	at org.apache.tomcat.util.threads.TaskThread$WrappingRunnable.run(TaskThread.java:63) ~[tomcat-embed-core-10.1.36.jar:10.1.36]
	at java.base/java.lang.Thread.run(Thread.java:1570) ~[na:na]

2025-03-18T14:10:54.174+05:30  INFO 13148 --- [http-nio-8080-exec-3] c.e.A.controller.AddressController       : Received request to fetch all addresses
2025-03-18T14:12:47.699+05:30  WARN 13148 --- [http-nio-8080-exec-6] .w.s.m.s.DefaultHandlerExceptionResolver : Resolved [org.springframework.web.bind.MissingRequestHeaderException: Required request header 'Authorization' for method parameter type String is not present]
2025-03-18T14:12:52.405+05:30  WARN 13148 --- [http-nio-8080-exec-8] .w.s.m.s.DefaultHandlerExceptionResolver : Resolved [org.springframework.web.bind.MissingRequestHeaderException: Required request header 'Authorization' for method parameter type String is not present]
2025-03-18T14:13:19.916+05:30  WARN 13148 --- [http-nio-8080-exec-10] .w.s.m.s.DefaultHandlerExceptionResolver : Resolved [org.springframework.web.bind.MissingRequestHeaderException: Required request header 'Authorization' for method parameter type String is not present]
2025-03-18T14:14:30.985+05:30  INFO 13148 --- [org.springframework.amqp.rabbit.RabbitListenerEndpointContainer#0-2] o.s.a.r.l.SimpleMessageListenerContainer : Waiting for workers to finish.
2025-03-18T14:14:31.102+05:30  INFO 13148 --- [org.springframework.amqp.rabbit.RabbitListenerEndpointContainer#0-2] o.s.a.r.l.SimpleMessageListenerContainer : Successfully waited for workers to finish.
2025-03-18T14:14:31.109+05:30  INFO 13148 --- [SpringApplicationShutdownHook] o.s.b.w.e.tomcat.GracefulShutdown        : Commencing graceful shutdown. Waiting for active requests to complete
2025-03-18T14:14:31.132+05:30  INFO 13148 --- [tomcat-shutdown] o.s.b.w.e.tomcat.GracefulShutdown        : Graceful shutdown complete
2025-03-18T14:14:31.226+05:30  INFO 13148 --- [SpringApplicationShutdownHook] j.LocalContainerEntityManagerFactoryBean : Closing JPA EntityManagerFactory for persistence unit 'default'
2025-03-18T14:14:31.239+05:30  INFO 13148 --- [SpringApplicationShutdownHook] com.zaxxer.hikari.HikariDataSource       : HikariPool-1 - Shutdown initiated...
2025-03-18T14:14:31.257+05:30  INFO 13148 --- [SpringApplicationShutdownHook] com.zaxxer.hikari.HikariDataSource       : HikariPool-1 - Shutdown completed.
2025-03-18T14:14:37.817+05:30  INFO 21804 --- [restartedMain] c.e.A.AddressBookManagementApplication   : Starting AddressBookManagementApplication using Java 22 with PID 21804 (C:\Users\SHIVA SHUKLA\Desktop\SpringBoot BridgeLabz\AddressBookManagement-main\target\classes started by root in C:\Users\SHIVA SHUKLA\Desktop\SpringBoot BridgeLabz\AddressBookManagement-main)
2025-03-18T14:14:37.821+05:30 DEBUG 21804 --- [restartedMain] c.e.A.AddressBookManagementApplication   : Running with Spring Boot v3.4.3, Spring v6.2.3
2025-03-18T14:14:37.822+05:30  INFO 21804 --- [restartedMain] c.e.A.AddressBookManagementApplication   : No active profile set, falling back to 1 default profile: "default"
2025-03-18T14:14:37.941+05:30  INFO 21804 --- [restartedMain] .e.DevToolsPropertyDefaultsPostProcessor : Devtools property defaults active! Set 'spring.devtools.add-properties' to 'false' to disable
2025-03-18T14:14:37.942+05:30  INFO 21804 --- [restartedMain] .e.DevToolsPropertyDefaultsPostProcessor : For additional web related logging consider setting the 'logging.level.web' property to 'DEBUG'
2025-03-18T14:14:39.854+05:30  INFO 21804 --- [restartedMain] .s.d.r.c.RepositoryConfigurationDelegate : Multiple Spring Data modules found, entering strict repository configuration mode
2025-03-18T14:14:39.857+05:30  INFO 21804 --- [restartedMain] .s.d.r.c.RepositoryConfigurationDelegate : Bootstrapping Spring Data JPA repositories in DEFAULT mode.
2025-03-18T14:14:40.079+05:30  INFO 21804 --- [restartedMain] .s.d.r.c.RepositoryConfigurationDelegate : Finished Spring Data repository scanning in 204 ms. Found 2 JPA repository interfaces.
2025-03-18T14:14:40.123+05:30  INFO 21804 --- [restartedMain] .s.d.r.c.RepositoryConfigurationDelegate : Multiple Spring Data modules found, entering strict repository configuration mode
2025-03-18T14:14:40.125+05:30  INFO 21804 --- [restartedMain] .s.d.r.c.RepositoryConfigurationDelegate : Bootstrapping Spring Data Redis repositories in DEFAULT mode.
2025-03-18T14:14:40.150+05:30  INFO 21804 --- [restartedMain] .RepositoryConfigurationExtensionSupport : Spring Data Redis - Could not safely identify store assignment for repository candidate interface com.example.AddressBookManagement.repository.AddressRepository; If you want this repository to be a Redis repository, consider annotating your entities with one of these annotations: org.springframework.data.redis.core.RedisHash (preferred), or consider extending one of the following types with your repository: org.springframework.data.keyvalue.repository.KeyValueRepository
2025-03-18T14:14:40.152+05:30  INFO 21804 --- [restartedMain] .RepositoryConfigurationExtensionSupport : Spring Data Redis - Could not safely identify store assignment for repository candidate interface com.example.AddressBookManagement.repository.AuthUserRepository; If you want this repository to be a Redis repository, consider annotating your entities with one of these annotations: org.springframework.data.redis.core.RedisHash (preferred), or consider extending one of the following types with your repository: org.springframework.data.keyvalue.repository.KeyValueRepository
2025-03-18T14:14:40.154+05:30  INFO 21804 --- [restartedMain] .s.d.r.c.RepositoryConfigurationDelegate : Finished Spring Data repository scanning in 13 ms. Found 0 Redis repository interfaces.
2025-03-18T14:14:41.566+05:30  INFO 21804 --- [restartedMain] o.s.b.w.embedded.tomcat.TomcatWebServer  : Tomcat initialized with port 8080 (http)
2025-03-18T14:14:41.595+05:30  INFO 21804 --- [restartedMain] o.apache.catalina.core.StandardService   : Starting service [Tomcat]
2025-03-18T14:14:41.595+05:30  INFO 21804 --- [restartedMain] o.apache.catalina.core.StandardEngine    : Starting Servlet engine: [Apache Tomcat/10.1.36]
2025-03-18T14:14:41.688+05:30  INFO 21804 --- [restartedMain] o.a.c.c.C.[Tomcat].[localhost].[/]       : Initializing Spring embedded WebApplicationContext
2025-03-18T14:14:41.688+05:30  INFO 21804 --- [restartedMain] w.s.c.ServletWebServerApplicationContext : Root WebApplicationContext: initialization completed in 3745 ms
2025-03-18T14:14:42.342+05:30  INFO 21804 --- [restartedMain] o.hibernate.jpa.internal.util.LogHelper  : HHH000204: Processing PersistenceUnitInfo [name: default]
2025-03-18T14:14:42.442+05:30  INFO 21804 --- [restartedMain] org.hibernate.Version                    : HHH000412: Hibernate ORM core version 6.6.8.Final
2025-03-18T14:14:42.496+05:30  INFO 21804 --- [restartedMain] o.h.c.internal.RegionFactoryInitiator    : HHH000026: Second-level cache disabled
2025-03-18T14:14:43.107+05:30  INFO 21804 --- [restartedMain] o.s.o.j.p.SpringPersistenceUnitInfo      : No LoadTimeWeaver setup: ignoring JPA class transformer
2025-03-18T14:14:43.144+05:30  INFO 21804 --- [restartedMain] com.zaxxer.hikari.HikariDataSource       : HikariPool-1 - Starting...
2025-03-18T14:14:43.381+05:30  INFO 21804 --- [restartedMain] com.zaxxer.hikari.pool.HikariPool        : HikariPool-1 - Added connection com.mysql.cj.jdbc.ConnectionImpl@ffa6238
2025-03-18T14:14:43.383+05:30  INFO 21804 --- [restartedMain] com.zaxxer.hikari.HikariDataSource       : HikariPool-1 - Start completed.
2025-03-18T14:14:43.448+05:30  WARN 21804 --- [restartedMain] org.hibernate.orm.deprecation            : HHH90000025: MySQL8Dialect does not need to be specified explicitly using 'hibernate.dialect' (remove the property setting and it will be selected by default)
2025-03-18T14:14:43.450+05:30  WARN 21804 --- [restartedMain] org.hibernate.orm.deprecation            : HHH90000026: MySQL8Dialect has been deprecated; use org.hibernate.dialect.MySQLDialect instead
2025-03-18T14:14:43.475+05:30  INFO 21804 --- [restartedMain] org.hibernate.orm.connections.pooling    : HHH10001005: Database info:
	Database JDBC URL [Connecting through datasource 'HikariDataSource (HikariPool-1)']
	Database driver: undefined/unknown
	Database version: 8.0
	Autocommit mode: undefined/unknown
	Isolation level: undefined/unknown
	Minimum pool size: undefined/unknown
	Maximum pool size: undefined/unknown
2025-03-18T14:14:45.216+05:30  INFO 21804 --- [restartedMain] o.h.e.t.j.p.i.JtaPlatformInitiator       : HHH000489: No JTA platform available (set 'hibernate.transaction.jta.platform' to enable JTA platform integration)
2025-03-18T14:14:45.316+05:30  INFO 21804 --- [restartedMain] j.LocalContainerEntityManagerFactoryBean : Initialized JPA EntityManagerFactory for persistence unit 'default'
2025-03-18T14:14:45.920+05:30  WARN 21804 --- [restartedMain] .s.s.UserDetailsServiceAutoConfiguration : 

Using generated security password: c460ac1c-467f-469d-ac2f-416b13825384

This generated password is for development use only. Your security configuration must be updated before running your application in production.

2025-03-18T14:14:46.015+05:30 DEBUG 21804 --- [restartedMain] c.e.A.security.JwtRequestFilter          : Filter 'jwtRequestFilter' configured for use
2025-03-18T14:14:47.733+05:30  WARN 21804 --- [restartedMain] JpaBaseConfiguration$JpaWebConfiguration : spring.jpa.open-in-view is enabled by default. Therefore, database queries may be performed during view rendering. Explicitly configure spring.jpa.open-in-view to disable this warning
2025-03-18T14:14:47.813+05:30  INFO 21804 --- [restartedMain] r$InitializeUserDetailsManagerConfigurer : Global AuthenticationManager configured with UserDetailsService bean with name inMemoryUserDetailsManager
2025-03-18T14:14:49.870+05:30  INFO 21804 --- [restartedMain] o.s.b.d.a.OptionalLiveReloadServer       : LiveReload server is running on port 35729
2025-03-18T14:14:50.065+05:30  INFO 21804 --- [restartedMain] o.s.b.w.embedded.tomcat.TomcatWebServer  : Tomcat started on port 8080 (http) with context path '/'
2025-03-18T14:14:50.076+05:30  INFO 21804 --- [restartedMain] o.s.a.r.c.CachingConnectionFactory       : Attempting to connect to: [localhost:5672]
2025-03-18T14:14:50.323+05:30  INFO 21804 --- [restartedMain] o.s.a.r.c.CachingConnectionFactory       : Created new connection: rabbitConnectionFactory#326dc6e0:0/SimpleConnection@65006d6a [delegate=amqp://guest@127.0.0.1:5672/, localPort=59947]
2025-03-18T14:14:50.577+05:30  INFO 21804 --- [restartedMain] c.e.A.AddressBookManagementApplication   : Started AddressBookManagementApplication in 13.693 seconds (process running for 14.598)
2025-03-18T14:16:01.832+05:30  INFO 21804 --- [http-nio-8080-exec-1] o.a.c.c.C.[Tomcat].[localhost].[/]       : Initializing Spring DispatcherServlet 'dispatcherServlet'
2025-03-18T14:16:01.833+05:30  INFO 21804 --- [http-nio-8080-exec-1] o.s.web.servlet.DispatcherServlet        : Initializing Servlet 'dispatcherServlet'
2025-03-18T14:16:01.839+05:30  INFO 21804 --- [http-nio-8080-exec-1] o.s.web.servlet.DispatcherServlet        : Completed initialization in 6 ms
2025-03-18T14:16:23.713+05:30  INFO 21804 --- [http-nio-8080-exec-2] c.e.A.controller.AddressController       : Received request to fetch all addresses
2025-03-18T14:16:39.114+05:30  INFO 21804 --- [http-nio-8080-exec-4] c.e.A.controller.AddressController       : Received request to create address: AddressDTO(name=Ayushi, phone= 7300939179, email=null, city=bareilly)
2025-03-18T14:16:39.116+05:30  INFO 21804 --- [http-nio-8080-exec-4] c.e.A.services.AddressServiceImpl        : Creating new address: AddressDTO(name=Ayushi, phone= 7300939179, email=null, city=bareilly)
2025-03-18T14:22:21.355+05:30  INFO 21804 --- [http-nio-8080-exec-6] o.springdoc.api.AbstractOpenApiResource  : Init duration for springdoc-openapi is: 626 ms
2025-03-18T14:24:32.036+05:30  INFO 21804 --- [http-nio-8080-exec-2] c.e.A.controller.AddressController       : Received request to fetch all addresses
2025-03-18T14:24:35.739+05:30  INFO 21804 --- [http-nio-8080-exec-7] c.e.A.controller.AddressController       : Received request to fetch all addresses
2025-03-18T14:24:44.875+05:30  INFO 21804 --- [http-nio-8080-exec-8] c.e.A.controller.AddressController       : Received request to create address: AddressDTO(name=Ayushi, phone= 7300939179, email=null, city=bareilly)
2025-03-18T14:24:44.876+05:30  INFO 21804 --- [http-nio-8080-exec-8] c.e.A.services.AddressServiceImpl        : Creating new address: AddressDTO(name=Ayushi, phone= 7300939179, email=null, city=bareilly)
2025-03-18T14:24:48.766+05:30  INFO 21804 --- [http-nio-8080-exec-6] c.e.A.controller.AddressController       : Received request to create address: AddressDTO(name=Ayushi, phone= 7300939179, email=null, city=bareilly)
2025-03-18T14:24:48.767+05:30  INFO 21804 --- [http-nio-8080-exec-6] c.e.A.services.AddressServiceImpl        : Creating new address: AddressDTO(name=Ayushi, phone= 7300939179, email=null, city=bareilly)
2025-03-18T14:44:49.381+05:30  INFO 21804 --- [org.springframework.amqp.rabbit.RabbitListenerEndpointContainer#0-2] o.s.a.r.l.SimpleMessageListenerContainer : Waiting for workers to finish.
2025-03-18T14:44:49.580+05:30  INFO 21804 --- [org.springframework.amqp.rabbit.RabbitListenerEndpointContainer#0-2] o.s.a.r.l.SimpleMessageListenerContainer : Successfully waited for workers to finish.
2025-03-18T14:44:49.594+05:30  INFO 21804 --- [SpringApplicationShutdownHook] o.s.b.w.e.tomcat.GracefulShutdown        : Commencing graceful shutdown. Waiting for active requests to complete
2025-03-18T14:44:49.665+05:30  INFO 21804 --- [tomcat-shutdown] o.s.b.w.e.tomcat.GracefulShutdown        : Graceful shutdown complete
2025-03-18T14:44:49.906+05:30  INFO 21804 --- [SpringApplicationShutdownHook] j.LocalContainerEntityManagerFactoryBean : Closing JPA EntityManagerFactory for persistence unit 'default'
2025-03-18T14:44:49.959+05:30  INFO 21804 --- [SpringApplicationShutdownHook] com.zaxxer.hikari.HikariDataSource       : HikariPool-1 - Shutdown initiated...
2025-03-18T14:44:49.972+05:30  INFO 21804 --- [SpringApplicationShutdownHook] com.zaxxer.hikari.HikariDataSource       : HikariPool-1 - Shutdown completed.
2025-03-18T14:44:59.338+05:30  INFO 1180 --- [restartedMain] c.e.A.AddressBookManagementApplication   : Starting AddressBookManagementApplication using Java 22 with PID 1180 (C:\Users\SHIVA SHUKLA\Desktop\SpringBoot BridgeLabz\AddressBookManagement-main\target\classes started by root in C:\Users\SHIVA SHUKLA\Desktop\SpringBoot BridgeLabz\AddressBookManagement-main)
2025-03-18T14:44:59.340+05:30 DEBUG 1180 --- [restartedMain] c.e.A.AddressBookManagementApplication   : Running with Spring Boot v3.4.3, Spring v6.2.3
2025-03-18T14:44:59.342+05:30  INFO 1180 --- [restartedMain] c.e.A.AddressBookManagementApplication   : No active profile set, falling back to 1 default profile: "default"
2025-03-18T14:44:59.434+05:30  INFO 1180 --- [restartedMain] .e.DevToolsPropertyDefaultsPostProcessor : Devtools property defaults active! Set 'spring.devtools.add-properties' to 'false' to disable
2025-03-18T14:44:59.435+05:30  INFO 1180 --- [restartedMain] .e.DevToolsPropertyDefaultsPostProcessor : For additional web related logging consider setting the 'logging.level.web' property to 'DEBUG'
2025-03-18T14:45:01.482+05:30  INFO 1180 --- [restartedMain] .s.d.r.c.RepositoryConfigurationDelegate : Multiple Spring Data modules found, entering strict repository configuration mode
2025-03-18T14:45:01.486+05:30  INFO 1180 --- [restartedMain] .s.d.r.c.RepositoryConfigurationDelegate : Bootstrapping Spring Data JPA repositories in DEFAULT mode.
2025-03-18T14:45:01.731+05:30  INFO 1180 --- [restartedMain] .s.d.r.c.RepositoryConfigurationDelegate : Finished Spring Data repository scanning in 229 ms. Found 2 JPA repository interfaces.
2025-03-18T14:45:01.762+05:30  INFO 1180 --- [restartedMain] .s.d.r.c.RepositoryConfigurationDelegate : Multiple Spring Data modules found, entering strict repository configuration mode
2025-03-18T14:45:01.764+05:30  INFO 1180 --- [restartedMain] .s.d.r.c.RepositoryConfigurationDelegate : Bootstrapping Spring Data Redis repositories in DEFAULT mode.
2025-03-18T14:45:01.788+05:30  INFO 1180 --- [restartedMain] .RepositoryConfigurationExtensionSupport : Spring Data Redis - Could not safely identify store assignment for repository candidate interface com.example.AddressBookManagement.repository.AddressRepository; If you want this repository to be a Redis repository, consider annotating your entities with one of these annotations: org.springframework.data.redis.core.RedisHash (preferred), or consider extending one of the following types with your repository: org.springframework.data.keyvalue.repository.KeyValueRepository
2025-03-18T14:45:01.790+05:30  INFO 1180 --- [restartedMain] .RepositoryConfigurationExtensionSupport : Spring Data Redis - Could not safely identify store assignment for repository candidate interface com.example.AddressBookManagement.repository.AuthUserRepository; If you want this repository to be a Redis repository, consider annotating your entities with one of these annotations: org.springframework.data.redis.core.RedisHash (preferred), or consider extending one of the following types with your repository: org.springframework.data.keyvalue.repository.KeyValueRepository
2025-03-18T14:45:01.791+05:30  INFO 1180 --- [restartedMain] .s.d.r.c.RepositoryConfigurationDelegate : Finished Spring Data repository scanning in 11 ms. Found 0 Redis repository interfaces.
2025-03-18T14:45:03.166+05:30  INFO 1180 --- [restartedMain] o.s.b.w.embedded.tomcat.TomcatWebServer  : Tomcat initialized with port 8080 (http)
2025-03-18T14:45:03.191+05:30  INFO 1180 --- [restartedMain] o.apache.catalina.core.StandardService   : Starting service [Tomcat]
2025-03-18T14:45:03.192+05:30  INFO 1180 --- [restartedMain] o.apache.catalina.core.StandardEngine    : Starting Servlet engine: [Apache Tomcat/10.1.36]
2025-03-18T14:45:03.257+05:30  INFO 1180 --- [restartedMain] o.a.c.c.C.[Tomcat].[localhost].[/]       : Initializing Spring embedded WebApplicationContext
2025-03-18T14:45:03.257+05:30  INFO 1180 --- [restartedMain] w.s.c.ServletWebServerApplicationContext : Root WebApplicationContext: initialization completed in 3821 ms
2025-03-18T14:45:04.049+05:30  INFO 1180 --- [restartedMain] o.hibernate.jpa.internal.util.LogHelper  : HHH000204: Processing PersistenceUnitInfo [name: default]
2025-03-18T14:45:04.148+05:30  INFO 1180 --- [restartedMain] org.hibernate.Version                    : HHH000412: Hibernate ORM core version 6.6.8.Final
2025-03-18T14:45:04.219+05:30  INFO 1180 --- [restartedMain] o.h.c.internal.RegionFactoryInitiator    : HHH000026: Second-level cache disabled
2025-03-18T14:45:04.847+05:30  INFO 1180 --- [restartedMain] o.s.o.j.p.SpringPersistenceUnitInfo      : No LoadTimeWeaver setup: ignoring JPA class transformer
2025-03-18T14:45:04.912+05:30  INFO 1180 --- [restartedMain] com.zaxxer.hikari.HikariDataSource       : HikariPool-1 - Starting...
2025-03-18T14:45:05.169+05:30  INFO 1180 --- [restartedMain] com.zaxxer.hikari.pool.HikariPool        : HikariPool-1 - Added connection com.mysql.cj.jdbc.ConnectionImpl@4b5de454
2025-03-18T14:45:05.171+05:30  INFO 1180 --- [restartedMain] com.zaxxer.hikari.HikariDataSource       : HikariPool-1 - Start completed.
2025-03-18T14:45:05.243+05:30  WARN 1180 --- [restartedMain] org.hibernate.orm.deprecation            : HHH90000025: MySQL8Dialect does not need to be specified explicitly using 'hibernate.dialect' (remove the property setting and it will be selected by default)
2025-03-18T14:45:05.245+05:30  WARN 1180 --- [restartedMain] org.hibernate.orm.deprecation            : HHH90000026: MySQL8Dialect has been deprecated; use org.hibernate.dialect.MySQLDialect instead
2025-03-18T14:45:05.273+05:30  INFO 1180 --- [restartedMain] org.hibernate.orm.connections.pooling    : HHH10001005: Database info:
	Database JDBC URL [Connecting through datasource 'HikariDataSource (HikariPool-1)']
	Database driver: undefined/unknown
	Database version: 8.0
	Autocommit mode: undefined/unknown
	Isolation level: undefined/unknown
	Minimum pool size: undefined/unknown
	Maximum pool size: undefined/unknown
2025-03-18T14:45:06.712+05:30  INFO 1180 --- [restartedMain] o.h.e.t.j.p.i.JtaPlatformInitiator       : HHH000489: No JTA platform available (set 'hibernate.transaction.jta.platform' to enable JTA platform integration)
2025-03-18T14:45:06.793+05:30  INFO 1180 --- [restartedMain] j.LocalContainerEntityManagerFactoryBean : Initialized JPA EntityManagerFactory for persistence unit 'default'
2025-03-18T14:45:07.352+05:30  WARN 1180 --- [restartedMain] .s.s.UserDetailsServiceAutoConfiguration : 

Using generated security password: 72a4afb9-3300-4728-816f-b0097fcad0b1

This generated password is for development use only. Your security configuration must be updated before running your application in production.

2025-03-18T14:45:07.430+05:30 DEBUG 1180 --- [restartedMain] c.e.A.security.JwtRequestFilter          : Filter 'jwtRequestFilter' configured for use
2025-03-18T14:45:08.812+05:30  WARN 1180 --- [restartedMain] JpaBaseConfiguration$JpaWebConfiguration : spring.jpa.open-in-view is enabled by default. Therefore, database queries may be performed during view rendering. Explicitly configure spring.jpa.open-in-view to disable this warning
2025-03-18T14:45:08.900+05:30  INFO 1180 --- [restartedMain] r$InitializeUserDetailsManagerConfigurer : Global AuthenticationManager configured with UserDetailsService bean with name inMemoryUserDetailsManager
2025-03-18T14:45:11.234+05:30  INFO 1180 --- [restartedMain] o.s.b.d.a.OptionalLiveReloadServer       : LiveReload server is running on port 35729
2025-03-18T14:45:11.390+05:30  INFO 1180 --- [restartedMain] o.s.b.w.embedded.tomcat.TomcatWebServer  : Tomcat started on port 8080 (http) with context path '/'
2025-03-18T14:45:11.398+05:30  INFO 1180 --- [restartedMain] o.s.a.r.c.CachingConnectionFactory       : Attempting to connect to: [localhost:5672]
2025-03-18T14:45:11.569+05:30  INFO 1180 --- [restartedMain] o.s.a.r.c.CachingConnectionFactory       : Created new connection: rabbitConnectionFactory#2dd36af8:0/SimpleConnection@1d2aaaa9 [delegate=amqp://guest@127.0.0.1:5672/, localPort=59651]
2025-03-18T14:45:11.799+05:30  INFO 1180 --- [restartedMain] c.e.A.AddressBookManagementApplication   : Started AddressBookManagementApplication in 13.448 seconds (process running for 14.363)
2025-03-18T14:45:55.287+05:30  INFO 1180 --- [http-nio-8080-exec-2] o.a.c.c.C.[Tomcat].[localhost].[/]       : Initializing Spring DispatcherServlet 'dispatcherServlet'
2025-03-18T14:45:55.288+05:30  INFO 1180 --- [http-nio-8080-exec-2] o.s.web.servlet.DispatcherServlet        : Initializing Servlet 'dispatcherServlet'
2025-03-18T14:45:55.295+05:30  INFO 1180 --- [http-nio-8080-exec-2] o.s.web.servlet.DispatcherServlet        : Completed initialization in 7 ms
2025-03-18T14:45:56.637+05:30 ERROR 1180 --- [http-nio-8080-exec-2] o.a.c.c.C.[.[.[/].[dispatcherServlet]    : Servlet.service() for servlet [dispatcherServlet] in context with path [] threw exception [Request processing failed: jakarta.validation.ConstraintViolationException: Validation failed for classes [com.example.AddressBookManagement.model.AuthUser] during persist time for groups [jakarta.validation.groups.Default, ]
List of constraint violations:[
	ConstraintViolationImpl{interpolatedMessage='First letter must be uppercase', propertyPath=firstName, rootBeanClass=class com.example.AddressBookManagement.model.AuthUser, messageTemplate='First letter must be uppercase'}
	ConstraintViolationImpl{interpolatedMessage='First letter must be uppercase', propertyPath=lastName, rootBeanClass=class com.example.AddressBookManagement.model.AuthUser, messageTemplate='First letter must be uppercase'}
]] with root cause

jakarta.validation.ConstraintViolationException: Validation failed for classes [com.example.AddressBookManagement.model.AuthUser] during persist time for groups [jakarta.validation.groups.Default, ]
List of constraint violations:[
	ConstraintViolationImpl{interpolatedMessage='First letter must be uppercase', propertyPath=firstName, rootBeanClass=class com.example.AddressBookManagement.model.AuthUser, messageTemplate='First letter must be uppercase'}
	ConstraintViolationImpl{interpolatedMessage='First letter must be uppercase', propertyPath=lastName, rootBeanClass=class com.example.AddressBookManagement.model.AuthUser, messageTemplate='First letter must be uppercase'}
]
	at org.hibernate.boot.beanvalidation.BeanValidationEventListener.validate(BeanValidationEventListener.java:161) ~[hibernate-core-6.6.8.Final.jar:6.6.8.Final]
	at org.hibernate.boot.beanvalidation.BeanValidationEventListener.onPreInsert(BeanValidationEventListener.java:84) ~[hibernate-core-6.6.8.Final.jar:6.6.8.Final]
	at org.hibernate.action.internal.EntityIdentityInsertAction.preInsert(EntityIdentityInsertAction.java:201) ~[hibernate-core-6.6.8.Final.jar:6.6.8.Final]
	at org.hibernate.action.internal.EntityIdentityInsertAction.execute(EntityIdentityInsertAction.java:79) ~[hibernate-core-6.6.8.Final.jar:6.6.8.Final]
	at org.hibernate.engine.spi.ActionQueue.execute(ActionQueue.java:682) ~[hibernate-core-6.6.8.Final.jar:6.6.8.Final]
	at org.hibernate.engine.spi.ActionQueue.addResolvedEntityInsertAction(ActionQueue.java:293) ~[hibernate-core-6.6.8.Final.jar:6.6.8.Final]
	at org.hibernate.engine.spi.ActionQueue.addInsertAction(ActionQueue.java:274) ~[hibernate-core-6.6.8.Final.jar:6.6.8.Final]
	at org.hibernate.engine.spi.ActionQueue.addAction(ActionQueue.java:324) ~[hibernate-core-6.6.8.Final.jar:6.6.8.Final]
	at org.hibernate.event.internal.AbstractSaveEventListener.addInsertAction(AbstractSaveEventListener.java:393) ~[hibernate-core-6.6.8.Final.jar:6.6.8.Final]
	at org.hibernate.event.internal.AbstractSaveEventListener.performSaveOrReplicate(AbstractSaveEventListener.java:307) ~[hibernate-core-6.6.8.Final.jar:6.6.8.Final]
	at org.hibernate.event.internal.AbstractSaveEventListener.performSave(AbstractSaveEventListener.java:223) ~[hibernate-core-6.6.8.Final.jar:6.6.8.Final]
	at org.hibernate.event.internal.AbstractSaveEventListener.saveWithGeneratedId(AbstractSaveEventListener.java:136) ~[hibernate-core-6.6.8.Final.jar:6.6.8.Final]
	at org.hibernate.event.internal.DefaultPersistEventListener.entityIsTransient(DefaultPersistEventListener.java:177) ~[hibernate-core-6.6.8.Final.jar:6.6.8.Final]
	at org.hibernate.event.internal.DefaultPersistEventListener.persist(DefaultPersistEventListener.java:95) ~[hibernate-core-6.6.8.Final.jar:6.6.8.Final]
	at org.hibernate.event.internal.DefaultPersistEventListener.onPersist(DefaultPersistEventListener.java:79) ~[hibernate-core-6.6.8.Final.jar:6.6.8.Final]
	at org.hibernate.event.internal.DefaultPersistEventListener.onPersist(DefaultPersistEventListener.java:55) ~[hibernate-core-6.6.8.Final.jar:6.6.8.Final]
	at org.hibernate.event.service.internal.EventListenerGroupImpl.fireEventOnEachListener(EventListenerGroupImpl.java:127) ~[hibernate-core-6.6.8.Final.jar:6.6.8.Final]
	at org.hibernate.internal.SessionImpl.firePersist(SessionImpl.java:761) ~[hibernate-core-6.6.8.Final.jar:6.6.8.Final]
	at org.hibernate.internal.SessionImpl.persist(SessionImpl.java:745) ~[hibernate-core-6.6.8.Final.jar:6.6.8.Final]
	at java.base/jdk.internal.reflect.DirectMethodHandleAccessor.invoke(DirectMethodHandleAccessor.java:103) ~[na:na]
	at java.base/java.lang.reflect.Method.invoke(Method.java:580) ~[na:na]
	at org.springframework.orm.jpa.ExtendedEntityManagerCreator$ExtendedEntityManagerInvocationHandler.invoke(ExtendedEntityManagerCreator.java:364) ~[spring-orm-6.2.3.jar:6.2.3]
	at jdk.proxy4/jdk.proxy4.$Proxy136.persist(Unknown Source) ~[na:na]
	at java.base/jdk.internal.reflect.DirectMethodHandleAccessor.invoke(DirectMethodHandleAccessor.java:103) ~[na:na]
	at java.base/java.lang.reflect.Method.invoke(Method.java:580) ~[na:na]
	at org.springframework.orm.jpa.SharedEntityManagerCreator$SharedEntityManagerInvocationHandler.invoke(SharedEntityManagerCreator.java:320) ~[spring-orm-6.2.3.jar:6.2.3]
	at jdk.proxy4/jdk.proxy4.$Proxy136.persist(Unknown Source) ~[na:na]
	at org.springframework.data.jpa.repository.support.SimpleJpaRepository.save(SimpleJpaRepository.java:636) ~[spring-data-jpa-3.4.3.jar:3.4.3]
	at java.base/jdk.internal.reflect.DirectMethodHandleAccessor.invoke(DirectMethodHandleAccessor.java:103) ~[na:na]
	at java.base/java.lang.reflect.Method.invoke(Method.java:580) ~[na:na]
	at org.springframework.aop.support.AopUtils.invokeJoinpointUsingReflection(AopUtils.java:359) ~[spring-aop-6.2.3.jar:6.2.3]
	at org.springframework.data.repository.core.support.RepositoryMethodInvoker$RepositoryFragmentMethodInvoker.lambda$new$0(RepositoryMethodInvoker.java:277) ~[spring-data-commons-3.4.3.jar:3.4.3]
	at org.springframework.data.repository.core.support.RepositoryMethodInvoker.doInvoke(RepositoryMethodInvoker.java:170) ~[spring-data-commons-3.4.3.jar:3.4.3]
	at org.springframework.data.repository.core.support.RepositoryMethodInvoker.invoke(RepositoryMethodInvoker.java:158) ~[spring-data-commons-3.4.3.jar:3.4.3]
	at org.springframework.data.repository.core.support.RepositoryComposition$RepositoryFragments.invoke(RepositoryComposition.java:515) ~[spring-data-commons-3.4.3.jar:3.4.3]
	at org.springframework.data.repository.core.support.RepositoryComposition.invoke(RepositoryComposition.java:284) ~[spring-data-commons-3.4.3.jar:3.4.3]
	at org.springframework.data.repository.core.support.RepositoryFactorySupport$ImplementationMethodExecutionInterceptor.invoke(RepositoryFactorySupport.java:752) ~[spring-data-commons-3.4.3.jar:3.4.3]
	at org.springframework.aop.framework.ReflectiveMethodInvocation.proceed(ReflectiveMethodInvocation.java:184) ~[spring-aop-6.2.3.jar:6.2.3]
	at org.springframework.data.repository.core.support.QueryExecutorMethodInterceptor.doInvoke(QueryExecutorMethodInterceptor.java:174) ~[spring-data-commons-3.4.3.jar:3.4.3]
	at org.springframework.data.repository.core.support.QueryExecutorMethodInterceptor.invoke(QueryExecutorMethodInterceptor.java:149) ~[spring-data-commons-3.4.3.jar:3.4.3]
	at org.springframework.aop.framework.ReflectiveMethodInvocation.proceed(ReflectiveMethodInvocation.java:184) ~[spring-aop-6.2.3.jar:6.2.3]
	at org.springframework.data.projection.DefaultMethodInvokingMethodInterceptor.invoke(DefaultMethodInvokingMethodInterceptor.java:69) ~[spring-data-commons-3.4.3.jar:3.4.3]
	at org.springframework.aop.framework.ReflectiveMethodInvocation.proceed(ReflectiveMethodInvocation.java:184) ~[spring-aop-6.2.3.jar:6.2.3]
	at org.springframework.transaction.interceptor.TransactionAspectSupport.invokeWithinTransaction(TransactionAspectSupport.java:380) ~[spring-tx-6.2.3.jar:6.2.3]
	at org.springframework.transaction.interceptor.TransactionInterceptor.invoke(TransactionInterceptor.java:119) ~[spring-tx-6.2.3.jar:6.2.3]
	at org.springframework.aop.framework.ReflectiveMethodInvocation.proceed(ReflectiveMethodInvocation.java:184) ~[spring-aop-6.2.3.jar:6.2.3]
	at org.springframework.dao.support.PersistenceExceptionTranslationInterceptor.invoke(PersistenceExceptionTranslationInterceptor.java:138) ~[spring-tx-6.2.3.jar:6.2.3]
	at org.springframework.aop.framework.ReflectiveMethodInvocation.proceed(ReflectiveMethodInvocation.java:184) ~[spring-aop-6.2.3.jar:6.2.3]
	at org.springframework.data.jpa.repository.support.CrudMethodMetadataPostProcessor$CrudMethodMetadataPopulatingMethodInterceptor.invoke(CrudMethodMetadataPostProcessor.java:165) ~[spring-data-jpa-3.4.3.jar:3.4.3]
	at org.springframework.aop.framework.ReflectiveMethodInvocation.proceed(ReflectiveMethodInvocation.java:184) ~[spring-aop-6.2.3.jar:6.2.3]
	at org.springframework.aop.framework.JdkDynamicAopProxy.invoke(JdkDynamicAopProxy.java:223) ~[spring-aop-6.2.3.jar:6.2.3]
	at jdk.proxy4/jdk.proxy4.$Proxy140.save(Unknown Source) ~[na:na]
	at com.example.AddressBookManagement.services.AuthUserService.registerUser(AuthUserService.java:47) ~[classes/:na]
	at java.base/jdk.internal.reflect.DirectMethodHandleAccessor.invoke(DirectMethodHandleAccessor.java:103) ~[na:na]
	at java.base/java.lang.reflect.Method.invoke(Method.java:580) ~[na:na]
	at org.springframework.aop.support.AopUtils.invokeJoinpointUsingReflection(AopUtils.java:359) ~[spring-aop-6.2.3.jar:6.2.3]
	at org.springframework.aop.framework.ReflectiveMethodInvocation.invokeJoinpoint(ReflectiveMethodInvocation.java:196) ~[spring-aop-6.2.3.jar:6.2.3]
	at org.springframework.aop.framework.ReflectiveMethodInvocation.proceed(ReflectiveMethodInvocation.java:163) ~[spring-aop-6.2.3.jar:6.2.3]
	at org.springframework.transaction.interceptor.TransactionAspectSupport.invokeWithinTransaction(TransactionAspectSupport.java:380) ~[spring-tx-6.2.3.jar:6.2.3]
	at org.springframework.transaction.interceptor.TransactionInterceptor.invoke(TransactionInterceptor.java:119) ~[spring-tx-6.2.3.jar:6.2.3]
	at org.springframework.aop.framework.ReflectiveMethodInvocation.proceed(ReflectiveMethodInvocation.java:184) ~[spring-aop-6.2.3.jar:6.2.3]
	at org.springframework.aop.framework.CglibAopProxy$DynamicAdvisedInterceptor.intercept(CglibAopProxy.java:727) ~[spring-aop-6.2.3.jar:6.2.3]
	at com.example.AddressBookManagement.services.AuthUserService$$SpringCGLIB$$0.registerUser(<generated>) ~[classes/:na]
	at com.example.AddressBookManagement.controller.AuthUserController.registerUser(AuthUserController.java:24) ~[classes/:na]
	at java.base/jdk.internal.reflect.DirectMethodHandleAccessor.invoke(DirectMethodHandleAccessor.java:103) ~[na:na]
	at java.base/java.lang.reflect.Method.invoke(Method.java:580) ~[na:na]
	at org.springframework.web.method.support.InvocableHandlerMethod.doInvoke(InvocableHandlerMethod.java:257) ~[spring-web-6.2.3.jar:6.2.3]
	at org.springframework.web.method.support.InvocableHandlerMethod.invokeForRequest(InvocableHandlerMethod.java:190) ~[spring-web-6.2.3.jar:6.2.3]
	at org.springframework.web.servlet.mvc.method.annotation.ServletInvocableHandlerMethod.invokeAndHandle(ServletInvocableHandlerMethod.java:118) ~[spring-webmvc-6.2.3.jar:6.2.3]
	at org.springframework.web.servlet.mvc.method.annotation.RequestMappingHandlerAdapter.invokeHandlerMethod(RequestMappingHandlerAdapter.java:986) ~[spring-webmvc-6.2.3.jar:6.2.3]
	at org.springframework.web.servlet.mvc.method.annotation.RequestMappingHandlerAdapter.handleInternal(RequestMappingHandlerAdapter.java:891) ~[spring-webmvc-6.2.3.jar:6.2.3]
	at org.springframework.web.servlet.mvc.method.AbstractHandlerMethodAdapter.handle(AbstractHandlerMethodAdapter.java:87) ~[spring-webmvc-6.2.3.jar:6.2.3]
	at org.springframework.web.servlet.DispatcherServlet.doDispatch(DispatcherServlet.java:1088) ~[spring-webmvc-6.2.3.jar:6.2.3]
	at org.springframework.web.servlet.DispatcherServlet.doService(DispatcherServlet.java:978) ~[spring-webmvc-6.2.3.jar:6.2.3]
	at org.springframework.web.servlet.FrameworkServlet.processRequest(FrameworkServlet.java:1014) ~[spring-webmvc-6.2.3.jar:6.2.3]
	at org.springframework.web.servlet.FrameworkServlet.doPost(FrameworkServlet.java:914) ~[spring-webmvc-6.2.3.jar:6.2.3]
	at jakarta.servlet.http.HttpServlet.service(HttpServlet.java:590) ~[tomcat-embed-core-10.1.36.jar:6.0]
	at org.springframework.web.servlet.FrameworkServlet.service(FrameworkServlet.java:885) ~[spring-webmvc-6.2.3.jar:6.2.3]
	at jakarta.servlet.http.HttpServlet.service(HttpServlet.java:658) ~[tomcat-embed-core-10.1.36.jar:6.0]
	at org.apache.catalina.core.ApplicationFilterChain.internalDoFilter(ApplicationFilterChain.java:195) ~[tomcat-embed-core-10.1.36.jar:10.1.36]
	at org.apache.catalina.core.ApplicationFilterChain.doFilter(ApplicationFilterChain.java:140) ~[tomcat-embed-core-10.1.36.jar:10.1.36]
	at org.apache.tomcat.websocket.server.WsFilter.doFilter(WsFilter.java:51) ~[tomcat-embed-websocket-10.1.36.jar:10.1.36]
	at org.apache.catalina.core.ApplicationFilterChain.internalDoFilter(ApplicationFilterChain.java:164) ~[tomcat-embed-core-10.1.36.jar:10.1.36]
	at org.apache.catalina.core.ApplicationFilterChain.doFilter(ApplicationFilterChain.java:140) ~[tomcat-embed-core-10.1.36.jar:10.1.36]
	at com.example.AddressBookManagement.security.JwtRequestFilter.doFilterInternal(JwtRequestFilter.java:70) ~[classes/:na]
	at org.springframework.web.filter.OncePerRequestFilter.doFilter(OncePerRequestFilter.java:116) ~[spring-web-6.2.3.jar:6.2.3]
	at org.apache.catalina.core.ApplicationFilterChain.internalDoFilter(ApplicationFilterChain.java:164) ~[tomcat-embed-core-10.1.36.jar:10.1.36]
	at org.apache.catalina.core.ApplicationFilterChain.doFilter(ApplicationFilterChain.java:140) ~[tomcat-embed-core-10.1.36.jar:10.1.36]
	at org.springframework.web.filter.CompositeFilter$VirtualFilterChain.doFilter(CompositeFilter.java:108) ~[spring-web-6.2.3.jar:6.2.3]
	at org.springframework.security.web.FilterChainProxy.lambda$doFilterInternal$3(FilterChainProxy.java:231) ~[spring-security-web-6.4.3.jar:6.4.3]
	at org.springframework.security.web.FilterChainProxy$VirtualFilterChain.doFilter(FilterChainProxy.java:365) ~[spring-security-web-6.4.3.jar:6.4.3]
	at org.springframework.security.web.access.intercept.AuthorizationFilter.doFilter(AuthorizationFilter.java:101) ~[spring-security-web-6.4.3.jar:6.4.3]
	at org.springframework.security.web.FilterChainProxy$VirtualFilterChain.doFilter(FilterChainProxy.java:374) ~[spring-security-web-6.4.3.jar:6.4.3]
	at org.springframework.security.web.access.ExceptionTranslationFilter.doFilter(ExceptionTranslationFilter.java:126) ~[spring-security-web-6.4.3.jar:6.4.3]
	at org.springframework.security.web.access.ExceptionTranslationFilter.doFilter(ExceptionTranslationFilter.java:120) ~[spring-security-web-6.4.3.jar:6.4.3]
	at org.springframework.security.web.FilterChainProxy$VirtualFilterChain.doFilter(FilterChainProxy.java:374) ~[spring-security-web-6.4.3.jar:6.4.3]
	at org.springframework.security.web.authentication.AnonymousAuthenticationFilter.doFilter(AnonymousAuthenticationFilter.java:100) ~[spring-security-web-6.4.3.jar:6.4.3]
	at org.springframework.security.web.FilterChainProxy$VirtualFilterChain.doFilter(FilterChainProxy.java:374) ~[spring-security-web-6.4.3.jar:6.4.3]
	at org.springframework.security.web.servletapi.SecurityContextHolderAwareRequestFilter.doFilter(SecurityContextHolderAwareRequestFilter.java:179) ~[spring-security-web-6.4.3.jar:6.4.3]
	at org.springframework.security.web.FilterChainProxy$VirtualFilterChain.doFilter(FilterChainProxy.java:374) ~[spring-security-web-6.4.3.jar:6.4.3]
	at org.springframework.security.web.savedrequest.RequestCacheAwareFilter.doFilter(RequestCacheAwareFilter.java:63) ~[spring-security-web-6.4.3.jar:6.4.3]
	at org.springframework.security.web.FilterChainProxy$VirtualFilterChain.doFilter(FilterChainProxy.java:374) ~[spring-security-web-6.4.3.jar:6.4.3]
	at org.springframework.security.web.authentication.logout.LogoutFilter.doFilter(LogoutFilter.java:107) ~[spring-security-web-6.4.3.jar:6.4.3]
	at org.springframework.security.web.authentication.logout.LogoutFilter.doFilter(LogoutFilter.java:93) ~[spring-security-web-6.4.3.jar:6.4.3]
	at org.springframework.security.web.FilterChainProxy$VirtualFilterChain.doFilter(FilterChainProxy.java:374) ~[spring-security-web-6.4.3.jar:6.4.3]
	at org.springframework.security.web.header.HeaderWriterFilter.doHeadersAfter(HeaderWriterFilter.java:90) ~[spring-security-web-6.4.3.jar:6.4.3]
	at org.springframework.security.web.header.HeaderWriterFilter.doFilterInternal(HeaderWriterFilter.java:75) ~[spring-security-web-6.4.3.jar:6.4.3]
	at org.springframework.web.filter.OncePerRequestFilter.doFilter(OncePerRequestFilter.java:116) ~[spring-web-6.2.3.jar:6.2.3]
	at org.springframework.security.web.FilterChainProxy$VirtualFilterChain.doFilter(FilterChainProxy.java:374) ~[spring-security-web-6.4.3.jar:6.4.3]
	at org.springframework.security.web.context.SecurityContextHolderFilter.doFilter(SecurityContextHolderFilter.java:82) ~[spring-security-web-6.4.3.jar:6.4.3]
	at org.springframework.security.web.context.SecurityContextHolderFilter.doFilter(SecurityContextHolderFilter.java:69) ~[spring-security-web-6.4.3.jar:6.4.3]
	at org.springframework.security.web.FilterChainProxy$VirtualFilterChain.doFilter(FilterChainProxy.java:374) ~[spring-security-web-6.4.3.jar:6.4.3]
	at org.springframework.security.web.context.request.async.WebAsyncManagerIntegrationFilter.doFilterInternal(WebAsyncManagerIntegrationFilter.java:62) ~[spring-security-web-6.4.3.jar:6.4.3]
	at org.springframework.web.filter.OncePerRequestFilter.doFilter(OncePerRequestFilter.java:116) ~[spring-web-6.2.3.jar:6.2.3]
	at org.springframework.security.web.FilterChainProxy$VirtualFilterChain.doFilter(FilterChainProxy.java:374) ~[spring-security-web-6.4.3.jar:6.4.3]
	at org.springframework.security.web.session.DisableEncodeUrlFilter.doFilterInternal(DisableEncodeUrlFilter.java:42) ~[spring-security-web-6.4.3.jar:6.4.3]
	at org.springframework.web.filter.OncePerRequestFilter.doFilter(OncePerRequestFilter.java:116) ~[spring-web-6.2.3.jar:6.2.3]
	at org.springframework.security.web.FilterChainProxy$VirtualFilterChain.doFilter(FilterChainProxy.java:374) ~[spring-security-web-6.4.3.jar:6.4.3]
	at org.springframework.security.web.FilterChainProxy.doFilterInternal(FilterChainProxy.java:233) ~[spring-security-web-6.4.3.jar:6.4.3]
	at org.springframework.security.web.FilterChainProxy.doFilter(FilterChainProxy.java:191) ~[spring-security-web-6.4.3.jar:6.4.3]
	at org.springframework.web.filter.CompositeFilter$VirtualFilterChain.doFilter(CompositeFilter.java:113) ~[spring-web-6.2.3.jar:6.2.3]
	at org.springframework.web.servlet.handler.HandlerMappingIntrospector.lambda$createCacheFilter$3(HandlerMappingIntrospector.java:243) ~[spring-webmvc-6.2.3.jar:6.2.3]
	at org.springframework.web.filter.CompositeFilter$VirtualFilterChain.doFilter(CompositeFilter.java:113) ~[spring-web-6.2.3.jar:6.2.3]
	at org.springframework.web.filter.CompositeFilter.doFilter(CompositeFilter.java:74) ~[spring-web-6.2.3.jar:6.2.3]
	at org.springframework.security.config.annotation.web.configuration.WebMvcSecurityConfiguration$CompositeFilterChainProxy.doFilter(WebMvcSecurityConfiguration.java:238) ~[spring-security-config-6.4.3.jar:6.4.3]
	at org.springframework.web.filter.DelegatingFilterProxy.invokeDelegate(DelegatingFilterProxy.java:362) ~[spring-web-6.2.3.jar:6.2.3]
	at org.springframework.web.filter.DelegatingFilterProxy.doFilter(DelegatingFilterProxy.java:278) ~[spring-web-6.2.3.jar:6.2.3]
	at org.apache.catalina.core.ApplicationFilterChain.internalDoFilter(ApplicationFilterChain.java:164) ~[tomcat-embed-core-10.1.36.jar:10.1.36]
	at org.apache.catalina.core.ApplicationFilterChain.doFilter(ApplicationFilterChain.java:140) ~[tomcat-embed-core-10.1.36.jar:10.1.36]
	at org.springframework.web.filter.RequestContextFilter.doFilterInternal(RequestContextFilter.java:100) ~[spring-web-6.2.3.jar:6.2.3]
	at org.springframework.web.filter.OncePerRequestFilter.doFilter(OncePerRequestFilter.java:116) ~[spring-web-6.2.3.jar:6.2.3]
	at org.apache.catalina.core.ApplicationFilterChain.internalDoFilter(ApplicationFilterChain.java:164) ~[tomcat-embed-core-10.1.36.jar:10.1.36]
	at org.apache.catalina.core.ApplicationFilterChain.doFilter(ApplicationFilterChain.java:140) ~[tomcat-embed-core-10.1.36.jar:10.1.36]
	at org.springframework.web.filter.FormContentFilter.doFilterInternal(FormContentFilter.java:93) ~[spring-web-6.2.3.jar:6.2.3]
	at org.springframework.web.filter.OncePerRequestFilter.doFilter(OncePerRequestFilter.java:116) ~[spring-web-6.2.3.jar:6.2.3]
	at org.apache.catalina.core.ApplicationFilterChain.internalDoFilter(ApplicationFilterChain.java:164) ~[tomcat-embed-core-10.1.36.jar:10.1.36]
	at org.apache.catalina.core.ApplicationFilterChain.doFilter(ApplicationFilterChain.java:140) ~[tomcat-embed-core-10.1.36.jar:10.1.36]
	at org.springframework.web.filter.CharacterEncodingFilter.doFilterInternal(CharacterEncodingFilter.java:201) ~[spring-web-6.2.3.jar:6.2.3]
	at org.springframework.web.filter.OncePerRequestFilter.doFilter(OncePerRequestFilter.java:116) ~[spring-web-6.2.3.jar:6.2.3]
	at org.apache.catalina.core.ApplicationFilterChain.internalDoFilter(ApplicationFilterChain.java:164) ~[tomcat-embed-core-10.1.36.jar:10.1.36]
	at org.apache.catalina.core.ApplicationFilterChain.doFilter(ApplicationFilterChain.java:140) ~[tomcat-embed-core-10.1.36.jar:10.1.36]
	at org.apache.catalina.core.StandardWrapperValve.invoke(StandardWrapperValve.java:167) ~[tomcat-embed-core-10.1.36.jar:10.1.36]
	at org.apache.catalina.core.StandardContextValve.invoke(StandardContextValve.java:90) ~[tomcat-embed-core-10.1.36.jar:10.1.36]
	at org.apache.catalina.authenticator.AuthenticatorBase.invoke(AuthenticatorBase.java:483) ~[tomcat-embed-core-10.1.36.jar:10.1.36]
	at org.apache.catalina.core.StandardHostValve.invoke(StandardHostValve.java:115) ~[tomcat-embed-core-10.1.36.jar:10.1.36]
	at org.apache.catalina.valves.ErrorReportValve.invoke(ErrorReportValve.java:93) ~[tomcat-embed-core-10.1.36.jar:10.1.36]
	at org.apache.catalina.core.StandardEngineValve.invoke(StandardEngineValve.java:74) ~[tomcat-embed-core-10.1.36.jar:10.1.36]
	at org.apache.catalina.connector.CoyoteAdapter.service(CoyoteAdapter.java:344) ~[tomcat-embed-core-10.1.36.jar:10.1.36]
	at org.apache.coyote.http11.Http11Processor.service(Http11Processor.java:397) ~[tomcat-embed-core-10.1.36.jar:10.1.36]
	at org.apache.coyote.AbstractProcessorLight.process(AbstractProcessorLight.java:63) ~[tomcat-embed-core-10.1.36.jar:10.1.36]
	at org.apache.coyote.AbstractProtocol$ConnectionHandler.process(AbstractProtocol.java:905) ~[tomcat-embed-core-10.1.36.jar:10.1.36]
	at org.apache.tomcat.util.net.NioEndpoint$SocketProcessor.doRun(NioEndpoint.java:1743) ~[tomcat-embed-core-10.1.36.jar:10.1.36]
	at org.apache.tomcat.util.net.SocketProcessorBase.run(SocketProcessorBase.java:52) ~[tomcat-embed-core-10.1.36.jar:10.1.36]
	at org.apache.tomcat.util.threads.ThreadPoolExecutor.runWorker(ThreadPoolExecutor.java:1190) ~[tomcat-embed-core-10.1.36.jar:10.1.36]
	at org.apache.tomcat.util.threads.ThreadPoolExecutor$Worker.run(ThreadPoolExecutor.java:659) ~[tomcat-embed-core-10.1.36.jar:10.1.36]
	at org.apache.tomcat.util.threads.TaskThread$WrappingRunnable.run(TaskThread.java:63) ~[tomcat-embed-core-10.1.36.jar:10.1.36]
	at java.base/java.lang.Thread.run(Thread.java:1570) ~[na:na]

2025-03-18T14:47:38.914+05:30  INFO 1180 --- [http-nio-8080-exec-6] c.e.A.controller.AddressController       : Received request to fetch all addresses
2025-03-18T14:51:52.315+05:30 ERROR 1180 --- [http-nio-8080-exec-9] o.a.c.c.C.[.[.[/].[dispatcherServlet]    : Servlet.service() for servlet [dispatcherServlet] in context with path [] threw exception

io.jsonwebtoken.ExpiredJwtException: JWT expired at 2025-03-18T09:18:13Z. Current time: 2025-03-18T09:21:52Z, a difference of 219312 milliseconds.  Allowed clock skew: 0 milliseconds.
	at io.jsonwebtoken.impl.DefaultJwtParser.parse(DefaultJwtParser.java:427) ~[jjwt-impl-0.11.5.jar:0.11.5]
	at io.jsonwebtoken.impl.DefaultJwtParser.parse(DefaultJwtParser.java:529) ~[jjwt-impl-0.11.5.jar:0.11.5]
	at io.jsonwebtoken.impl.DefaultJwtParser.parseClaimsJws(DefaultJwtParser.java:589) ~[jjwt-impl-0.11.5.jar:0.11.5]
	at io.jsonwebtoken.impl.ImmutableJwtParser.parseClaimsJws(ImmutableJwtParser.java:173) ~[jjwt-impl-0.11.5.jar:0.11.5]
	at com.example.AddressBookManagement.Utils.JwtUtil.extractEmail(JwtUtil.java:37) ~[classes/:na]
	at com.example.AddressBookManagement.security.JwtRequestFilter.doFilterInternal(JwtRequestFilter.java:44) ~[classes/:na]
	at org.springframework.web.filter.OncePerRequestFilter.doFilter(OncePerRequestFilter.java:116) ~[spring-web-6.2.3.jar:6.2.3]
	at org.apache.catalina.core.ApplicationFilterChain.internalDoFilter(ApplicationFilterChain.java:164) ~[tomcat-embed-core-10.1.36.jar:10.1.36]
	at org.apache.catalina.core.ApplicationFilterChain.doFilter(ApplicationFilterChain.java:140) ~[tomcat-embed-core-10.1.36.jar:10.1.36]
	at org.springframework.web.filter.CompositeFilter$VirtualFilterChain.doFilter(CompositeFilter.java:108) ~[spring-web-6.2.3.jar:6.2.3]
	at org.springframework.security.web.FilterChainProxy.lambda$doFilterInternal$3(FilterChainProxy.java:231) ~[spring-security-web-6.4.3.jar:6.4.3]
	at org.springframework.security.web.FilterChainProxy$VirtualFilterChain.doFilter(FilterChainProxy.java:365) ~[spring-security-web-6.4.3.jar:6.4.3]
	at org.springframework.security.web.access.intercept.AuthorizationFilter.doFilter(AuthorizationFilter.java:101) ~[spring-security-web-6.4.3.jar:6.4.3]
	at org.springframework.security.web.FilterChainProxy$VirtualFilterChain.doFilter(FilterChainProxy.java:374) ~[spring-security-web-6.4.3.jar:6.4.3]
	at org.springframework.security.web.access.ExceptionTranslationFilter.doFilter(ExceptionTranslationFilter.java:126) ~[spring-security-web-6.4.3.jar:6.4.3]
	at org.springframework.security.web.access.ExceptionTranslationFilter.doFilter(ExceptionTranslationFilter.java:120) ~[spring-security-web-6.4.3.jar:6.4.3]
	at org.springframework.security.web.FilterChainProxy$VirtualFilterChain.doFilter(FilterChainProxy.java:374) ~[spring-security-web-6.4.3.jar:6.4.3]
	at org.springframework.security.web.authentication.AnonymousAuthenticationFilter.doFilter(AnonymousAuthenticationFilter.java:100) ~[spring-security-web-6.4.3.jar:6.4.3]
	at org.springframework.security.web.FilterChainProxy$VirtualFilterChain.doFilter(FilterChainProxy.java:374) ~[spring-security-web-6.4.3.jar:6.4.3]
	at org.springframework.security.web.servletapi.SecurityContextHolderAwareRequestFilter.doFilter(SecurityContextHolderAwareRequestFilter.java:179) ~[spring-security-web-6.4.3.jar:6.4.3]
	at org.springframework.security.web.FilterChainProxy$VirtualFilterChain.doFilter(FilterChainProxy.java:374) ~[spring-security-web-6.4.3.jar:6.4.3]
	at org.springframework.security.web.savedrequest.RequestCacheAwareFilter.doFilter(RequestCacheAwareFilter.java:63) ~[spring-security-web-6.4.3.jar:6.4.3]
	at org.springframework.security.web.FilterChainProxy$VirtualFilterChain.doFilter(FilterChainProxy.java:374) ~[spring-security-web-6.4.3.jar:6.4.3]
	at org.springframework.security.web.authentication.logout.LogoutFilter.doFilter(LogoutFilter.java:107) ~[spring-security-web-6.4.3.jar:6.4.3]
	at org.springframework.security.web.authentication.logout.LogoutFilter.doFilter(LogoutFilter.java:93) ~[spring-security-web-6.4.3.jar:6.4.3]
	at org.springframework.security.web.FilterChainProxy$VirtualFilterChain.doFilter(FilterChainProxy.java:374) ~[spring-security-web-6.4.3.jar:6.4.3]
	at org.springframework.security.web.header.HeaderWriterFilter.doHeadersAfter(HeaderWriterFilter.java:90) ~[spring-security-web-6.4.3.jar:6.4.3]
	at org.springframework.security.web.header.HeaderWriterFilter.doFilterInternal(HeaderWriterFilter.java:75) ~[spring-security-web-6.4.3.jar:6.4.3]
	at org.springframework.web.filter.OncePerRequestFilter.doFilter(OncePerRequestFilter.java:116) ~[spring-web-6.2.3.jar:6.2.3]
	at org.springframework.security.web.FilterChainProxy$VirtualFilterChain.doFilter(FilterChainProxy.java:374) ~[spring-security-web-6.4.3.jar:6.4.3]
	at org.springframework.security.web.context.SecurityContextHolderFilter.doFilter(SecurityContextHolderFilter.java:82) ~[spring-security-web-6.4.3.jar:6.4.3]
	at org.springframework.security.web.context.SecurityContextHolderFilter.doFilter(SecurityContextHolderFilter.java:69) ~[spring-security-web-6.4.3.jar:6.4.3]
	at org.springframework.security.web.FilterChainProxy$VirtualFilterChain.doFilter(FilterChainProxy.java:374) ~[spring-security-web-6.4.3.jar:6.4.3]
	at org.springframework.security.web.context.request.async.WebAsyncManagerIntegrationFilter.doFilterInternal(WebAsyncManagerIntegrationFilter.java:62) ~[spring-security-web-6.4.3.jar:6.4.3]
	at org.springframework.web.filter.OncePerRequestFilter.doFilter(OncePerRequestFilter.java:116) ~[spring-web-6.2.3.jar:6.2.3]
	at org.springframework.security.web.FilterChainProxy$VirtualFilterChain.doFilter(FilterChainProxy.java:374) ~[spring-security-web-6.4.3.jar:6.4.3]
	at org.springframework.security.web.session.DisableEncodeUrlFilter.doFilterInternal(DisableEncodeUrlFilter.java:42) ~[spring-security-web-6.4.3.jar:6.4.3]
	at org.springframework.web.filter.OncePerRequestFilter.doFilter(OncePerRequestFilter.java:116) ~[spring-web-6.2.3.jar:6.2.3]
	at org.springframework.security.web.FilterChainProxy$VirtualFilterChain.doFilter(FilterChainProxy.java:374) ~[spring-security-web-6.4.3.jar:6.4.3]
	at org.springframework.security.web.FilterChainProxy.doFilterInternal(FilterChainProxy.java:233) ~[spring-security-web-6.4.3.jar:6.4.3]
	at org.springframework.security.web.FilterChainProxy.doFilter(FilterChainProxy.java:191) ~[spring-security-web-6.4.3.jar:6.4.3]
	at org.springframework.web.filter.CompositeFilter$VirtualFilterChain.doFilter(CompositeFilter.java:113) ~[spring-web-6.2.3.jar:6.2.3]
	at org.springframework.web.servlet.handler.HandlerMappingIntrospector.lambda$createCacheFilter$3(HandlerMappingIntrospector.java:243) ~[spring-webmvc-6.2.3.jar:6.2.3]
	at org.springframework.web.filter.CompositeFilter$VirtualFilterChain.doFilter(CompositeFilter.java:113) ~[spring-web-6.2.3.jar:6.2.3]
	at org.springframework.web.filter.CompositeFilter.doFilter(CompositeFilter.java:74) ~[spring-web-6.2.3.jar:6.2.3]
	at org.springframework.security.config.annotation.web.configuration.WebMvcSecurityConfiguration$CompositeFilterChainProxy.doFilter(WebMvcSecurityConfiguration.java:238) ~[spring-security-config-6.4.3.jar:6.4.3]
	at org.springframework.web.filter.DelegatingFilterProxy.invokeDelegate(DelegatingFilterProxy.java:362) ~[spring-web-6.2.3.jar:6.2.3]
	at org.springframework.web.filter.DelegatingFilterProxy.doFilter(DelegatingFilterProxy.java:278) ~[spring-web-6.2.3.jar:6.2.3]
	at org.apache.catalina.core.ApplicationFilterChain.internalDoFilter(ApplicationFilterChain.java:164) ~[tomcat-embed-core-10.1.36.jar:10.1.36]
	at org.apache.catalina.core.ApplicationFilterChain.doFilter(ApplicationFilterChain.java:140) ~[tomcat-embed-core-10.1.36.jar:10.1.36]
	at org.springframework.web.filter.RequestContextFilter.doFilterInternal(RequestContextFilter.java:100) ~[spring-web-6.2.3.jar:6.2.3]
	at org.springframework.web.filter.OncePerRequestFilter.doFilter(OncePerRequestFilter.java:116) ~[spring-web-6.2.3.jar:6.2.3]
	at org.apache.catalina.core.ApplicationFilterChain.internalDoFilter(ApplicationFilterChain.java:164) ~[tomcat-embed-core-10.1.36.jar:10.1.36]
	at org.apache.catalina.core.ApplicationFilterChain.doFilter(ApplicationFilterChain.java:140) ~[tomcat-embed-core-10.1.36.jar:10.1.36]
	at org.springframework.web.filter.FormContentFilter.doFilterInternal(FormContentFilter.java:93) ~[spring-web-6.2.3.jar:6.2.3]
	at org.springframework.web.filter.OncePerRequestFilter.doFilter(OncePerRequestFilter.java:116) ~[spring-web-6.2.3.jar:6.2.3]
	at org.apache.catalina.core.ApplicationFilterChain.internalDoFilter(ApplicationFilterChain.java:164) ~[tomcat-embed-core-10.1.36.jar:10.1.36]
	at org.apache.catalina.core.ApplicationFilterChain.doFilter(ApplicationFilterChain.java:140) ~[tomcat-embed-core-10.1.36.jar:10.1.36]
	at org.springframework.web.filter.CharacterEncodingFilter.doFilterInternal(CharacterEncodingFilter.java:201) ~[spring-web-6.2.3.jar:6.2.3]
	at org.springframework.web.filter.OncePerRequestFilter.doFilter(OncePerRequestFilter.java:116) ~[spring-web-6.2.3.jar:6.2.3]
	at org.apache.catalina.core.ApplicationFilterChain.internalDoFilter(ApplicationFilterChain.java:164) ~[tomcat-embed-core-10.1.36.jar:10.1.36]
	at org.apache.catalina.core.ApplicationFilterChain.doFilter(ApplicationFilterChain.java:140) ~[tomcat-embed-core-10.1.36.jar:10.1.36]
	at org.apache.catalina.core.StandardWrapperValve.invoke(StandardWrapperValve.java:167) ~[tomcat-embed-core-10.1.36.jar:10.1.36]
	at org.apache.catalina.core.StandardContextValve.invoke(StandardContextValve.java:90) ~[tomcat-embed-core-10.1.36.jar:10.1.36]
	at org.apache.catalina.authenticator.AuthenticatorBase.invoke(AuthenticatorBase.java:483) ~[tomcat-embed-core-10.1.36.jar:10.1.36]
	at org.apache.catalina.core.StandardHostValve.invoke(StandardHostValve.java:115) ~[tomcat-embed-core-10.1.36.jar:10.1.36]
	at org.apache.catalina.valves.ErrorReportValve.invoke(ErrorReportValve.java:93) ~[tomcat-embed-core-10.1.36.jar:10.1.36]
	at org.apache.catalina.core.StandardEngineValve.invoke(StandardEngineValve.java:74) ~[tomcat-embed-core-10.1.36.jar:10.1.36]
	at org.apache.catalina.connector.CoyoteAdapter.service(CoyoteAdapter.java:344) ~[tomcat-embed-core-10.1.36.jar:10.1.36]
	at org.apache.coyote.http11.Http11Processor.service(Http11Processor.java:397) ~[tomcat-embed-core-10.1.36.jar:10.1.36]
	at org.apache.coyote.AbstractProcessorLight.process(AbstractProcessorLight.java:63) ~[tomcat-embed-core-10.1.36.jar:10.1.36]
	at org.apache.coyote.AbstractProtocol$ConnectionHandler.process(AbstractProtocol.java:905) ~[tomcat-embed-core-10.1.36.jar:10.1.36]
	at org.apache.tomcat.util.net.NioEndpoint$SocketProcessor.doRun(NioEndpoint.java:1743) ~[tomcat-embed-core-10.1.36.jar:10.1.36]
	at org.apache.tomcat.util.net.SocketProcessorBase.run(SocketProcessorBase.java:52) ~[tomcat-embed-core-10.1.36.jar:10.1.36]
	at org.apache.tomcat.util.threads.ThreadPoolExecutor.runWorker(ThreadPoolExecutor.java:1190) ~[tomcat-embed-core-10.1.36.jar:10.1.36]
	at org.apache.tomcat.util.threads.ThreadPoolExecutor$Worker.run(ThreadPoolExecutor.java:659) ~[tomcat-embed-core-10.1.36.jar:10.1.36]
	at org.apache.tomcat.util.threads.TaskThread$WrappingRunnable.run(TaskThread.java:63) ~[tomcat-embed-core-10.1.36.jar:10.1.36]
	at java.base/java.lang.Thread.run(Thread.java:1570) ~[na:na]

2025-03-18T15:05:05.908+05:30  INFO 1180 --- [org.springframework.amqp.rabbit.RabbitListenerEndpointContainer#0-2] o.s.a.r.l.SimpleMessageListenerContainer : Waiting for workers to finish.
2025-03-18T15:05:06.490+05:30  INFO 1180 --- [org.springframework.amqp.rabbit.RabbitListenerEndpointContainer#0-2] o.s.a.r.l.SimpleMessageListenerContainer : Successfully waited for workers to finish.
2025-03-18T15:05:06.531+05:30  INFO 1180 --- [SpringApplicationShutdownHook] o.s.b.w.e.tomcat.GracefulShutdown        : Commencing graceful shutdown. Waiting for active requests to complete
2025-03-18T15:05:06.589+05:30  INFO 1180 --- [tomcat-shutdown] o.s.b.w.e.tomcat.GracefulShutdown        : Graceful shutdown complete
2025-03-18T15:05:06.763+05:30  INFO 1180 --- [SpringApplicationShutdownHook] j.LocalContainerEntityManagerFactoryBean : Closing JPA EntityManagerFactory for persistence unit 'default'
2025-03-18T15:05:06.829+05:30  INFO 1180 --- [SpringApplicationShutdownHook] com.zaxxer.hikari.HikariDataSource       : HikariPool-1 - Shutdown initiated...
2025-03-18T15:05:06.889+05:30  INFO 1180 --- [SpringApplicationShutdownHook] com.zaxxer.hikari.HikariDataSource       : HikariPool-1 - Shutdown completed.
